publication_number,title,abstract,publication_date,assignee,inventor,cpc_code
US-2024415804-A1,Method of treating pancreatic cancer,"A novel method of treating cancer is presented. API transcriptionally regulates SHIP-1 expression via the suppression of miRNA-155, impacting anti-tumor immune responses in the bone marrow (BM) and TME of mice with PC. The inventors discovered that API reduced miRNA-155 in the PC milieu, which induced SHIP-1 expression. This promoted the restoration of myelopoiesis and increased anti-tumor immune responses in the TME of heterotopic, orthotopic and transgenic SHIP-1 knockout preclinical mouse models of PC. The results suggest that manipulating SHIP-1 through miR-155 can assist in augmenting anti-tumor immune responses and aid in the therapeutic intervention of PC. Further, administration of both API and an miR-155 inhibitor were found to act synergistically to treat pancreatic cancer.",20241219,UNIV SOUTH FLORIDA,GHANSAH TOMAR,G01N33/57525
US-2023355112-A1,Methods for monitoring blood pressure of a person that utilizes velocity and pulse wave signal information,"Methods for monitoring blood pressure of a person are disclosed. In an embodiment, a method involves receiving velocity data that is generated from electromagnetic energy that has reflected from below the skin surface of a person, receiving pulse wave data that is generated from electromagnetic energy that has reflected from below the skin surface of a person, applying the velocity data and the pulse wave data to a machine learning engine that includes a trained model, and outputting from the machine learning engine an indication of the blood pressure of the person in response to the velocity data and the pulse wave data.",20231109,MOVANO INC,LEABMAN MICHAEL A,A61B5/02125
US-2023381468-A1,Inflatable balloon over catheter with bypass passageway,"A medical device that delivers therapeutic agent to the tissue within the bodily passageway while simultaneously permitting flow of bodily fluids past the location of treatment. The medical device includes an inflatable balloon and optionally one or more balloon wall openings that are configured to allow fluid in the interior of the inflatable balloon to flow through the inflatable balloon when the inflatable balloon is pressurized by the fluid in the interior of the inflatable balloon. During the inflation of the inflatable balloon at the treatment site, the flow of blood through the blood vessel is maintained across the treatment site by use of one or more bypass passageways in the medical device.",20231130,PATEL UDAYAN,PATEL UDAYAN,A61M25/1002
US-11129561-B2,"Modular device and method for analog electroencephalography synchronization with oscillating electrical light-related events, and motor behaviors","This invention relates to a device that is intended to synchronize electroencephalograms (EEGs), recorded by any digital equipment, to physical events (sensorial, visual or auditory stimuli) and behavioral events (motor response, vocal response), in order to allow EEG signal mediation for the purpose of visualizing Evoked Potentials or Event-Related Potentials, which are important research subjects in the neurosciences and clinical investigations into neurological and psychiatric pathologies. This invention allows any digital EEG device to be transformed into equipment that can record Evoked Potentials. This invention also provides a method for analog synchronization of EEGs with oscillating electric light-related events and motor behaviors.",20210928,FUND OSWALDO CRUZ FIOCRUZ,ABRAMOV DIMITRI MARQUES,A61B5/377
US-11246923-B2,Process for producing an allergen extract,"The present invention discloses processes for producing native, depigmented and polymerised allergen extracts. The invention further discloses extracts produced via the processes, and pharmaceutical and vaccine compositions comprising the extracts, for diagnosis and treatment of allergy.",20220215,LABORATORIOS LETI S L UNIPERSONAL,SANCHEZ JERONIMO CARNES,A61K39/35
US-2020237262-A1,Activity recognition,"A variety of techniques are used automate the collection and classification of workout data gathered by a wearable physiological monitor. The classification process is staged in order to correctly and efficiently characterize a workout type. Initially, a generalized workout event is detected using motion and heart rate data. Then a location of the monitor on a user is determined. An artificial intelligence engine can then be conditionally applied (if a workout is occurring and a suitable device location is detected) to identify the type of workout. In addition to improved speed and accuracy, a workout detection process implemented in this manner can be realized with a sufficiently small computational footprint for deployment on a wearable physiological monitor.",20200730,WHOOP INC,TODD BRIAN ANTHONY,G06N3/045
US-2020364624-A1,Privacy Preserving Artificial Intelligence System For Dental Data From Disparate Sources,"Dental images are processed according to a first machine learning model to determine teeth labels. The teeth labels and image are processed using a second machine learning model to label anatomy. The anatomy labels, teeth labels, and image are processed using a third machine learning model to obtain feature measurements, such as pocket depth and clinical attachment level. The feature measurements, labels, and image may be input to a fourth machine learning model to obtain a diagnosis for a periodontal condition. Machine learning models may further be used to reorient, decontaminate, and restore the image prior to processing. A machine learning model may be made resistant to deception by images including added adversarial noise. Institutions with separate data stores may train static models that are combined and the combination is then trained by the institutions along with a combined moving model that is passed among the institutions.",20201119,Retrace Labs,KEARNEY VASANT,G06T7/0014
US-2021042458-A1,Predictive Modeling Platform for Serial Casting to Correct Orthopedic Deformities,"A system and method are provided herein for modelling of force vectors for a cast to correct orthopedic deformities receives an image of the deformity, determines a deviation between a three-dimensional stereo-typical anatomical alignment and the three-dimensional model of the deformity, generates a next intermediate anatomical alignment in a series of intermediate anatomical alignments for correcting the deviation based on a machine learning model trained on a plurality of prior patient data, simulates a plurality of trial force vectors for a next cast to correct the deformity to the next intermediate anatomical alignment, wherein the simulation produces a projected anatomical alignment post-treatment with the next cast on the deformity using finite element analysis for each of the trial force vectors, and identifies a next force vector from the plurality of trial force vectors that minimizes the difference between the projected anatomical alignment and the next intermediate anatomical alignment.",20210211,BABYSTEPS ORTHOPEDICS INC,DAYAL ANURADHA,G06F30/27
US-2023177687-A1,Automatically determining a brock score,"Disclosed is a system and a method for determining a brock score. A CT scan image may be resampled into a plurality of slices using a bilinear interpolation. A nodule may be detected on one or more of the plurality of slices. A region of interest associated with the nodule may be identified using an image processing technique. Further, a nodule segmentation may be performed to remove an area surrounding the region of interest. Subsequently, a plurality of characteristics associated with the nodule may be identified automatically using a deep learning model. Finally, a brock score for the patient may be determined based on the plurality of characteristics and demographic data of the patient.",20230608,QURE AI TECH PRIVATE LIMITED,WARIER PRASHANT,G06T2207/30096
US-2020187779-A1,"Multi-biometric-factor, internet of things (iot), secured network","A method for authenticating to a network comprising a plurality of Internet of Things (“IoT”) devices is provided. The method may include using a mobile telephone apparatus, a wrist-worn apparatus and a head-worn apparatus to monitor the level of at least one of a wearer&#39;s pulse, body temperature, voice, gait and/or other biorhythmic indicator. One of the aforementioned apparatus may operate as a hub apparatus. The method may further include using the hub apparatus to assign a federated biometric marker based at least in part on the first, second and third biometric markers. The method may also include using artificial intelligence to monitor for one or more outliers with respect to historical monitoring. Each of the one or more outliers may include a magnitude that exceeds a security threshold difference between the current magnitude and the historically monitored magnitude. When the difference in magnitude exceeds a security threshold difference between the current magnitude and the historically monitored magnitude the method may quarantine apparatus associated with the outlier.",20200618,BANK OF AMERICA,LAWRENCE PATRICK NICHOLAS,A61B5/6824
US-2020352543-A1,System and method for fusing three dimensional image data from a plurality of different imaging systems for use in diagnostic imaging,"A multi-modality cancer screening and diagnosis system is provided that allows cancer screening and diagnosis of a patient using at least two different and sequential three-dimensional imaging techniques without patient repositioning. The system includes a first three-dimensional image acquisition device, a second three-dimensional image acquisition device having a probe with a transmitter mounted thereon, and a positioning paddle for positioning and immobilizing an object to be imaged during the cancer screening and diagnosis procedure. The positioning paddle is designed to facilitate visualization of the breast in both three-dimensional modalities without movement of the patient, and preferably is designed to position the patient with comfort during a diagnosis procedure which uses both imaging modalities.",20201112,HOLOGIC INC,DEFREITAS KENNETH F,A61B6/566
US-2020359932-A1,Magnetic field distortion detection and correction in a magnetic localization system,"Various embodiments of the present disclosure identify and correct for magnetic field distortions within a magnetic field for localization of a medical device within a patient. Such magnetic field distortions, often associated with the intrusion of a metallic object into the magnetic field, may cause an unacceptable level of localization error which aspects of the present disclosure correct for.",20201119,ST JUDE MEDICAL INT HOLDING SARL,OLSON ERIC S,A61B34/20
US-2021030928-A1,Cross-linked fatty acid-based biomaterials,"Fatty acid-based, pre-cure-derived biomaterials, methods of making the biomaterials, and methods of using them as drug delivery carriers are described. The fatty acid-derived biomaterials can be utilized alone or in combination with a medical device for the release and local delivery of one or more therapeutic agents. Methods of forming and tailoring the properties of said biomaterials and methods of using said biomaterials for treating injury in a mammal are also provided.",20210204,ATRIUM MEDICAL CORP,FAUCHER KEITH M,A61L31/16
US-12029591-B2,Titration assist management dashboard,"Systems and methods of managing a plurality of patients undergoing titration using a management device. The method includes receiving, via a processor of a management device, a plurality of patient information from the plurality of patients, evaluating, via the processor of the management device, each patient based on patient information, determining, via the processor of the management device, a status of each patient, where the status is based on a progression of the titration based on titration assist parameters and determining, via the processor of the management device, a priority of each patient based on patient status. In some embodiments the method includes sorting that patients based on user input. In some embodiments, the plurality of patient information is received via remote communication with at least one of a programming device, an implantable medical device, or a home management device.",20240709,LIVANOVA USA INC,STUBBS SCOTT,G16H20/30
US-2024325195-A1,Cryotherapeutic treatment devices,"A medical device including a proximal end portion and a distal end portion opposite the proximal end portion. An elongate shaft is disposed between the proximal and distal end portions and defines a lumen therebetween. The distal end portion includes a plurality of tubes extending from a distal end of the elongate shaft, the plurality of tubes defining a fluid pathway therein in communication with the lumen for circulation of cryogenic fluid, the plurality of tubes having a common exhaust lumen in fluid communication with the lumen.",20241003,MEDTRONIC IRELAND MFG UNLIMITED COMPANY,LIMA CARLOS H,A61F2007/126
US-2024398255-A1,Exhaled gas measurement compensation during high flow respiratory therapy,"The present disclosure relates to determining a corrected exhaled gas measurement during high flow respiratory therapy. Measuring exhaled gas concentration during high flow respiratory therapy is difficult and inaccurate due to a phenomenon known as flushing. The high flows delivered to the patient flush the dead space in the conducting airways, which causes a dilution effect that results in underestimated or overestimated exhaled gas measurement depending on the gas composition delivered by the high flow system. This can lead to incorrect clinical measurements and diagnoses. Various algorithms are disclosed herein to account for the dilution effect caused by flushing, allowing for the method of measuring gas concentrations to still be used accurately for clinical measurements.",20241205,FISHER & PAYKEL HEALTHCARE LTD,EVANS ALICIA JERRAM HUNTER,A61M2230/432
US-2022285026-A1,Applying non-real time and non-user attended algorithms to the stored non-imaging data and existing imaging data to obtain a dental diagnosis,"The present invention is a method of making a diagnosis of a dental condition of a patient which includes the steps of collecting non-imaging data relating to the patient, storing the non-imaging data in a storage medium containing stored non-imaging data and existing imaging data for this patient and for a plurality of other patients and applying non-real time and non-user attended algorithms to the stored non-imaging data and the existing imaging data of this patient and other patients. The algorithms determine the diagnosis of the dental condition of the patient. The diagnosis either is complete or determines what new dental imaging data for the patient is required to be acquired to diagnose the dental condition of the patient. The non-imaging data includes non-clinical data and non-dental clinical data.",20220908,GOLAY DOUGLAS A,GOLAY DOUGLAS A,G06N5/041
US-2022288406-A1,Method and device for preventing or treating cataract,"A medical device according to the present invention is a medical device that includes an ion generating unit configured to generate a positive ion and a negative ion by discharge, and that prevents or treats a cataract by delivering the positive ion and the negative ion to a surface of an eye.",20220915,SHARP KK,YAMAMOTO SATOHIKO,A61F9/0008
US-2022400686-A1,Compositions and methods for on-demand release of antimicrobial agents,"The invention provides novel compounds and polymers, degradable hydrogel compositions, medical devices and implants, as well as methods thereof, that allow on-demand release and controlled delivery of antimicrobial agents.",20221222,UNIV MASSACHUSETTS,SONG JIE,A61K47/58
US-2022414181-A1,Method and device for translating between stochastic signals,"A source stochastic signal is deconstructed into its intrinsic components using a decomposition process. The intrinsic components are transformed, and a set of machine learning models are defined and trained to operate with individual ones of the transformed components. The source stochastic signal is thus empirically broken down into underlying components which are then used as learning datasets for the set of machine learning models to predict target components. The target components are then individually predicted and combined to reconstruct a predicted target stochastic signal. The source stochastic signal and the target stochastic signals can be biological signals having a related or common origin, such as photoplethysmogram signals and arterial blood pressure waveforms.",20221229,ANALOG DEVICES INTERNATIONAL UNLIMITED CO,BOLGER EOIN SEAMUS,G06N3/08
US-2023340605-A1,"Biomarkers predicting clinical response of a vegf-a inhibitory drug in cancer patients, method for their selection and use","The present disclosure relates to biomarkers for predicting clinical response of a VEGF-A (vascular endothelial growth factor A) inhibitory drug in cancer therapy. In particular, the disclosure provides a multi-gene expression signature score named ViRP (VEGF inhibitory Response Predictor) able to predict response to a VEGF-A inhibitory drug in a patient being diagnosed with a solid cancerous tumor.",20231026,UNIV OSLO HF,MÆLANDSMO GUNHILD M,G01N33/57515
US-2021403594-A1,"Epcam antibodies, activatable antibodies, and immunoconjugates, and uses thereof","The disclosure generally relates to antibodies and antibody fragments that specifically bind human EpCAM, EpCAM activatable antibodies, and immunoconjugates thereof, as well as, methods of making and using the antibodies, antibody fragments, activatable antibodies, and immunoconjugates, for the diagnosis and treatment of diseases such as cancer.",20211230,IMMUNOGEN INC,LIU YIMAO,A61K47/68035
US-2022327707-A1,"Program, information processing method, and information processing device","A program causes a computer to execute processing including: acquiring an endoscope image captured by an endoscope; inputting the acquired endoscope image into a plurality of learning models learned so as to output diagnosis support information regarding a lesion included in the endoscope image; acquiring a plurality of pieces of diagnosis support information output from each of the learning models; and outputting a plurality of pieces of the acquired diagnosis support information and information regarding each of the learning models in association with each other. Alternatively, the program causes the computer to execute the processing of inputting the acquired endoscope image into one learning model, executing a plurality of determination logics to acquire a plurality of pieces of output diagnosis support information, and outputting a plurality of pieces of the acquired diagnosis support information and information regarding each of the learning models in association with each other is executed.",20221013,HOYA CORP,NISHIDE AKIHIKO,G16H50/20
US-2023135995-A1,Multi-slice mri data processing using deep learning techniques,"Disclosed herein are systems, methods, and instrumentalities associated with reconstructing magnetic resonance (MR) images based on multi-slice, under-sampled MRI data (e.g., k-space data). The multi-slice MRI data may be acquired using a simultaneous multi-slice (SMS) technique and MRI information associated with multiple MRI slices may be entangled in the multi-slice MRI data. A neural network may be trained and used to disentangle the MRI information and reconstruct MRI images for the different slices. A data consistency component may be used to estimate k-space data based on estimates made by the neural network, from which respective MRI images associated with multiple MRI slices may be obtained by applying a Fourier transform to the k-space data.",20230504,SHANGHAI UNITED IMAGING INTELLIGENCE CO LTD,CHEN XIAO,G06T12/30
US-2023285111-A1,Validation of decontamination procedures for a medical device,"Disclosed is a method for validating a decontamination procedure performed on a medical device using a decontamination system. The method comprises capturing a video stream of a work area in which the decontamination procedure is carried out by a user, analysing the video stream to identify one or more decontamination events in the video stream that correspond with the decontamination procedure being correctly performed on the medical device, the decontamination event or at least one of the decontamination events comprising applying a decontaminating composition of the decontamination system to the medical device using a wipe, determining, based on the or each identified decontamination event, if the decontamination procedure has been completed, and upon determining that the decontamination procedure has been completed, causing a corresponding indication to be provided to the user. The method may include alerting the user to potential errors and/or logging data to provide an audit trail.",20230914,TRISTEL PLC,BRAND THOMAS,A61L2/28
US-2023390555-A1,Medical device for providing relief in fascia-related muscle pain and stiffness,"A medical device for providing relief in unhealthy fascia-related medical conditions, such as pain and stiffness. The apparatus includes a handpiece and a probe for applying a combination of bipolar radiofrequency energy and pressure to the affected area. The device also includes a heating plate for heating the affected area to further enhance the efficiency of the medical device.",20231207,STAVALE JESSICA,STAVALE JESSICA,A61N1/36021
US-2024041536-A1,Affected region display associated with a medical device,A system and method for providing image guidance for placement of one or more medical devices at a target location. The system can be used to determine one or more affected regions corresponding to the operation of one or more medical devices and display at least a portion of the one or more affected regions. The affected regions can correspond to predicted affected regions and/or dynamic affected regions and can be based at least in part on a variance parameter of the medical device.,20240208,INNEROPTIC TECH INC,STATE ANDREI,A61B34/20
US-12161426-B2,"Artificial intelligence coregistration and marker detection, including machine learning and using results thereof","One or more devices, systems, methods, and storage mediums using artificial intelligence application(s) using an apparatus or system that uses and/or controls one or more imaging modalities, such as, but not limited to, angiography, Optical Coherence Tomography (OCT), Multi-modality OCT, near-infrared fluorescence (NIRAF), OCT-NIRAF, etc. are provided herein. Examples of AI applications discussed herein, include, but are not limited to, using one or more of: AI coregistration, AI marker detection, deep or machine learning, computer vision or image recognition task(s), keypoint detection, feature extraction, model training, input data preparation techniques, input mapping to the model, post-processing, and/or interpretation of output data, one or more types of machine learning models (including, but not limited to, segmentation, regression, combining or repeating regression and/or segmentation), marker detection success rates, and/or co-registration success rates to improve or optimize marker detection and/or co-registration.",20241210,CANON USA INC,KUNIO MIE,G06T2207/30204
US-2023053003-A1,Metal alloys for medical devices,"A medical device and a method and process for at least partially forming a medical device, which medical device has improved physical properties.",20230216,MIRUS LLC,ROTH NOAH,C22C27/04
US-2023075408-A1,Methods and systems for interactively counseling a user with respect to supervised content,"The present disclosure is directed to interactively counseling a user with respect to supervised content. In particular, the methods and systems of the present disclosure may: determine, based at least in part on one or more machine learning (ML) models, that one or more interfaces displayed to a user include content of a content type designated by a content supervisor of the user for identification; and, responsive to determining that the interface(s) displayed to the user include content of the content type designated for identification, generate data representing a graphical user interface (GUI) for presentation to the user, the GUI indicating detection of the content of the content type and comprising interactive educational material counseling the user with respect to the content type.",20230309,Safe Kids LLC,VALLIANI ABBAS,G16H40/67
US-2023278969-A1,"Certain (2s)-n-[(1s)-1-cyano-2-phenylethyl]-1,4-oxazepane-2-carboxamides as dipeptidyl peptidase 1 inhibitors","The present disclosure relates to certain (2S)-N-[(1S)-1-cyano-2-phenylethyl]-1,4-oxazepane-2-carboxamide compounds (including pharmaceutically acceptable salts thereof),that inhibit dipeptidyl peptidase 1 (DPP1) activity, to their utility in treating and/or preventing clinical conditions including respiratory diseases, such as asthma and chronic obstructive pulmonary disease (COPD), to their use in therapy, to pharmaceutical compositions containing them and to processes for preparing such compounds.",20230907,ASTRAZENECA AB,LÖNN Hans Roland,C07D267/10
US-2023301542-A1,Brain atlas individualization method and system based on magnetic resonance and twin graph neural network,"The present disclosure discloses a brain atlas individualization method and system based on magnetic resonance and a twin graph neural network. Firstly, a feature is extracted from resting-state functional magnetic resonance imaging (rs-fMRI) by utilizing functional connectivity based on a region-of-interest, and at the same time, Fisher transformation and exponential transformation are performed on the feature; secondly, a corresponding adjacent matrix is extracted from T1-weighted magnetic resonance data in a data set; and then the twin graph neural network is designed for training and testing with the transformed feature and the adjacent matrix as inputs and a group atlas label and a sampling mask as outputs.",20230928,Zhejiang Lab,ZHANG YU,G06N3/042
US-2023363721-A1,Apparatuses and systems for artifact reduction in electrodermal activity,"Methods, systems, non-transitory computer-readable media, and apparatuses are described for predicting a health condition of a subject. An apparatus may be configured to receive a physiological signal associated with the subject. The physiological signal may include artifacts. A modified physiological signal may be generated based on an application of a machine learning model to the physiological signal. The modified physiological signal may include the physiological signal with a reduction of the artifacts. A physiological measurement may be determined based on the modified physiological signal. The health condition may be determined based on a change in the physiological measurement satisfying a threshold. The apparatus may cause an output of an indication associated with the health condition.",20231116,UNIV CONNECTICUT,CHON KI,A61B5/7282
US-2022235343-A1,Novel adp-ribosyl cyclase and inhibitor thereof,"The present disclosure relates to a pharmaceutical composition containing an inhibitor against the expression or activation of a novel ADP-ribosyl cyclase or a naturally occurring variant thereof as an active ingredient for preventing or treating an ADP-ribosyl cyclase-mediated disease. In addition, the present disclosure relates to a composition for diagnosis of an ADP-ribosyl cyclase-mediated disease, the composition containing an agent for measuring a gene expression level or protein level of the ADP-ribosyl cyclase or a naturally occurring variant thereof. The composition of the present disclosure has the effect of inhibiting calcium increase in kidney cells, which is attributed to angiotensin II-induced ADP-ribosyl cyclase expression or activation, and as such can be advantageously used as a therapeutic agent for an ADP-ribosyl cyclase-mediated disease, particularly a renal disease.",20220728,NAT UNIV CHONBUK IND COOP FOUND,KIM UH-HYUN,C12Q2600/156
US-2022249122-A1,"Drive shaft design, conditioning and stabilization methods for rotational medical devices","A flexible drive shaft assembly is provided for an intravascular medical device, for example and without limitation, a blood pump, a rotational atherectomy device, or a rotational thrombectomy device. The blood pump embodiment provides an electric motor and a rotational impeller, with a rotational drive shaft disposed therebetween and configured to rotationally drive the impeller. The drive shaft is moved from an undeformed length to a deformed length when connected between the electric motor and the rotational impeller to provide a biasing force on the rotational impeller in the proximal direction to maintain the impeller in a desired axial or linear location. In other embodiments, drive shaft comprises a proximal section with a length and a spring constant and a distal section of relatively longer length and a relatively higher spring constant. In other embodiments, hypotube(s) and/or support mandrel(s) may be provided.",20220811,CARDIVASCULAR SYSTEMS,HASELMAN BENJAMIN D,A61M60/13
US-2022387158-A1,Methods and systems for vaginal therapeutic device fitting,"A variety of medical and non-medical devices are exploited by users to address a wide range of conditions. However, in the vast majority of instances the device has a limited number of options with respect to its fit for the user and its performance. Further, the determination of target performance and fit are established on a qualitative basis rather than a quantitative basis. In many instances these combinations lead to low user acceptance of the device due to the resulting performance and fit issues. Accordingly, it would enhance performance and user acceptance if a quantitative determination provided a recommended type where options exist, and this determination provided the basis of a custom designed device to the user&#39;s specific anatomical and/or performance requirements.",20221208,SHAM DEREK,SHAM DEREK,G16H20/30
US-2023233348-A1,Implantable medical device detachment system with flexible braid section,"The disclosed technology includes a detachment system for delivering an implantable medical device to a target location of a body vessel including a proximal delivery tube, a distal delivery tube, and a braid segment disposed between. The distal tube includes a proximal end, a distal end, and a compressible portion of the tube itself, between the proximal and distal ends which is axially movable from a compressed to an elongated condition. The proximal tube has a proximal end and a distal end. The braid segment is formed from a plurality of wires. An engagement system engages and deploys the implantable medical device engaged at the distal end of the distal tube.",20230727,DEPUY SYNTHES PRODUCTS INC,CLINGER MELISSA,A61F2002/9534
US-2023265183-A1,Antibody against nectin-4 and application thereof,"Provided is an antibody molecule that binds to human Nectin-4 or a fragment thereof. The antibody is obtained by means of hybridoma screening and humanization techniques, and is used for the prevention or treatment of a cancer, and may be used as a clinical lead drug molecule.",20230824,MABWELL SHANGHAI BIOSCIENCE CO LTD,REN HONGYUAN,G01N33/5759
US-2024307682-A1,Implantable medical device lead with shocking electrode,A lead of an implantable medical device (IMD) includes a shocking electrode configured to deliver high-voltage shocks for defibrillation therapy. The shocking electrode includes a base structure that has an oblong cross-sectional shape with a first side and a second side that is opposite the first side. The base structure has a set of grooves defined along the first side. The grooves in the set are configured to receive a cable assembly that is placed into the grooves in a side-loading direction.,20240919,PACESETTER INC,BORNZIN GENE A,A61N1/3752
US-2022338833-A1,Guiding instrument insertion,"A method and apparatus for identifying blood vessels in ultrasound images and displaying blood vessels in ultrasound images are described. In some embodiments, the method is implemented by a computing device and includes receiving an ultrasound image that includes one or more blood vessels, and determining, with a neural network implemented at least partially in hardware of the computing device, diameters of the one or more blood vessels in the ultrasound image. The method includes receiving a user selection of an instrument size, and indicating, in the ultrasound image, at least one blood vessel of the one or more blood vessels based on the instrument size and the diameters of the one or more blood vessels.",20221027,FUJIFILM SONOSITE INC,DHATT DAVINDER S,G06N3/045
US-2022378571-A1,Stent Graft,"The present invention belongs to the field of medical devices, and specifically relates to a stent-graft. The stent-graft has a proximal greater curvature side and a proximal lesser curvature side. The stent-graft includes a stent body, an inner cover membrane disposed on the inner side of the stent body, and an outer cover membrane disposed on the outer side of the stent body. The stent body includes a plurality of wave rings axially arranged at intervals. Alternatively arranged crests and troughs are formed on the wave rings. The outer cover membrane is provided with a first opening, and the first opening exposes at least one trough located at or nearer to the proximal greater curvature side. According to the stent-graft of the embodiments of the present invention, the exposed trough can easily hang on a vessel wall, and thereby achieving the function of preventing the stent-graft from shifting. The crests and troughs located at the proximal lesser curvature side of the stent-graft remain covered by the outer cover membrane. Therefore, the stack state of the cover membrane and the wave ring in a stent lumen is in the blood flow direction, thereby reducing the risk of thrombosis.",20221201,SHENZHEN LIFETECH ENDOVASCULAR MEDICAL CO LTD,XIAO BENHAO,A61F2250/0037
US-2023106018-A1,"Systems, devices, methods, and computer-readable media for analysis of bodily fluids and methods for its use in clinical decision-making","Systems, devices, methods, and computer-readable media may use broad-range spectrophotometric analysis and/or other sensors to generate data from bodily fluids accessed via a fluid drain. These data may be utilized to analyze therapeutic efficacy, to enable early detection of complications, and to guide the clinical management of patients being treated with a fluid drain. Advantageously, these systems, devices, methods, and computer-readable media enable clinical patient care decisions to be performed in a manner that is data-driven or quantitative in nature as opposed to qualitative—e.g., via well-defined, algorithmic-based processes and/or reliable methods. As a result, these systems, devices, methods, and computer-readable media enable improved clinical outcomes, more efficiently optimized medical care, and cost savings.",20230406,JPAV LLC,AMADIO JORDAN PAUL,B01L2400/082
US-2023301642-A1,Introducer sheath assembly for catheter systems and methods of using same,"A catheter system includes a catheter, an introducer sheath, and a tubular plug. The catheter comprises an elongate body having an expandable medical device coupled with a distal end thereof. The introducer sheath comprises an elongate body defining a lumen therein. The introducer sheath is disposed over the catheter to form a gap therebetween. The tubular plug comprises an elongate body and extends through the lumen of the introducer sheath. The tubular plug is disposed between the catheter and the introducer sheath to occlude the gap. Further, the tubular plug is releasably fixed relative to the introducer sheath such that the tubular plug is removable from the lumen to allow the expandable medical device to pass therethrough.",20230928,TC1 LLC,MULLER PAUL,A61B17/00234
US-2024245321-A1,Gait Analysis Device and Method for Providing Service Based on Gait Analysis,"The present disclosure proposes a specific technical solution that realizes an environment in which quantitative/objective gait analysis results can be obtained in the form of lifelog data without the need for complex and expensive equipment, thereby enabling the provision of various services (e.g., disease diagnosis services, home training services, content-linked services, and the like) based on gait analysis results, such as enabling disease prediction in the concept of precision medicine.",20240725,CHO HYUN SANG,CHO HYUN-SANG,A63B2220/833
US-2024260983-A1,"Systems, Apparatus and Methods for Removing Occlusions from a Vascular Vessel","A medical device for removal of an occlusion at an occlusion formation site in a vessel in a patient&#39;s body. The retrieval device having a retriever sub-system and an aspiration sub-system. The retriever sub-system having a delivery catheter and an elongated delivery member that includes proximal and distal expandable elements, the proximal element being removably engaged to the elongated delivery member and the distal element being fixed to the elongated delivery member. The proximal element adapted to move axially along the elongated delivery member in a distal direction toward the distal element when the proximal element is released from the elongated delivery member, whereby, when the proximal element is disposed on a distal side of the occlusion and the distal element is disposed on a proximal side of the occlusion, the proximal and distal elements surround, isolate and contain the occlusion between the proximal and distal elements at the occlusion formation site. The medical device also includes means for delivering pharmacological and biologically active agents to the vessel occlusion site during and after the occlusion extraction, the pharmacological agents are adapted to at least partially lyse and/or disassociate the occlusion from the vessel wall or ameliorate and/or facilitate amelioration of tissue damage to an endothelial luminal wall of the vessel, the biologically active agents are also adapted to ameliorate and/or facilitate amelioration of tissue damage to an endothelial luminal wall of the vessel. The aspiration sub-system adapted to remove at least a portion of the occlusion during extraction of the occlusion from the vessel.",20240808,RETRIEVER MEDICAL INC,HOROWITZ MICHAEL B,A61M2025/1015
US-2021054412-A1,Nano-vesicles derived from genus morganella bacteria and use thereof,"The present invention relates to vesicles derived from genus Morganella bacteria and a use thereof, the present inventors experimentally confirmed that the vesicles were significantly decreased in clinical samples derived from patients with a malignant disease such as gastric cancer, colorectal cancer, pancreatic cancer, bile duct cancer, breast cancer, ovarian cancer, bladder cancer, prostate cancer and lymphoma, a cardiovascular disease such as myocardial infarction, cardiomyopathy, atrial fibrillation, variant angina, and stroke, diabetes mellitus, and Parkinson&#39;s disease as compared to normal persons, and the vesicles suppressed the secretion of inflammatory mediators by pathogenic vesicles and suppressed the occurrence of cancer, so that the vesicles derived from genus Morganella bacteria may be usefully used for the purpose of developing a method for diagnosing a malignant disease such as gastric cancer, colorectal cancer, pancreatic cancer, bile duct cancer, breast cancer, ovarian cancer, bladder cancer, prostate cancer and lymphoma, a cardiovascular disease such as myocardial infarction, cardiomyopathy, atrial fibrillation, variant angina, and stroke, diabetes mellitus, and Parkinson&#39;s disease, and a composition for preventing or treating the diseases or an inflammatory disease",20210225,MD HEALTHCARE INC,KIM YOON-KEUN,Y02A50/30
US-2021145867-A1,Plasmonic enhanced magnetic nanoparticles hyperthermia,"A method of plasmonic enhanced magnetic nanoparticles hyperthermia (PE-MNH) of M@X core/shell nanoparticles using laser energy. Up on laser exposure of the nanoparticles in solution, the plasmonic shell will heat up and isolate each particle in their own hydrodynamic shell that lead to reducing the inter-particle interaction of the magnetic nanoparticles. This will lead to disaggregated nanoparticle with high dispersity, free movement and rotation in solution as well as giant increase in SAR when the alternating magnetic field within clinical safety limits is applied. Application of this approach has the potential to revolutionize the current treatment regimens by replacing them with plasmonic enhanced magnetic nanoparticles hyperthermia therapy that is more effective, less toxic, and impact survival.",20210520,UNIV TEXAS,EL-GENDY AHMED,B82Y5/00
US-2021162218-A1,System for measurement of impedance cardiography,"The present invention relates to a system of multiple implantable medical devices for an impedance measurement comprising a first implantable medical device, at least a second implantable medical device distinct from the first implantable medical device and; an analysis module comprising at least one amplifier and one envelope detector, one of the first implantable medical device or the second implantable medical device being a subcutaneous implantable cardioverter defibrillator or a subcutaneous loop recorder, and the other of the first implantable medical device or the second implantable medical device being an implantable endocardial device.",20210603,SORIN CRM SAS,MALDARI MIRKO,A61N1/3684
US-2022047724-A1,Novel tricarbocyanine-cyclodextrin(s) conjugates and use thereof,"The invention relates to novel tricarbocyanine-cyclodextrin(s) conjugates useful as markers in the diagnosis of kidney diseases, diagnostic compositions comprising the conjugates, their use, and their production.",20220217,CYANAGEN S R L,DELLA CIANA LEOPOLDO,A61K49/0032
US-2022116736-A1,Systems and methods for conducting/defending digital warfare or conflict,"In exemplary embodiments, an AI (Artificial Intelligence) enabled system is developed, configured, and/or intended to facilitate the offensive, defensive, and logistical capabilities of a person engaged in warfare in some direct form. This encompasses scenarios ranging from the solo unit behind enemy lines, the operational deployment of forces and resources, to strategic theater. Exemplary embodiments include building or configuring a highly advanced and aware system, facilitated by AI, driven by cloud and edge computing, to allow decisions and tactical advantage be deployed and calculated at the level it needs first. Exemplary embodiments may be configured to address both the kinetic real world as well as digital cyberspace, incorporate offensive and defensive technology, and be primarily driven by the concept to augment forces to support and counter threats as well as malicious enemy AI.",20220414,CONQUER YOUR ADDICTION LLC,WILLIAMS DAVID H,H04W4/021
US-2022168585-A1,Dynamically Controlling Self-Directed Magnetic Stimulation,"To generate operational parameters for Transcranial Magnetic Stimulation (TMS), training data that includes indications of previously conducted TMS sessions is generated. A machine learning model is trained using the training data. The trained machine learning model is applied to one or more parameters related to an individual to generate operational parameters for a TMS session. A device for applying TMS to conduct a TMS session with the individual is operated in accordance with the generate operational parameters.",20220602,METHODIST HOSPITAL,HELEKAR SANTOSH A,A61N2/008
US-11969306-B2,Oral hygiene system for compliance monitoring and tele-dentistry system,"Oral hygiene monitoring system is disclosed to track motion and orientation of an oral hygiene device. The control system may process data output from a motion sensor to determine position and orientation of an oral hygiene device with respect to a user&#39;s mouth. In some examples, the system may use machine learning techniques to identify position and orientation, brush stroke type, and other specific actions.",20240430,Kolibree SAS,SERVAL THOMAS,A61B5/7475
US-12170150-B2,Automatic lead orientation adjustment,"Via a graphical interface, virtual representations of an anatomical region of a human and a medical device selection mechanism are displayed. The medical device selection mechanism includes a plurality of implantable leads each medically implantable in the anatomical region. In the graphical interface, a user-selected implantable lead is moved from the medical device selection mechanism to the anatomical region. A first side of the user-selected implantable lead is initially displayed when the user-selected implantable lead is moved to the anatomical region. In the graphical interface, the user-selected implantable lead is automatically rotated in the anatomical region, such that a second side of the user-selected implantable lead is displayed after the user-selected implantable lead has been automatically rotated. The second side is opposite the first side.",20241217,CIRTEC MEDICAL CORP,KAULA NORBERT,G16H20/30
US-10740436-B2,Data set distribution during medical device operation,"Certain examples provide systems, methods, and apparatus for medical device management. An example method includes comparing a first identification of a first data set to a second identification of a second data set at a medical device. The example method includes, when the first identification does not match the second identification, triggering a download of the second data set to the medical device. The example method includes determining an operating state of the medical device. The example method includes, when the operating state indicates the medical device is idle, triggering activation of the second data set in place of the first data set at the medical device. The example method includes facilitating operation of the medical device according to the second data set.",20200811,FENWAL INC,MOSKAL WITOLD,G16H20/10
US-10856787-B2,System and methods for processing analyte sensor data for sensor calibration,"Systems and methods for processing sensor analyte data are disclosed, including initiating calibration, updating calibration, evaluating clinical acceptability of reference and sensor analyte data, and evaluating the quality of sensor calibration. The sensor can be calibrated using a calibration set of one or more matched sensor and reference analyte data pairs. Reference data resulting from benchtop testing an analyte sensor prior to its insertion can be used to provide initial calibration of the sensor data. Reference data from a short term continuous analyte sensor implanted in a user can be used to initially calibrate or update sensor data from a long term continuous analyte sensor.",20201208,DEXCOM INC,PRYOR JACK,A61B5/0031
US-2018092836-A1,Ophthalmic drug sustained release formulation and uses thereof,"A solid matrix sustained release ophthalmic formulation for topical delivery of a solid ophthalmic drug to the eye, medical devices, drug cores, drug inserts and drug delivery systems comprising the formulation, methods of manufacturing the formulation, medical devices and their methods thereof for delivering the ophthalmic drug for a treatment period provided herein. The formulation disclosed herein is an admixture of an ophthalmic drug, and a combination of a hydrophobic polymer, a hydrophilic polymer and a surfactant, wherein the drug is eluted daily over an extended period of time at therapeutic dose of drug.",20180405,MATI THERAPEUTICS INC,UTKHEDE DEEPANK,A61K47/10
US-2019000382-A1,"System and method for analyzing items using image recognition, optical character recognition, voice recognition, manual entry, and bar code scanning technology","System and method for analyzing components of one or more items at a time based on the analysis of image data and item component data and deciphering that data for the user. A user can use a computing device for item data input and the system recognizes or identifies items by image recognition, optical character recognition, voice recognition, typed query, barcode scan or a combination of those to analyze the item and return analysis of each item to the user&#39;s computing device through visual display, audible communication or a combination of both visual display and audible communication. System and method for analyzing items, recognizing or identifying the images of items, and analyzing the components of items is executed by referencing image databases, image recognition services, application program interfaces (APIs) and through machine learning to provide the user with analysis of items by processing the data that corresponds with those items.",20190103,GODDESS APPROVED PRODUCTIONS LLC,FITZPATRICK CATHERINE,G16H50/70
US-2019150789-A1,Monitoring System for Identifying an End-Exhalation Carbon Dioxide Value of Enhanced Clinical Utility,"A medical monitoring system for identifying an end-exhalation carbon dioxide value of enhanced clinical utility is described herein. The medical monitoring system can include a capnometer for generating an output corresponding to a time-series of exhaled carbon dioxide values from a patient during an exhalation and a processor programmed to analyze the exhalation. In some examples, the processor can also be programmed to identify a peak carbon dioxide value at an end of the exhalation, determine if the peak carbon dioxide value may have been higher if the exhalation had been prolonged, and provide an output responsive to said determination.",20190523,LYNN LAWRENCE A,LYNN LAWRENCE A,A61B5/145
US-12059284-B2,Lung cancer prediction,"A device may obtain first information relating to one or more first lung nodules identified in first imaging of a chest of a patient and second information relating to one or more second lung nodules identified in second imaging of the chest of the patient. The device may provide the first information and the second information to a machine learning model. The device may determine, using the machine learning model, a risk of lung cancer associated with the patient based on an elapsed time between performance of the first imaging and the second imaging and differences between the first information and the second information. The risk of lung cancer may have an inverse correlation to the elapsed time and a direct correlation to the differences. The device may perform one or more actions based on the risk of lung cancer that is determined",20240813,UNIV JOHNS HOPKINS,HUANG PENG,G06N3/09
US-2024084032-A1,"Anti-cub domain-containing protein 1 (cdcp1) antibodies, antibody drug conjugates, and methods of use thereof","This disclosure relates to anti-cancer antibodies and methods of treatment, detection, and diagnosis using the same.",20240314,BLUEFIN BIOMEDICINE INC,REN HONG,A61K2039/505
US-2024099800-A1,Sterile sleeve barrier with incorporated tubing kit for smoke and fluid evacuation,"A packaging system comprises a sterilized medical device. An elongated flexible tubular sleeve insertably receives the sterilized medical device. A peel-open pouch sealably contains the sterilized medical device and elongated flexible tubular sleeve. In an embodiment of the invention, a tubular sleeve card is coupled to a proximal end of the flexible tubular sleeve, the tubular sleeve card surrounding at least a portion of a proximal end of the sterilized medical device.",20240328,ZINNANTI WILLIAM J,ZINNANTI WILLIAM J,A61L2103/15
US-2024123290-A1,Golf swing training device,"A golf swing instructional training system is provided. The system includes a display, at least one image capturing device, a neural network, and a biomechanics assessment server. The image capturing device transmits data for use in analyzing motion of a user using the system. The neural network receives data transmitted from the image capturing device. The display is coupled to neural network and displays data received from the user and generated from the neural network. The biomechanics assessment server analyzes data transmitted from the capturing device and any input by the user. The assessment server includes at least a biomechanics rules library for use in analyzing the motion of the user based on body landmarks of the user identified by the neural network. The biomechanics rules library includes at least a golf club database, and a swing database. The neural network provides feedback to the user to facilitate improving at least one of the user&#39;s golf stance when addressing a ball, and the user&#39;s golf swing.",20240418,MCCANTS CEDRIC J,MCCANTS CEDRIC J,A61B2503/10
US-11459382-B2,Dosage and administration of anti-C5 antibodies for treatment of protein-losing enteropathy in patients,"Provided are methods for clinical treatment of a protein-losing enteropathy, such as lymphangiectasia, using an anti-C5 antibody, or antigen binding fragment thereof, in patients (e.g., pediatric patients).",20221004,ALEXION PHARMA INC,ADIV ORLY ESHACH,G01N33/575
US-11832998-B2,Penicillin allergy testing kit,"The kit evaluates the patient&#39;s skin for penicillin sensitivity. The kit comprises a container, a multi-site skin test system, five preloaded syringes, and a tattoo-type label that is transferable onto the patient&#39;s skin. A multi-site skin test applicator is cooperatively engageable with four reservoirs in a fluid tray. The applicator pierces the patient&#39;s skin as trace amounts of the allergy test fluids are simultaneously administered. The tattoo-type label is transferable onto the skin of the patient and includes a QR Code. The QR Code includes machine-readable linkage to artificial intelligence for assisting a doctor in interpreting patient test results. The doctor reviews the artificial intelligence analysis and decides either to accept the analysis or modify it. The doctor may also decide to verify negative results with a subcutaneous skin test. The five syringes are preloaded with saline, two syringes are preloaded with Pre-Pen, and two syringes are preloaded with Pen-G.",20231205,PRINCE TY L,PRINCE TY L,A61B90/94
US-11898156-B2,Nano-vesicles derived from genus Morganella bacteria and use thereof,"The present invention relates to vesicles derived from genus Morganella bacteria and a use thereof, the present inventors experimentally confirmed that the vesicles were significantly decreased in clinical samples derived from patients with a malignant disease such as gastric cancer, colorectal cancer, pancreatic cancer, bile duct cancer, breast cancer, ovarian cancer, bladder cancer, prostate cancer and lymphoma, a cardiovascular disease such as myocardial infarction, cardiomyopathy, atrial fibrillation, variant angina, and stroke, diabetes mellitus, and Parkinson&#39;s disease as compared to normal persons, and the vesicles suppressed the secretion of inflammatory mediators by pathogenic vesicles and suppressed the occurrence of cancer, so that the vesicles derived from genus Morganella bacteria may be usefully used for the purpose of developing a method for diagnosing a malignant disease such as gastric cancer, colorectal cancer, pancreatic cancer, bile duct cancer, breast cancer, ovarian cancer, bladder cancer, prostate cancer and lymphoma, a cardiovascular disease such as myocardial infarction, cardiomyopathy, atrial fibrillation, variant angina, and stroke, diabetes mellitus, and Parkinson&#39;s disease, and a composition for preventing or treating the diseases or an inflammatory disease.",20240213,MD HEALTHCARE INC,KIM YOON-KEUN,C12N15/88
US-11998617-B2,Gene and cell therapy using cell fusion technology,"The present invention relates to gene and cell therapy using a cell fusion technology and more particularly, cells overexpressing hemagglutinin neuraminidase (HN) and fusion (F) proteins have effects of enhancing cell fusion with other cells, restoring cell damage through the cell fusion with damaged cells, and transferring a normal gene. Therefore, when a vector including genes encoding the HN and F proteins of the present invention or a cell transformed with the vector is clinically applied to neurodegenerative diseases, muscular diseases, and the like, an effect of reducing the damage of damaged cells through cell fusion can be expected.",20240604,CURAMYS INC,SUNG JUNG-JOON,A61K48/005
US-12023514-B2,Disposable flexible electronic phototherapy device,"A disposable and flexible electronic device for photobiomodulation of biological tissues, particularly applied as a bandage in several formats, in either domestic or clinical applications, biostimulating or biomodulating biological tissues, for healing wounds and treating inflammation, edema and pain.",20240702,M3 HEALTH IND E COMERCIO DE PRODUTOS MEDICOS ODONTOLOGICOS E CORRELATOS S A,BLAY ALBERTO,A61N2005/0653
US-2020140269-A1,Method for tumor detection and targeted hyperthermia,"The present invention provides stem cells loaded with bi-functional magnetic nanoparticles (nanoparticle-loaded stem cells (NLSC)) that both: a) heat in an alternating magnetic field (AMF); and b) provide MRI contrast enhancement for MR-guided hyperthermia. The nanoparticles in the NLSC are non-toxic, and do not alter stem cell proliferation and differentiation, the nanoparticles do however, become heated in an alternating magnetic field, enabling therapeutic applications for cancer treatment. Due to the fact that circulating stem cells home to tumors and metastasis, and participate in neovascularization of growing tumors, the NLSC of the present invention allows tracking of the tissue distribution of infused stem cells and selective heating of targeted tissues with AMF. NLSC can deliver hyperthermia to hypoxic areas in tumors for sensitization of those areas to subsequent treatment, thus delivering therapy to the most treatment-resistant tumor regions. The heating of diseased tissue either results in direct cell killing or makes the tumor more susceptible to radio- and/or chemotherapy. The targeted hyperthermia provided by the present invention has clinical potential because it is associated with fewer side effects, and can also be used in combination with conventional treatment modalities, significantly enhancing their effectiveness. The NLSC of the present invention can be used for MR image-guided hyperthermia in oncology, in stem cell research for cell tracking and heating, and for elimination of mis-injected stem cells.",20200507,OSTROVSKA LYUBOV,OSTROVSKA LYUBOV,A61N5/10
US-2020337824-A1,Implantable medical device,"An implantable medical device obtained by means of two-photon laser polymerisation of a resin to form a three-dimensional matrix, wherein: said three-dimensional matrix comprises a number of levels distributed in height; and said three-dimensional matrix comprises reference means designed to uniquely identify the height of each level from a pre-set reference, by means of a multi-photon fluorescence-excitation microscope; said implantable medical device being characterised in that said reference means comprise a solid having a cross section that varies with height.",20201029,MILANO POLITECNICO,RAIMONDI MANUELA TERESA,A61B5/0071
US-2021009685-A1,Antibody specifically binding to folr1 and uses thereof,"A modified antibody that binds specifically to folate receptor alpha (FOLR1) and blocks the activity of FOLR1 with an increased binding affinity, an antigen-binding fragment thereof, a composition containing the antibody or fragment, and their uses are disclosed. The modified antibody or antigen-binding fragment thereof may be used for the prevention or treatment of cancer proliferative disorder associated with an increased FOR1 expression, and may also be used for diagnosis of the disease. The proliferative disorder may be cancer.",20210114,ALTEOGEN INC,PARK SOON JAE,G01N33/5759
US-2021346707-A1,Managing communication interference in leadless dual-chamber pacing systems and other imd systems,"Embodiments described herein relate to implantable medical devices (IMDs) and methods for use therewith. Such a method includes, during each of a plurality of message alert periods during which a communication capability of the IMD is enabled, determining whether a valid message is detected. In response to determining that no valid message was detected during a message alert period, the communication capability of the IMD is temporarily disable for a disable period. A length of the disable period may be increased in response to no valid message being detected during two consecutive message alert periods. A length of the disable period may be dependent on an operational mode of the IMD, such that the length of the disable period differs for different operational modes. The IMD may also enter a noise state, and remain in the noise state until the IMD receives a specified number of valid messages.",20211111,PACESETTER INC,FISHLER MATTHEW G,A61B5/686
US-2022254490-A1,Data processing system for estimating disease progression rates,"A method for treatment of a disease by monitoring a progression of the disease includes obtaining image data including a representation of diseased cells of a patient. Based on the type of the disease, one or more features to extract from the image data are determined, the features each representing a physical parameter of at least one of the diseased cells represented in the image data. A feature vector is formed from the extracted features. A machine learning model is selected, and the feature vector is processed using the machine learning model. The machine learning model is trained with labeled image data representing instances of diseased cells having the disease and associating scores representing predicted rates of disease progression with the respective instances of diseased cells having the type of disease. Based on the processing, a score is determined that represents a predicted rate of disease progression indicated by the image data.",20220811,ADDANKI ANVITHA,ADDANKI ANVITHA,G16H50/30
US-2020282186-A1,Percutaneous device exchange,An apparatus includes a hemostasis valve; a base having a clamp releasably coupling a catheter to the base; a base drive member moving the base relative to the hemostasis valve along a first path; and a mechanism maintaining the position of an elongated medical device relative to the hemostasis valve while the catheter is being moved along the first path.,20200910,CORINDUS INC,BLACKER STEVEN J,A61M25/0113
US-2021244915-A1,Medical devices for fluid delivery,Medical devices and methods for delivering fluid. The medical devices include one or more needles for delivering fluid. The methods may include expanding an expandable member such as an inflatable member to expand an expandable scaffold outward toward a lumen wall.,20210812,ENCOMPASS VASCULAR INC,ORTH JEAN C,A61M2025/0087
US-12064298-B2,Medical device support system including rotational control mechanism,"A medical device support system including a shaft, extension arm, and floating stop. A guide channel member is fixed to the shaft and includes an elongated cavity that defines first and second contact faces at its opposite ends. A hub of the extension arm is pivotably mounted for a range of at least 360 degrees rotation about a rotation axis of the shaft. The at least 360 degrees rotation range is based on a compound of a first rotation range and a second rotation range. The first rotation range is defined by a fixed stop of the hub configured to move between first and second contact faces of a radially outer portion of the floating stop. The second rotation range is defined by a radially inner portion of the floating stop configured to move between the first and second contact faces of the elongated cavity of the guide channel member.",20240820,AMERICAN STERILIZER CO,HESER MICHAEL JOSEPH,F16D49/08
US-12150664-B2,Adjustable locking handle design for debriders,"A medical device for debridement can include a handpiece, a shaft extending through the handpiece and distally therefrom, a drive to manipulate the cutter, a handle slidably coupled to the elongate housing and extending distally therefrom, and at least one locking mechanism configured to fix the handle to the handpiece. The handle can be configurable to multiple positions along the length of the handpiece, and can be removed therefrom.",20241126,GYRUS ACMI INC,AVILA I MIROSLAVA,A61B2017/320028
US-2020100719-A1,System for monitoring auditory startle response,"A diagnostic system for measuring and analyzing startle response of a subject comprises a stimuli delivery circuitry, whereby startle stimuli and prepulse stimuli are delivered to the subject. Said diagnostic system comprises at least one sensor circuitry, whereby the startle response(s) of the subject are detected and recorded. Said sensor circuitry comprises at least one electrode and one eye response measuring system, such as a camera. Said diagnostic system comprises a diagnosis circuitry whereby the features of the startle response(s) and prepulse inhibition of the subject are extracted and analyzed. Said startle response(s) of said subject detected by said sensor circuitry comprise eye response, such as pupillary response and/or eyeblink response, post-auricular muscle response and intrinsic auricular muscle response.",20200402,CAKMAK YUSUF OZGUR,CAKMAK YUSUF OZGUR,A61B5/389
US-2020178796-A1,Digital 3D Infrared Slit lamp with Pupil measurement,A device and method of ophthalmic diagnosis of lesions on retina utilizing a slit lamp apparatus with a pupil reader and at least one visible LED and one Infrared LED to detect a lesion on the retina of an eye.,20200611,MCWHERTER IAN W,MCWHERTER IAN W,A61B3/12
US-2020390390-A1,In-vivo fluid monitoring devices and methods,In-vivo fluid monitoring devices and methods are disclosed herein. An example device is configured for patients which monitors increases and decreases of fluid retention in patients with various clinical conditions such as heart and renal failure pre-operation and post operation thus allowing physicians to more accurately detect said fluid retention gains through a mechanism directly or indirectly connected to circulatory stocking which act as a conduit to detect said fluid changes through skin electrolysis and alterations respective to fluid changes directly corresponding with galvanic skin response measurement changes.,20201217,TRAD JAWAD,TRAD JAWAD,A61F13/00051
US-2020397334-A1,Systems and methods for generating thin image slices from thick image slices,"Systems and methods for generating thin slice images from thick slice images are disclosed herein. In some examples, a deep learning system may calculate a residual from a thick slice image and add the residual to the thick slice image to generate a thin slice image. In some examples, the deep learning system includes a neural network. In some examples, the neural network may include one or more levels, where one or more of the levels include one or more blocks. In some examples, each level includes a convolution block and a non-linear activation function block. The levels of the neural network may be in a cascaded arrangement in some examples.",20201224,LVIS CORP,FANG ZHONGNAN,G06N3/045
US-2021100748-A1,"Launch, Anti-radiation supplement","Launch is a nutritional supplement designed to slow the negative effects of radiation on the body while an individual is traveling in the upper atmosphere or outer space. It combines 5 natural compounds shown in clinical trials to reduce radiation-induced inflammation, into a single supplement.",20210408,CHRISMAN TIM,CHRISMAN TIM,A61K31/05
US-2021102335-A1,Small diameter cable,"A wire cable construct including a plurality of strands each made of a plurality of wire filaments, the strands and wire filaments arranged in a 37×7 configuration of 37 strands of 7 wire filaments each, with the strands arranged in four layers including a first, central layer of a single strand, a second layer of six strands, a third layer of twelve strands and a fourth, outermost layer of eighteen strands. The cable may have a small diameter for use in medical device applications, and the strand and wire element configuration allows the cable to carry high axial loads, minimizes bending stress when the cable is routed around a tight turn such as a small pulley, and minimizes torsion in the cable due to axial loading.",20210408,FORT WAYNE METALS RES PROD,MITCHELL ROBERT A,A61B34/30
US-2021268294-A1,Implants using ultrasonic communication for neural sensing and stimulation,"Described herein is an implantable medical device that includes a body having one or more ultrasonic transducers configured to receive ultrasonic waves and convert energy from the ultrasonic waves into an electrical energy, two or more electrodes in electrical communication with the ultrasonic transducer, and a clip attached to the body that is configured to at least partially surround a nerve and/or a filamentous tissue and position the two or more electrodes in electrical communication with the nerve. In certain examples, the implantable medical device includes two ultrasonic transducers with orthogonal polarization axes. Also described herein are methods for treating incontinence in a subject by converting energy from ultrasonic waves into an electrical energy that powers a full implanted medical device, and electrically stimulating a tibial nerve, a pudendal nerve, or a sacral nerve, or a branch thereof, using the fully implanted medical device.",20210902,IOTA BIOSCIENCES INC,MAHARBIZ MICHEL M,A61B2560/0219
US-2018185610-A1,Medical Device with Non-Metallic Reinforcing Layer,"A medical device, such as an electrophysiology catheter, has an elongate body including a wall. A reinforcing layer is encapsulated in the wall. The reinforcing layer includes one or more reinforcing fibers having glass cores and polymer cladding. In embodiments, the reinforcing fibers are non-magnetically-susceptible and non-electrically-conductive, facilitating the use of the medical device in connection with procedures such as magnetic resonance imaging (“MRI”).",20180705,ST JUDE MEDICAL CARDIOLOGY DIV INC,TEGG TROY T,A61M25/005
US-2019350946-A1,Medical Device for the Treatment of HPV Cutaneous Infections,"The present invention relates to a medical device for treating papilloma virus (HPV) cutaneous infections, in particular for the treatment of warts and related pathologies. In particular, the present invention relates to a collodion-based composition, particularly elastic collodion, containing acetylsalicylic acid and a composition containing acetylsalicylic acid and a glycol. Such compositions can be used in the treatment of HPV cutaneous infections, in particular benign infections such as warts, papillomas and condylomas.",20191121,POLI MD S R L,POLI ELENA,A61K47/10
US-2021284692-A1,Cell-Permeable Inhibitory Agent and Methods of Use Thereof in Treatment of Cognitive and Mood Disorders,"The present application provides an inhibitory compound, such as a peptide, and methods for using the inhibitory compound in the treatment, diagnosis or monitoring of cognitive and mood disorders that are typically associated with memory loss and/or loss of executive function. In one example, the inhibitory compound is a peptide that mimics the N-terminal sequence of the intracellular loop of α5 subunit of α5GABA A  receptors. Also provided are compositions and methods for treating a disorder associated with memory loss or loss of executive function. The therapeutic method comprises the step of inhibiting binding of radixin to α5GABA A  receptors, for example, by administration of the presently described inhibitory compound or peptide.",20210916,GOVERNING COUNCIL UNIV TORONTO,LEI GANG,C07K7/08
US-2021313048-A1,Neural network-based object detection in visual input,"A device to detect an object in a medical image is described. An image analysis application, executed by the device, receives the medical image as an input. The medical image is next partitioned to sub-regions. Parts of the object are detected in a selection of the sub-regions using a deep-learning neural network (DNN) model. Bounding boxes for the selection are also determined. The bounding boxes are evaluated based on a confidence score detected as above a threshold level. The confidence score designates the parts as contained within the selection. Next, a region of interest (ROI) is determined as a group including the selection. Similar orientations associated with the bounding boxes are comparable to similar orientations of a positive training model of the DNN model. Furthermore, the selection is designated as the ROI within the medical image. The medical image is provided with the ROI to a user.",20211007,UNIV RUTGERS,PODILCTLUK CHRISTINE I,G06V10/764
US-2021317217-A1,Humanized anti-vegfr2 single-chain antibody and use thereof,"The present invention belongs to the field of antibody drugs, and relates to a humanized anti-VEGFR2 single-chain antibody and use thereof. The single-chain antibody comprises a heavy chain variable region set forth in SEQ ID No. 1 and a light chain variable region set forth in SEQ ID No. 2, wherein the heavy chain variable region and the light chain variable region are connected via a flexible peptide with an amino acid sequence set forth in SEQ ID No. 3. The present invention also discloses use of the antibody in preparing a product for inhibiting tumor growth. The antibody disclosed herein can be used as a medicament for clinical use in indications caused by neovascularization.",20211014,ZHEJIANG BLUE SHIELD PHARMACEUTICAL CO LTD,GUO ZHIGANG,C07K2317/73
US-2021393969-A1,Heartstation remote monitor system,"An automated external defibrillator (AED) and AED Monitoring system made up of an AED, the AED having a self-diagnostic subroutine and performing said subroutine at regular intervals, the AED having at least an audio indicator that indicates the results of the self-diagnostic when the diagnosis is that the AED is in need of maintenance and a remote AED monitoring system, the AED monitoring system having an electromagnetic coil, microphone, battery, microprocessor, and wireless communication device, wherein the microprocessor selectively powers up the AED monitoring system prior to the AED&#39;s self-diagnostic subroutine and utilizes the electromagnetic coil and microphone to monitor for the AED&#39;s audio indicator that the AED is in need of maintenance, and the microprocessor transmitting a wireless signal through the wireless communication device indicating whether the AED is in need of maintenance; the microprocessor selectively powering down the AED monitoring system after transmitting the wireless signal.",20211223,HOCHHALTER KEITH,HOCHHALTER KEITH,G07C3/00
US-2023372323-A1,"Nicotinic Acid Derivative A With Anti-Inflammation and Anti-Platelet Aggregation Activities, and Use Thereof","The present disclosure provides a nicotinic acid derivative A with an anti-inflammation activity. The nicotinic acid derivative A has a general structural formula shown in formula (I), where R 1  and R 2  are different substitution sites of a main chain, and R 1 ′ and R 2 ′ are different substitution sites of a side chain. In the present disclosure, the nicotinic acid derivative A has desirable anti-inflammation, anti-tumor, and anti-platelet aggregation activities, and strong selectivity, and shows a remarkable clinical application value.",20231123,CHONGQING ACAD CHINESE MATERIA MEDICA,YANG YONG,A61K31/455
US-2024115870-A1,Systems and methods for suppressing and treating atrial fibrillation and atrial tachycardia,"Disclosed herein are implantable medical devices and systems, and methods for used therewith, that selectively perform atrial overdrive pacing while an intrinsic atrial rate of a patient is within a specified range.",20240411,PACESETTER INC,PEI XING,A61N1/395
US-2024225536-A9,Radiomics signatures for pathologic characterization of strictures on mr and ct enterography,"The present disclosure, in some embodiments, relates to a non-transitory computer-readable medium storing computer-executable instructions that, when executed, cause a processor to perform operations, including accessing an imaging data set having one or more radiological images of a patient having Crohn&#39;s disease, the one or more radiological images including one or more intestinal strictures; identifying a plurality of determinative features from within the one or more intestinal strictures in the one or more radiological images, the plurality of determinative features being associated with one or more pathological features used to identify inflammation or fibrosis within an intestinal stricture; and applying a machine learning model to the plurality of determinative features to identify an extent of inflammation or fibrosis within the one or more intestinal strictures.",20240711,UNIV CASE WESTERN RESERVE,VISWANATH SATISH E,G06T7/40
US-2024402147-A1,"Method of establishing cancer screening module, using method and platform thereof","A method of establishing a cancer screening model is provided, including: providing a plurality of samples and a plurality of corresponding cancer states; analyzing these samples by a low-resolution mass spectrometer to obtain a plurality of mass spectral data, wherein the low-resolution mass spectrometer is undertaken a mass accuracy level above 5 ppm and a mass resolution (m/Δm) below 10,000; inputting these mass spectral data into a machine learning algorithm to obtain a plurality of markers by a feature selection method; and using these markers and these cancer states by the machine learning algorithms to establish cancer screening model.",20241205,UNIV NAT TAIWAN,HSU CHENG-CHIH,H01J49/42
US-10058635-B2,Surface treatment agent and medical device,"Provided are surface treatment agents that enable surfaces with a chemically fixed lubricant to be produced instead of a resin coating which has drawbacks, such as that lubricity is reduced due to separation, peeling or the like of the coating during the movement within a vessel or tube; and medical devices, such as catheters, having a surface at least partially treated with such a surface treatment agent. The present invention relates to a surface treatment agent for medical devices which contains a copolymer of a hydrophilic functional group-containing monomer and an epoxy group-containing monomer.",20180828,SUMITOMO RUBBER IND,MINAGAWA YASUHISA,C08L63/08
US-10117764-B2,Bare metal stent with drug eluting reservoirs having improved drug retention,"Implantable medical devices may be utilized to locally delivery one or more drugs or therapeutic agents to treat a wide variety of conditions, including the treatment of the biological organism&#39;s reaction to the introduction of the implantable medical device. These therapeutic agents may be released under controlled and directional conditions from a stent having reservoirs so that the one or more therapeutic agents reach the correct target area, for example, the surrounding tissue. Features may be incorporated into the walls and bases of these reservoirs to improve securement of the drug construct.",20181106,CALDARISE SALVATORE G,CALDARISE SALVATORE G,A61F2/91
US-10266693-B2,High strength silicone elastomers and compositions therefor,"Compositions for forming a silicone elastomer and the silicone elastomers thereby which have improved characteristics and which can be used for medical devices are disclosed. The composition for forming a silicone elastomer can include (A) an organopolysiloxane having silicon-bonded alkenyl groups; (B) an organohydrogensiloxane having an average of two or more silicon-bonded hydrogen atoms in the molecule; (C) an inorganic filler; and (D) a filler treatment agent which includes an alkenyl-containing group, e.g., an alkenyl-containing organosilane or organosilazane.",20190423,NUSIL TECH LLC,KIHARA MATTHEW,C08G77/12
US-10335504-B2,Heterocyclic molecules for biomedical imaging and therapeutic applications,Probes which target diffuse and fibrillar forms of amyloid beta (Aβ) are described. These probes demonstrate high initial brain penetration and facile clearance from non-targeted regions. The agents can be used to image amyloid quantitatively for monitoring efficacy of Aβ-modifying therapeutics and assist in premortem diagnosis of Alzheimer&#39;s disease (AD). Disclosed probes can bind Aβ aggregates of preformed Aβ1-42 fibrils in vitro and can be used to image fibrillar and diffuse plaques ex vivo in brain sections. Disclosed probes can be used to determine Aβ burden in early stages of AD. These probes can be used for multimodality imaging of Aβ. F-AI-187 (1 μM) can detect Aβ plaques in brain sections of APP/PS1 mice. F-AI-187 (10 μM) can detect Aβ plaques in the frontal lobe in a brain section of a patient with confirmed AD. Some probes can be used for fluorescence imaging of plaque.,20190702,UNIV WASHINGTON,SUNDARAM G S M,A61P35/00
US-10578456-B2,Safety enhanced computer assisted driving method and apparatus,"Methods and apparatuses for safety enhanced computer-assisted driving. In embodiments, an apparatus for computer-assisted driving may include a neural network to determine a classification for behavior of a driver of a vehicle having the apparatus, based at least in part on data about the vehicle collected in real time, and a current level of stress or drowsiness of the driver determined in real time; and a safety action engine coupled to the neural network to determine a safety related action, based at least in part on the determined driver behavior classification and data related to current traffic or road condition of a route the vehicles is currently traveling on. The safety related action may be performed by an infotainment system or a navigation system of the vehicle to assist the driver in driving the vehicle in a safer manner.",20200303,INTEL CORP,HUANG JINSHI,G16H50/70
US-10598825-B2,Soft silicone medical devices with durable lubricious coatings thereon,"The invention is related to a medical device comprising a core material made of a crosslinked silicone material and a hydrogel coating which is thermodynamically stable. The invention is also related to a method for producing such a medical device, especially a soft contact lens.",20200324,NOVARTIS AG,QIAN XINMING,G02B1/043
US-11034755-B2,Polypeptides and polypeptide constructs comprising single domain antibodies directed against von willebrand factor,"The present invention relates to polypeptides comprising at least one single domain antibody directed against vWF, vWF A1 domain, A1 domain of activated vWF, vWF A3 domain, gpIb and/or collagen, homologues of said polypeptides, and/or functional portions of said polypeptides, for the treatment for conditions which require a modulation of platelet-mediated aggregation and which overcomes the problems of the prior art. A further aspect of the invention is methods of production of said polypeptides, methods to coat devices with such polypeptides used in medical procedures (e.g. PCTA, stenting), methods and kits for screening for agents that modulate platelet-mediated aggregation and kits for the diagnosis of diseases related to platelet-mediated aggregation.",20210615,ABLYNX NV,SILENCE KAREN,C07K16/36
US-11000214-B2,Physical condition management device and method for same,"A physical condition management device and a method thereof capable of performing early detection of metabolic disease, nutritional guidance, and a physical condition management diagnosis. The physical condition management device includes: an irradiation unit configured to radiate light at a predetermined light intensity toward an inside of a living body from outside of the living body; a light intensity detection unit configured to detect light intensity emitted from the living body; a scattering coefficient calculation unit configured to calculate a scattering coefficient of light inside the living body on the basis of the detected light intensity; a particle diameter calculation unit configured to calculate a variation of an average particle diameter of a lipid in blood on the basis of a variation of the scattering coefficient; and a physical condition determination unit configured to determine a physical condition from a temporal change in the variation of the average particle diameter.",20210511,MEDICAL PHOTONICS CO LTD,IINAGA KAZUYA,G16H50/30
US-11045485-B2,Glycomimetic inhibitors of PA-IL and PA-IIL lectins,"Compounds, compositions, and methods for the diagnosis and/or treatment of medical conditions involving infections with and colonization by  Pseudomonas  bacteria including, for example,  Pseudomonas aeruginosa  in the lungs of patients with cystic fibrosis are described.",20210629,GLYCOMIMETICS INC,MAGNANI JOHN L,A61P31/04
US-2024041432-A1,Method and system for generating a three-dimensional ultrasound image of a tissue volume from two-dimensional ultrasound images,"A method may include generating a series of two-dimensional (2D) ultrasound images of the tissue volume associated with a plurality of positions along a scanning direction of the tissue volume; estimating, for each pair of consecutive 2D ultrasound images of the series of 2D ultrasound images, a distance between the positions associated with the pair of consecutive 2D ultrasound images based on a classification of a difference image generated from the pair of consecutive 2D ultrasound images using a deep neural network to produce a plurality of estimated distances associated with the plurality of pairs of consecutive 2D ultrasound images, respectively modifying the number of 2D ultrasound images in the series of 2D ultrasound images based on the plurality of estimated distances to produce a modified series of 2D ultrasound images and rendering the 3D ultrasound image of the tissue volume based on the modified series of 2D ultrasound images.",20240208,EXO IMAGING INC,POURTAHMASI ROSHANDEH KOOSHA,G06N3/09
US-2024126284-A1,Robotic process automation for achieving an optimized margin of vehicle operational safety,"A system may collect human operator interactions with a vehicle control system interface operatively connected to a vehicle, and may collect vehicle response and operating conditions associated at least contemporaneously with the human operator interaction. Environmental information is collected contemporaneously with the human operator interaction. An artificial intelligence system is trained to control the vehicle with an optimized margin of safety while mimicking the human operator, the training including instructing the artificial intelligence system to take input from an environment data collection module about instances of environmental information associated with the contemporaneously collected vehicle response and operating conditions, where the optimized margin of safety is achieved by training the artificial intelligence system to control the vehicle based on a set of human operator interaction data collected from interactions of an expert human vehicle operator and a set of outcome data from a set of vehicle safety events.",20240418,STRONG FORCE TP PORTFOLIO 2022 LLC,CELLA CHARLES HOWARD,G06Q10/40
US-2024139526-A1,Assemblies and methods for wirelessly interfacing with an implantable medical device,An assembly and/or method to facilitate wireless communicates between an implantable medical device and a programmer.,20240502,INSPIRE MEDICAL SYSTEMS INC,MCIVER JORDAN,A61N1/37247
US-11963790-B2,Estimating spinal age,An approach for a computer program to receive image data of a subject including at least a portion of a spine of the subject and a chronological age of the subject. The approach includes the computer program pre-processing the image data including at least a portion of a spine. The approach includes determining an apparent age of the spine or a portion of the spine of the subject using a trained artificial intelligence deep learning algorithm.,20240423,MERATIVE US L P,SITEK ARKADIUSZ,A61B5/4566
US-12017065-B2,"Electrically conductive coating applied to an oxidizable surface of an AIMD ferrule or housing to provide an oxide-resistant connection to an EMI filter capacitor, an EMI filter circuit or AIMD electronic circuits and components","A hermetically sealed feedthrough assembly for an active implantable medical device having an oxide-resistant electrical attachment for connection to an EMI filter, an EMI filter circuit board, an AIMD circuit board, or AIMD electronics. The oxide-resistant electrical attachment, including an oxide-resistant coating layer that is disposed on the device side surface of the hermetic seal ferrule over which an optional ECA stripe may be provided. The optional ECA stripe may comprise one of a thermal-setting electrically conductive adhesive, an electrically conductive polymer, an electrically conductive epoxy, an electrically conductive silicone, an electrically conductive polyamide, or an electrically conductive polyimide, such as those manufactured by Ablestick Corporation. The oxide-free coating layer may comprise one of gold, platinum, palladium, silver, iridium, rhenium, rhodium, tantalum, tungsten, niobium, zirconium, vanadium, and combinations or alloys thereof. As used herein, the oxide-free coating layer is not limiting and as will be taught, in addition to sputtering, there are many other methods of applying a proud oxide-free surface on either an AIMD ferrule or an AIMD housing.",20240625,GREATBATCH LTD,FRYSZ CHRISTINE A,A61N1/3758
US-12109078-B2,Medical device support system including rotational control mechanism,"A medical device support system including a shaft, an extension arm, and a free rotating ring. The shaft includes an elongated peripheral cavity that defines first and second contact faces at opposite peripheral ends. A hub of the extension arm is pivotably mounted for a range of at least 360 degrees rotation about a rotation axis of the shaft. The at least 360 degrees rotation range is based on a compound of a first rotation range and a second rotation range. The first rotation range is defined by a fixed stop of the hub configured to move between first and second contact faces of a radially outward protruding member of the free rotating ring. The second rotation range is defined by a radially inward protruding member of the free rotating ring configured to move between the first and second contact faces of the elongated peripheral cavity of the shaft.",20241008,AMERICAN STERILIZER CO,HESER MICHAEL JOSEPH,F16D49/08
US-2023136075-A1,Treatment for sepsis-induced organ dysfunction,"Provided herein are methods for treating or preventing a condition, and/or symptom or clinical manifestation, associated with systemic infection wherein a subject is intravenously administered ascorbic acid or a pharmaceutically acceptable salt, ester or isomer thereof in an amount of between about 700 mg/kg body weight and about 4,000 mg/kg body weight per day, optionally as a first bolus infusion followed by a subsequent continuous infusion. Also provided are methods comprising intravenously administering to the subject ascorbic acid or a pharmaceutically acceptable salt, ester or isomer thereof: (i) as a bolus dose of from about 350 mg/kg body weight to about 500 mg/kg body weight; and (ii) following (i), by continuous infusion over at least several hours at a dose of from about 60 mg/kg body weight/hr to about 500 mg/kg body weight/hr. Typically, the condition is sepsis or septic shock.",20230504,BELLOMO RINALDO,BELLOMO RINALDO,A61P31/14
US-2023166075-A1,Medical device products including liquid-drawing members,"A medical device product ( 10 ) comprises a package ( 12 ) defining an interior cavity ( 14 ), an activating liquid located within the interior cavity of the package, and a medical device ( 18 ) located within the interior cavity of the package. At least one portion of the medical device is activated by absorbing an amount of the activating liquid. A liquid-drawing member ( 20 ) is located within the interior cavity of the package. The liquid-drawing member absorbs any excess activating liquid within the cavity that was not absorbed by the at least one portion of the medical device.",20230601,HOLLISTER INC,FARRELL DAVID J,A61M25/002
US-2023270903-A1,Methods and devices for sterilizing medical equipment,"A hydrogen peroxide sterilization device for sterilizing a medical device, the hydrogen peroxide sterilization device including a hermetic outer container, a hydrogen peroxide pouch, and a hydrogen peroxide solution in the solution chamber. The hermetic outer container includes a sterilization enclosure configured to receive the medical device. The hydrogen peroxide pouch includes a permeable membrane enclosing a solution chamber and is configured to be positioned in the sterilization enclosure of the outer container. The permeable membrane is configured to allow hydrogen peroxide vapor to diffuse from the solution chamber through the permeable membrane into the sterilization enclosure.",20230831,HONEYWELL FEDERAL MFG & TECH LLC,BOHNERT GEORGE WILLIAM,A61L2103/15
US-2023364243-A1,Cancer-selective target degradation by targeting group caged protacs,"PROTACs (PROteolysis TArgeting Chimeras) are an emerging class of promising therapeutic modalities that degrade intracellular protein targets by hijacking the cellular ubiquitin-proteasome system. However, potential toxicity of PROTACs in normal cells due to off-tissue on-target degradation effect limits their clinical applications. Precise control of PROTAC&#39;s on-target degradation activity in a tissue selective manner could minimize potential toxicity/side-effects. To this end, we developed a cancer cell selective delivery strategy for PROTACs by conjugating a folate group to ubqiquitin recruitment moiety to achieve targeted degradation of proteins of interest (POIs) in cancer cells versus normal cells. We show that our folate-PROTACs, including BRD PROTAC (Folate-ARV-771), MEK PROTAC (Folate-MS432) and ALK PROTAC (Folate-MS99, Folate-S2-MS4048) are capable of degrading BRDs, MEKs and ALK, respectively, in a folate receptor-dependent manner. This design provides a generalizable platform for PROTACs to achieve selective degradation of proteins of interest (POIs) in cancer cells.",20231116,BETH ISRAEL DEACONESS MEDICAL CT INC,WEI WENYI,A61K47/55
US-2024164680-A1,Device for managing a medication regime,"A device for communicating a driving ability level of a user, the device comprising at least a processor, a memory, and a wireless transceiver. The device is configured to: receive a communication from a medical device, wherein the communication comprises information relating to a condition of the medical device; and send a communication to a vehicle. The information relating to a condition of the medical device is processed in order to determine a driving ability level of the user by the assignment of a category selected from a group comprising a first category and a second category.",20240523,SANOFI SA,HELMER MICHAEL,A61B5/18
US-11292924-B2,Thermal chemical vapor deposition coated article and process,"A coated article is disclosed. The article includes a coating formed by thermal decomposition, oxidation then functionalization. The article is configured for a marine environment, the marine environment including fouling features. The coating is resistant to the fouling features. Additionally or alternatively, the article is a medical device configured for a protein-containing environment, the protein-containing environment including protein adsorption features. The coating is resistant to the protein adsorption features.",20220405,SILCOTEK CORP,SMITH DAVID A,C09D5/16
US-11389248-B1,Surgical robot evolution and handoff,"Methods, apparatuses, and systems for autonomous surgical robot evolution and handoff for manual operation are disclosed. A robotic surgical system performs surgery and is controlled jointly by an artificial intelligence (AI) and a surgeon. The surgeon can perform the entire surgery or can alternatively allow the AI to control the surgical robot to perform a part of or the entirety of the surgery. The AI is trained using data from previous surgeries, can provide indication to the surgeon when it has been sufficient trained to take over parts of a surgery, and can prompt the surgeon when there is insufficient training data for the AI to continue. Alternatively, a supervising surgeon can manually take back control of the surgical robot from the AI.",20220719,IX INNOVATION LLC,ROH JEFFREY,A61B34/30
US-11534201-B2,Artificial intelligence-based cannula surgery diagnostic device,Disclosed is an artificial intelligence-based cannula surgery diagnostic device. The device includes a cannula stroke sensing unit for sensing a stroke of a cannula generated in a surgical procedure of a patient; a surgical data processing unit for receiving surgical data generated based on a stroke of the cannula; and a surgical prognostic information-generating unit for analyzing the received surgical data based on the existing learned surgical data to generate surgical prognostic information for the patient.,20221227,365MC NETWORKS,KIM NAM CHUL,A61B90/37
US-11571429-B2,Method and compounds for treating peripheral neuropathy,"A medicament set adapted to regulate multiple receptors simultaneously in patients experiencing diabetic peripheral neuropathy pain, the medicament set comprising: at least three distinct and separate medicaments for treating diabetic peripheral neuropathy pain, the at least three medicaments being a first medicament for treating peripheral neuropathy pain, being formulated for clinical administration as a locally injectable medicament using an injection device, and comprising polylactic glycolic acid (PLGA) micro-particles being loaded with a sodium channel blocker and local anesthetic drug, a second medicament for treating peripheral neuropathy pain, being formulated for clinical administration as a locally injectable medicament using an injection device, and comprising PLGA micro-particles being loaded with a sodium channel blocker and anti-convulsant drug, and a third medicament for treating peripheral neuropathy pain, being formulated for clinical administration as a locally injectable medicament using an injection device, and comprising PLGA micro-particles being loaded with an anti-inflammatory drug.",20230207,UPEXMED CO LTD,HAHN SOON KAP,A61K9/1647
US-11633253-B2,"Robotic surgical devices, systems, and related methods","The embodiments disclosed herein relate to various medical device components, including components that can be incorporated into robotic and/or in vivo medical devices. Certain embodiments include various modular medical devices for in vivo medical procedures.",20230425,VIRTUAL INCISION CORP,FARRITOR SHANE,A61B1/3132
US-11861833-B2,"Systems, methods, and devices for medical image analysis, diagnosis, risk stratification, decision making and/or disease tracking","The disclosure herein relates to systems, methods, and devices for medical image analysis, diagnosis, risk stratification, decision making and/or disease tracking. In some embodiments, the systems, devices, and methods described herein are configured to analyze non-invasive medical images of a subject to automatically and/or dynamically identify one or more features, such as plaque and vessels, and/or derive one or more quantified plaque parameters, such as radiodensity, radiodensity composition, volume, radiodensity heterogeneity, geometry, location, perform computational fluid dynamics analysis, facilitate assessment of risk of heart disease and coronary artery disease, enhance drug development, determine a CAD risk factor goal, provide atherosclerosis and vascular morphology characterization, and determine indication of myocardial risk, and/or the like. In some embodiments, the systems, devices, and methods described herein are further configured to generate one or more assessments of plaque-based diseases from raw medical images using one or more of the identified features and/or quantified parameters.",20240102,CLEERLY INC,MIN JAMES K,G06T7/0012
US-11995820-B2,Method and apparatus for automated detection of landmarks from 3D medical image data based on deep learning,"A method for automated detection of landmarks from 3D medical image data using deep learning according to the present inventive concept, the method includes receiving a 3D volume medical image, generating a 2D intensity value projection image based on the 3D volume medical image, automatically detecting an initial anatomical landmark using a first convolutional neural network based on the 2D intensity value projection image, generating a 3D volume area of interest based on the initial anatomical landmark and automatically detecting a detailed anatomical landmark using a second convolutional neural network different from the first convolutional neural network based on the 3D volume area of interest.",20240528,IMAGOWORKS INC,KIM YOUNGJUN,G06N3/09
US-12011191-B2,"Bedside stereotactic ultrasound guidance device, system and method","The present invention provides fixation devices, locking assemblies, and methods for using the same. The fixation devices of the invention are capable of accurate insertion of medical devices by providing detection means of a patient&#39;s internal anatomy and localizing a desired target. The devices are capable of locking into position to maintain accuracy.",20240618,PENN STATE RES FOUND,HAZARD III SPRAGUE W,A61B2090/364
US-2018057787-A1,Systems and methods for medical device control,"Systems, devices, and methods of the present disclosure assist with management of tubes and hoses during surgical procedures. The systems, devices, and methods provide for the proper opening and closing of tubes to facilitate performance of steps in a surgical procedure. Systems, devices, and methods of the present disclosure control fluid delivery to and from a medical device, including devices for tissue processing and cleaning.",20180301,LIFECELL CORP,FRIEDMAN EVAN,A61M2202/08
US-2018298202-A1,"Method for Providing a Substrate with an Antimicrobial Coating, and Coated Substrates Obtainable Thereby","The invention relates to the field of antimicrobial materials, in particular to implantable and other medical devices exhibiting antimicrobial activity. Provided is a method for providing a substrate with an antimicrobial coating by immobilizing a quaternary ammonium compound onto the surface of said substrate, comprising the polycondensation of AB2 monomers comprising a secondary amine as A-group and blocked isocyanates as B-groups to obtain a low number average molecular weight polyurea of at least 2500 Da, contacting said polyurea with a surface grafted with coupling agent to covalently anchor the polyurea, and continuing polycondensation to obtain a hyperbranched polyurea coating; followed by immobilizing onto said coating a hydrophobic N-alkylated polyethylenimine (PEI) having antimicrobial properties.",20181018,ZORG INNOVATIES NEDERLAND B V,LOONTJENS JACOBUS ANTONIUS,C09D201/005
US-10362936-B2,Methods of performing surgery using optical coherence tomography (OCT),Methods are provided including obtaining at least one image of a surgical region of a subject oriented for the surgical procedure using an OCT imaging system. An initial structural view of the surgical region to be used during the surgical procedure is constructed based on the obtained at least one OCT image. Parameters are computed as an end point for assessing an outcome of the surgical procedure using data derived from the OCT image. The surgical procedure is periodically assessed and clinical outcomes are monitored using changes to the OCT-derived initial structural view of the surgical region or changes to the computed at least one clinical parameter. It is determined if the surgical plan needs modification and it is modified during the surgical procedure. Operations repeat until it is determined that no more modifications are needed.,20190730,BIOPTIGEN INC,BUCKLAND ERIC L,A61B2090/3735
US-11980775-B2,Automatic generation of radiation treatment plan optimization objectives,"Generally speaking, pursuant to these various embodiments a memory stores prescribed treatment instructions for a particular patient radiation therapy. Those treatment instructions specify clinical metrics for goals pertaining to at least one treatment volume for the particular patient. Either directly or inferentially those clinical metrics are prioritized. A control circuit automatically converts those treatment instructions into resultant radiation treatment plan optimization objectives where the automatic conversion can compatibly comprise a non-convex optimization objective. The control circuit then automatically iteratively optimizes the radiation treatment plan for the particular patient radiation therapy as a function, at least in part, of the aforementioned resultant optimization objectives to thereby produce an optimized radiation treatment plan for the particular patient that a radiation treatment platform then utilizes to administer therapeutic radiation to the particular patient.",20240514,VARIAN MEDICAL SYSTEMS INT AG,RUOKOKOSKI EMMI,A61N5/1031
US-2020345862-A1,Transition metal-based functional moieties for preparing cell targeting conjugates,The disclosure relates to secondary functional moieties comprising a transition metal-based linker and a primary functional moiety bound thereto. The disclosure also relates to cell targeting conjugates comprising a linker of the invention. The disclosure further relates to a medicament comprising the cell targeting conjugate and to the use of the cell targeting conjugates in the diagnosis and treatment of cancer.,20201105,LINXIS B V,MERKUL EUGEN,A61K47/68031
US-2020367055-A1,Authorizing programming of an implanted device using second factor,"Described herein are techniques to ensure a user using an external device is authorized to connect and connecting to a correct implantable medical device using a wireless communication protocol. A request for authorization is sent to the external device from the implantable medical device, and the authorization can be provided by an authorization pulse sent using the implantable medical device charger over the inductive link between the charging device and the implanted device. The authorization pulse can be trusted because the inductive link is short range, ensuring the patient is aware of the connection to the implanted device. Once the implanted device receives the authorization pulse, it may finalize the pairing over the first connection.",20201119,VERILY LIFE SCIENCES LLC,CARUSO MICHAEL ANDREW,A61N1/37247
US-2021030918-A1,Coating of fibers with dipeptide nanostructures using ultrasonic cavitation,"Provided herein are composite structures that include a core fiber and a plurality of peptide-based self-assembled nanostructures attached thereto, wherein the nanostructures may be loaded with a bioactive agent, such that the composite structures may act as slow-release drug-delivery medical device. Also provided is process for producing the composite structures, and uses thereof.",20210204,UNIV RAMOT,ADLER-ABRAMOVICH LIHI,B82Y40/00
US-2021077080-A1,"Devices, systems and methods for surface sampling","Devices, systems and methods are disclosed which relate to using wet foam elution for removal of particles from swabs and wipes. This allow users to capture particles from surfaces and recover them by elution into small sample volumes for subsequent detection for human clinical, veterinary, food safety, pharmaceutical, outbreak investigations, forensics, biodefense and bioterrorism response, environmental monitoring, and other applications where collection of samples from surfaces and humans or animals is required. More specifically, the swabs or wipes are used to collect samples in the standard ways that commercially available swabs and wipes are in use today; from, for instance, food preparation surfaces in food plants, from production equipment in pharmaceutical facilities, for collection of dry powders during bioterrorism event response, and for collection of clinical samples such as nasal, throat, nasopharyngeal, and wounds.",20210318,INNOVAPREP LLC,ADOLPHSON ALEC D,A61B10/0096
US-2021118558-A1,System and method for improving healthcare through community engagement,"Methods and systems for improving healthcare through community engagement are provided. In one embodiment, a method includes initializing a community health application on a computing device for an engagement session with a candidate patient. A client identification sequence is performed using the application to enroll the candidate patient as a new community health client or lookup the candidate patient as an existing community health client. Certain client information is collected from the community health client via interaction with the computing device by a healthcare facilitator during the engagement session. The community health application controlling the computing device by presenting displays and reading data in relation to the displays. The client information is processed to select a clinical sequence for the engagement session with the community health client based on the client information. In another embodiment, the method is directed to processing and distribution of the client information to third parties.",20210422,CLEVELAND STATE UNIV,MATCHAM WILLIAM A,H04L67/12
US-2021153735-A1,"Ophthalmic system, ophthalmic information processing device, and ophthalmic diagnosing method","In an ophthalmic system of some embodiments, ophthalmic imaging apparatuses include slit lamp microscopes, and information processing system is connected to each ophthalmic imaging apparatus via a communication path. Each ophthalmic imaging apparatus is configured to acquire a three dimensional image by photographing a subject&#39;s eye, and transmit the three dimensional image to the information processing system. The information processing system is configured to receive the three dimensional image, store three dimensional images received, perform machine learning and/or data mining based on the three dimensional images, store knowledge acquired by the machine learning and/or data mining, and generate diagnosis support information by performing inference based on a three dimensional image of a subject&#39;s eye transmitted from one of the slit lamp microscopes knowledge stored in the knowledge storage.",20210527,TOPCON CORP,TSUKADA HISASHI,A61B3/18
US-2021324443-A1,"METHODS FOR DIAGNOSING LHRH OR hCG/LH RECEPTOR EXPRESSING TUMORS, CANCERS AND NEOPLASIAS","The invention relates to diagnosis, detection, screening, identifying and predicting methods. In various embodiments, methods of the invention include diagnosis, detection, or screening for a hyperproliferative disorder (e.g., a tumor, cancer or neoplasia) in the subject; identifying a subject that will or is likely to respond to a therapy for a hyperproliferative disorder (e.g., a tumor, cancer or neoplasia); and predicting therapeutic efficacy of a hyperproliferative disorder (e.g., a tumor, cancer or neoplasia) treatment in a subject.",20211021,ESPERANCE PHARMACEUTICALS INC,LEUSCHNER CAROLA,G01N33/575
US-2021401665-A1,Low noise measurement of impedance of a patient,A medical device for measuring an impedance of a patient or mammal when a current is applied by electrodes. The medical device includes an output transmits a drive signal to a set of drive electrodes coupled to a patient and an input receives a sense signal generated by a set of sensing electrodes coupled to the patient. A processor determines the impedance of the patient based on the drive signal transmitted to the set of drive electrodes and the sense signal received by the set of sensing electrodes.,20211230,PHYSIO CONTROL INC,LINVILLE DAVID,A61B5/086
US-2022020153-A1,Device and method for detecting cerebral microbleeds using magnetic resonance images,"A device and method for detecting cerebral microbleeds use magnetic resonance images. The disclosed device includes a preprocessing unit that normalizes an SWI image and a phase image, respectively, of the magnetic resonance images, and performs phase image conversion for inverting a code of the normalized phase image, a YOLO neural network module that receives a two-channel image in which the preprocessed SWI image and phase image are concatenated and detects a plurality of candidate regions for the cerebral microbleeds, and a cerebral microbleeds determination neural network module that receives patch images of candidate regions of the SWI image and phase image based on the candidate regions and determines whether the patch images of each candidate region are an image with a symptom of the cerebral microbleeds through a neural network operation.",20220120,HEURON CO LTD,KIM DONG HYUN,A61B5/055
US-2024382124-A1,Method and system for determining and monitoring relative consciousness of a subject,"A method, system, and device for monitoring the relative consciousness of a subject includes conducting response tests, by a consciousness detection system, on the subject to obtain a plurality of response test results. The response test includes an eye movement test conducted with a camera sensor, and the plurality of response test results are analyzed by comparison to a machine learning module to quantify the eye movement of the subject. The consciousness detection system includes a controller, the camera sensor and an alarm. The controller includes a processor to calculate a consciousness score and a memory. The method includes recording the response test results in the memory, analyzing, with the circuitry of the processor, the response test results to determine a consciousness score, triggering an alarm based on the consciousness score indicating a loss of consciousness, and repeating the response test at predetermined regularly timed intervals.",20241121,NAJRAN UNIV,ALQAHTANI ALI SAEED,A61B5/1124
US-2024408193-A1,Sars-cov-2 vaccines,"The present invention relates to a coronavirus vaccine composition, comprising one or more epitopes suitable for stimulating a broad adaptive immune response across a plurality of human leukocyte antigen (HLA) populations, for either MHC Class I and/or MHC Class II immunogenicity. The selection of such epitopes is made possible by the generation of predictive data by an artificial intelligence (AI)-driven platform, through the analysis of large scale epitope mapping of the SARS-CoV-2 proteome and epitope scoring based upon predicted immunogenicity, followed by robust statistical analysis and Monte Carlo-based simulation. The vaccine compositions of the present invention are suitable for use in the therapeutic or prophylactic treatment of SARS-CoV-2 infections. The invention also describes methods for using said compositions.",20241212,NEC ONCOIMMUNITY AS,STRATFORD RICHARD,G01N2333/165
US-11759551-B2,Application of antimicrobial agents to medical devices,"Invasive medical devices including a substantially non-eluting antimicrobial treatment are disclosed. One or more external and/or internal surfaces of the medical device include a substantially non-eluting copper-coated surface that assists in preventing microbial colonization of the coated surface. This in turn reduces the incidence of infection to the patient originating from the medical device. In one embodiment, a catheter assembly is disclosed and comprises an elongate catheter tube that defines at least one lumen, at least one extension leg including a luer connector, and a bifurcation hub including at least one fluid passageway that provides fluid communication between the extension leg and the lumen. A substantially non-eluting copper coating is disposed on a surface of at least one of the lumen, the extension leg, the luer connector, and the fluid passageway. The coating is applied via an electroless deposition process. A water-shed coating is disposed on the copper coating.",20230919,BARD INC C R,THIAGARAJAN GIRIDHAR,A61L29/106
US-10198668-B2,Apparatus and method for supporting computer aided diagnosis (CAD) based on probe speed,"There is provided an apparatus for supporting Computer Aided Diagnosis (CAD) based on a speed of a probe. The apparatus includes a region of interest (ROI) detector configured to detect an ROI from a current image acquired from a probe; and an ROI classifier configured to determine whether to classify the ROI using a determined state of a speed, and classify the ROI according to a result of the determination.",20190205,SAMSUNG ELECTRONICS CO LTD,RYU SEUNG WOO,A61B8/085
US-10293065-B2,Optical fiber based antimicrobial ultraviolet radiation therapy system,"An ultraviolet irradiation system includes a medical device having a central lumen, an optical fiber having a longitudinal length, and an ultraviolet wave generator, wherein ultraviolet waves generated by the wave generator are dispersed along the longitudinal length of the optical fiber to disinfect the central lumen of the medical device.",20190521,TELEFLEX MEDICAL INC,VICTOR JOHN C,A61L2103/15
US-10717775-B2,"Methods for cardiomyocyte survival, proliferation or differentiation by NRG-2","The invention features methods of treatment and diagnosis using NRG-2 polypeptides, nucleic acid molecules, and antibodies. The invention also provides novel NRG-2 polypeptides and nucleic acid molecules.",20200721,ACORDA THERAPEUTICS INC,MARCHIONNI MARK,A61K38/18
US-10717810-B2,Polymeric biomaterials derived from monomers comprising hydroxyacids and phenol compounds and their medical uses,"The present invention provides new classes of phenolic compounds derived from hydroxyacids and tyrosol or tyrosol analogues, useful as monomers for preparation of biocompatible polymers, and the biocompatible polymers prepared from these monomeric hydroxyacid-phenolic compounds, including novel biodegradable and/or bioresorbable polymers. These biocompatible polymers or polymer compositions with enhanced bioresorbabilty and processability are useful in a variety of medical applications, such as in medical devices and controlled-release therapeutic formulations. The invention also provides methods for preparing these monomeric hydroxyacid-phenolic compounds and biocompatible polymers.",20200721,UNIV RUTGERS,BOLIKAL DURGADAS,A61L31/16
US-2021219908-A1,Obstructive sleep apnea syndrome diagnosis method using machine learning,"Provided is an obstructive sleep apnea syndrome diagnosis method using machine learning. An embodiment of the present invention is directed to providing an obstructive sleep apnea syndrome diagnosis method using machine learning, which diagnoses obstructive sleep apnea syndrome by extracting parameters related to obstructive sleep apnea syndrome from a geometrical shape of an airway and performing machine learning using data calculated through simulation. Another embodiment of the present invention is directed to providing an obstructive sleep apnea syndrome diagnosis method using machine learning, which improves accuracy of diagnosis of obstructive sleep apnea syndrome and proposes a quantitative standard by diagnosing the obstructive sleep apnea syndrome from the geometrical shape of the airway as described above.",20210722,UNIV YONSEI IACF,LEE JOON SANG,A61B5/4818
US-2021275739-A1,Attachment System for Securing Medical Devices to Support Structures,"A medical device attachment system including a mounting system having a receptacle for receiving a hook attached to a medical device. The receptacle includes a rear wall, a first side wall, a second side wall, and a notch formed by the walls for closely receiving the hook. A plate mount forms a front wall of the receptacle and an appropriate attachment component is secured to the mounting plate for removably securing the mounting system to a desired support structure for the medical device.",20210909,DEROYAL IND INC,BARNES SCOTT DOUGLAS,A61M2209/082
US-2021353162-A1,System and method for analyzing a physiological condition of a user,"A system ( 100 ) and a method for analyzing a physiological condition of a user. The system ( 100 ) comprises one or more sensors ( 102   a,    102   b ) to measure one or more parameters including temperature and relative humidity from the user&#39;s skin and/or a corresponding temperature and relative humidity from the user&#39;s environment via an air gap. A signal representative of the measured parameters is generated. The system ( 100 ) also includes at least one transceiver ( 108 ) communicably connectable to the sensing unit ( 102 ) via one or more communication interfaces, wherein the transceiver ( 108 ) is configurable to analyze one or more received signals to initiate one or more events based on the analyzed parameters of the user. The system ( 100 ) further includes a processing unit ( 110 ) to receive one or more signals from the transceiver ( 108 ) and uses artificial intelligence and machine learning techniques to alert users of an impending physiological condition.",20211118,TAN GEOFFRY WENG LENG,TAN GEOFFRY WENG LENG,G06F18/24
US-2022058803-A1,"System for oct image translation, ophthalmic image denoising, and neural network therefor","An OCT system includes a machine learning (ML) model trained to receive a single OCT scan/image and provide an image translation and/or denoise function. The ML model may be based on a neural network (NN) architecture including a series of encoding modules in a contracting path followed by a series of decoding modules in an expanding path leading to an output convolution module. An intermediate error module determines a deep error measure, e.g., between a training output image and at least one encoding module and/or decoding module, and an error from the output convolution module is combined with the deep error measure. The NN may be trained using true averaged images as ground truth, training outputs. Alternatively, the NN may be trained using randomly selected, individual OCT images/scans as training outputs.",20220224,ZEISS CARL MEDITEC AG,BHATTACHARYA ARINDAM,G06T12/30
US-2022071837-A1,Automated generation of control signals for sexual stimulation devices,"A system and method for automated generation of control signals for sexual stimulation devices from videos of sexual activity. The system and method use annotation data indicating comprising indications of movements in the video corresponding to sexual activity to generate control signals for compatible sexual stimulation devices. The annotation data may be generated manually or automatically. Device control signals may be generated directly from the annotation data and synchronized with a video, or may be processed through a series of machine learning algorithms to generate models of “typical” sexual activity represented in the videos, which models are then used to generate signals for the sexual stimulation device.",20220310,SLOAN BRIAN,SLOAN BRIAN,G06N20/00
US-2022110528-A1,Thermal imaging temperature measurement of inner canthus systems and methods,"Various techniques are disclosed to provide for improved human body temperature detection using thermal images of an inner canthus. In one example, a method includes capturing a thermal image of a human being using a thermal imager. The method also includes detecting a face and an inner canthus of the human being in the thermal image using an artificial neural network. The method also includes determining a temperature measurement of the inner canthus using corresponding pixels of the thermal image. The method also includes determining a body temperature of the human being using the temperature measurement. Additional methods and systems are also provided.",20220414,FLIR COMM SYS INC,FRECKER TRAVIS,H04N23/23
US-2022215646-A1,Abdominal multi-organ segmentation with organ-attention networks,"Systems, methods, and apparatus for segmenting internal structures depicted in an image. In one aspect, a method includes receiving data representing image data that depicts internal structures of a subject, providing an input data structure to a machine learning model, wherein the input data structure comprises fields structuring data that represents the received data representing the image data that depicts internal structures of the subject, wherein the machine learning model is a multi-stage deep convolutional network that has been trained to segment internal structures depicted by one or more images, receiving output data generated by the machine learning model based on the machine learning model&#39;s processing of the input data structure, and processing the output data to generate rendering data that, when rendered, a computer, causes the computer to output, for display, data that visually distinguishes between different internal structures depicted by the image data.",20220707,UNIV JOHNS HOPKINS,PARK SEYOUN,G06V10/82
US-2022218928-A1,Method for evaluating volume responsiveness and medical device,"This disclosure provides a method for evaluating volume responsiveness and a medical device. The medical device includes a respiratory assistance device for providing respiratory support for a patient, and a first sensor for collecting physiological parameters of the patient and a processor. When volume responsiveness evaluation is needed, the processor controls ventilation parameters to switch to a second ventilation parameter that may increase the variation of the intrathoracic pressure of the patient, and then uses a parameter variation capable of reflecting the heartbeat of the patient to evaluate whether the patient is volume responsive.",20220714,ZHONGDA HOSPITAL SOUTHEAST UNIV,LIU LING,A61B5/02
US-2019282784-A1,Safety needle system operable with a medical device,"A safety needle system operable with a medical device includes: a housing with a needle mount having a needle; and a sheath telescopically engaged with the housing and surrounding the needle such that the sheath operates in a retracted position, in which the sheath exposes the needle, and an extended position, in which the sheath surrounds the needle. The sheath is coupleable to the medical device such that removal of the needle from the medical device draws the sheath over the needle, transitioning the sheath from the retracted position to the extended position. In one embodiment, the system includes a slider engaged with the sheath and/or housing and including a restraint that engages and disengages the sheath to respectively reinforce and weaken the coupling of the sheath and medical device. In another embodiment, the sheath includes a longitudinal track that slidingly engages a setting of the housing between sheath positions.",20190919,TANGENT MEDICAL TECH INC,FARRELL NATHAN,A61M25/0631
US-2020121755-A1,Therapy for subarachnoid hemorrhage and ischemia,"The application provides data from a clinical trial of a PSD-95 inhibitor in subjects undergoing endovascular repair of an aneurysm in or otherwise affecting the CNS. The subjects were stratified by whether the aneurysm ruptured before performing the endovascular surgery. Rupture is associated with higher mortality or increased debilitation if a subject survives. The trial provided evidence of significant benefit in subjects with and without aneurysm rupture before endovascular was surgery performed. Surprisingly, the subjects benefitting most from treatment as judged both by pathology and neurocognitive outcome were those in which the aneurysm had ruptured causing a subarachnoid hemorrhage. These data constitute evidence that a PSD-95 inhibitor is beneficial not only in ischemic and hemorrhagic stroke but in forms of hemorrhage in or affecting the CNS, particularly, subarachnoid hemorrhage.",20200423,NONO INC,TYMIANSKI MICHAEL,C12N2740/16322
US-2020146674-A1,Tissue fixation system and method,"A tissue fixation system is provided for dynamic and rigid fixation of tissue. A fastener connected with an elongate fastening member, such as a cable, wire, suture, rod, or tube, is moved through a passage between opposite sides of tissue. A medical device is used to secure the fastener to the elongate fastening member. The medical device includes a tensioning mechanism for tensioning the elongate fastening member. As crimping mechanism is used to secure the fastener to the elongated member, where a cutting mechanism cut the excess portion of the elongated member.",20200514,P TECH LLC,BONUTTI PETER M,A61B2017/0417
US-2020314207-A1,Dynamically Adjustable Frame Rate from Medical Device Controller,"A medical device monitoring system and method extract information from screen images from medical device controllers, and intelligently vary rates at which the screen images are fetched from the respective medical device controllers, so as to reduce computer network load, timely report high-priority information, such as alarms, and provide information at intervals requested by users. The rates at which the screen images are fetched are automatically varied based on information available to a server, such as available network bandwidth, level of network congestion, number of medical device controllers co-located at a single medical institution or on a given local area network (LAN), alarm status of a medical device controller and/or historical timing information regarding use of medical devices connected to the medical device controllers.",20201001,ABIOMED INC,AGNELLO ALESSANDRO SIMONE,A61M60/508
US-2020335217-A1,Methods and systems using mathematical analysis and machine learning to diagnose disease,"Exemplified method and system facilitates monitoring and/or evaluation of disease or physiological state using mathematical analysis and machine learning analysis of a biopotential signal collected from a single electrode. The exemplified method and system creates, from data of a singularly measured biopotential signal, via a mathematical operation (i.e., via numeric fractional derivative calculation of the signal in the frequency domain), one or more mathematically-derived biopotential signals (e.g., virtual biopotential signals) that is used in combination with the measured biopotential signals to generate a multi-dimensional phase-space representation of the body (e.g., the heart). By mathematically modulating (e.g., by expanding or contracting) portions of a given biopotential signal, in the frequency domain, the numeric-based operation gives emphasis or de-emphasis to certain measured frequencies of the biopotential signals, which, when coupled with machine learning, facilitates improved diagnostics of certain pathologies.",20201022,ANALYTICS FOR LIFE INC,BURTON TIMOTHY,A61B5/347
US-10835610-B2,Pharmaceutical or cosmetic compositions comprising a polymer and an absorption promoter for controlled release of active ingredients,Disclosed is a pharmaceutical or cosmetic composition or medical device for topical use including: a) a cosmetically or pharmaceutically active substance; b) a polyvinylcaprolactam/polyvinyl acetate/polyethylene glycol copolymer; and c) a phospholipid. Also disclosed is a method for treatment incorporating such a composition.,20201117,EMENEM S R L,RONCHI CELESTINO,A61K8/042
US-10881367-B2,"Detector module, detector and medical device","Methods, devices, systems and apparatus for arranging detector sub-modules in a medical device are provided. In one aspect, a detector includes a housing and a plurality of detector modules arranged in parallel along a direction on the housing and configured to detect rays emitted from a radiation source and attenuated by a subject. Each of the plurality of detector modules includes a support extending in the direction and a plurality of detector sub-modules arranged on the support along the direction. A top surface of each of the plurality of detector sub-modules is tangent to a respective spherical surface of a corresponding target sphere of at least two target spheres having different radiuses, and a respective sphere center of each of the at least two target spheres is substantially overlapped with a focal spot of the radiation source.",20210105,NEUSOFT MEDICAL SYSTEMS CO LTD,YU JUN,A61B6/4429
US-11197748-B2,Medical device for narrowing or closing an anatomical channel,"A medical device for narrowing or closing an anatomical channel includes a band part ( 1 ) which can be placed around the body tissue ( 2 ) surrounding the anatomical channel and which can be closed to form a ring that encloses a through-opening ( 6 ) for the body tissue, wherein the band part ( 1 ) has a hollow chamber ( 3 ), and wherein the through-opening ( 6 ) can be made smaller by introducing a fluid into the hollow chamber ( 3 ). The medical device moreover includes a pump unit ( 10 ) which serves to convey the fluid and which has an electric drive ( 15 ) controllable by an electronic control system of the device, wherein a pressure value corresponding to the pressure of the fluid in the hollow chamber ( 3 ) or dependent on this pressure can be detected by the electronic control system. The device moreover has an air pressure sensor ( 23 ) for detecting the atmospheric pressure.",20211214,AMI AGENCY MEDICAL INNOVATIONS GMBH,HOHLRIEDER MARTIN,A61F2220/0033
US-2023027982-A1,Regularized multiple-input pain assessment and trend,"Methods and systems implement a pain assessment regularizing system to autonomously observe pained expressions and physiological measurements of a patient, in order to systematically collect data inputs which may be converted to pain assessment factors. The pain assessment regularizing system, by collecting this data, may combine it with clinical appraisals of pain intensity and patient self-reporting of pain intensity, weighing each factor appropriately in a manner sensitive to the progression of a patient care program, so as to lessen confounding effects of subjective pain assessment. The pain assessment regularizing system may generate a time series of regularized pain assessment factors, and further forecast a regularized pain assessment trend. A clinician may further operate the pain assessment regularizing system to review a visualization of both the time series and the forecast, providing the clinician with rigorously sampled and analytically predicted data which cannot be derived through manual and mental efforts.",20230126,WELCH ALLYN INC,KELLNER DAVID L,G16H50/20
US-2023101946-A1,System and method for intelligent diagnosis,"A computer system and method for intelligent diagnosis are provided. The system comprises at least one processor and a memory storing instructions which when executed by the processor configure the processor to perform the method. The method comprises receiving an initial appoint request, receiving a first scanning appointment request, sending a movable practice to patient location, receiving scanning data, and sending the scanning data to remote server for processing.",20230330,DR DADJOU DENTISTRY PROFESSIONAL CORP,DADJOU HAMED,G16H40/20
US-2023118304-A1,"System, method, portable device, computer apparatus and computer program for monitoring, characterisation and assessment of a user&#39;s cough","The invention concerns a system for monitoring, characterising and evaluating a user&#39;s cough comprising a sensory instrumentation unit (2), including at least one abdominal contraction sensor (3) and at least one acoustic sensor (4), wherein the acoustic sensor (4) is triggered only when abdominal contractions are detected; a microcontroller (1); at least one data flow unit; and a data processing and analysis unit for cough assessment (5).The invention solves the problem of under-assessment of cough in medical practice, allowing to objective analyse the cough, contributing to the medical diagnosis by establishing parameterized cough patterns, involving the frequency, type of cough, the user&#39;s body position and other data regarding events which potentially cause cough. The invention also protects the user&#39;s privacy, as acoustic sensory data are only recorded when there are abdominal contraction events.",20230420,COUGH MONITORING MEDICAL SOLUTIONS LDA,JACINTO TECELÃO DIOGO BERNARDO,A61B2562/0204
US-2023230232-A1,Machine Learning for Detection of Diseases from External Anterior Eye Images,"The present disclosure is directed to systems and methods that leverage machine learning for detection of eye or non-eye (e.g., systemic) diseases from external anterior eye images. In particular, a computing system can include and use one or more machine-learned disease detection models to provide disease predictions for a patient based on external anterior eye images of the patient. Specifically, in some example implementations, a computing system can obtain one or more external images that depict an anterior portion of an eye of a patient. The computing system can process the one or more external images with the one or more machine-learned disease detection models to generate a disease prediction for the patient relative to one or more diseases, including, as examples, diseases which present manifestations in a posterior of the eye (e.g., diabetic retinopathy) or systemic diseases (e.g., poorly controlled diabetes).",20230720,GOOGLE LLC,LIU YUN,A61B3/12
US-12133763-B2,Ultrasound imaging,"The present disclosure provides methods and apparatus for evaluating tissue structure in damaged or healing tissue. The present disclosure also provides methods of identifying a patient at the onset of risk of pressure ulcer or at risk of the onset of pressure ulcer, and treating the patient with anatomy-specific clinical intervention selected based on a number of sonographic characteristics. The present disclosure also provides methods of stratifying groups of patients based on risk of wound development and methods of reducing incidence of tissue damage in a care facility. The present disclosure also provides methods to analyze trends of sonographic characteristics to detect tissue damage before it is visible, and methods to compare bisymmetric sonographic characteristics to identify damaged tissue.",20241105,BRUIN BIOMETRICS LLC,BURNS MARTIN F,A61B8/5223
US-12144757-B2,Adjustable tensioning device,"An adjustable tensioning device capable of providing and holding high tensions needed for medical devices, prosthetics, and orthotics.",20241119,ICARUS MEDICAL LLC,MILLER PHILIP,A61F2005/0165
US-2021068639-A1,Molecular chemical imaging endoscopic imaging systems,"The instant disclosure provides for medical imaging systems that may be used in conjunction with an intraoperative medical device, such as an endoscope. Generally, the disclosed medical imaging systems include an illumination source configured to generate illuminating photons for illuminating a biological sample. An optical signal modulator is configured to separate one or more of the illuminating photons and photons that have interacted with the biological sample into a first optical signal having first multi-passband wavelengths and a second optical signal having second multi-passband wavelengths. At least one detector is configured to detect one or more of the first optical signal and the second optical signal and generate at least one image data set. A processor is configured to analyze the at least one image data set. In some embodiments, the processor is configured to differentiate between structures of the biological sample, such as between an ureter and surrounding tissue.",20210311,CHEMIMAGE CORP,TREADO PATRICK,A61B1/000094
US-2021169626-A1,Artificial contractile structure,"Artificial contractile structure ( 1 ) for a medical device, said artificial contractile structure ( 3 ) comprising:—an elongated member ( 3 ) adapted to contact a hollow body organ;—a closure ( 9 ) adapted to form the artificial contractile structure ( 1 ) into a closed loop around said hollow body organ;—a tension system ( 11 ) arranged to be connected to a control unit ( 28 ), said tension system ( 1 ) being adapted to modify an internal diameter of said closed loop in response to a force applied by said control unit ( 28 ). According to the invention, said elongated member ( 3 ) comprises a resilient core ( 5 ) and a biocompatible outer sheath ( 7 ). Said tension system ( 11 ) furthermore comprises a first tensile element ( 13 ) attached to a first point ( 3   c ) of said elongated member, and a second tensile element ( 15 ) attached to a second point ( 3   d ) of said elongated member, each of said tensile elements ( 15, 17 ) passing through an adaptor ( 17 ) situated between said first point ( 3   c ) and said second point ( 3   d ).",20210610,MYOPOWERS MEDICAL TECH FRANCE SAS,AUBERT CHRISTOPHE,A61F2/005
US-2021228062-A1,Endoscope and endoscope attachments,"A medical device is provided. The medical device can include an elongated shaft, an optical illumination carrier to provide light to a distal end of the shaft, an optical carrier to provide light incident on the distal end of the shaft to a proximal portion of the endoscope, and an attachment device mechanically coupled to the shaft such that the attachment device is rotatable about a perimeter of the shaft.",20210729,GYRUS ACMI INC DBA OLYMPUS SURGICAL TECHNOLOGIES AMERICA,EDWARDS KEVIN COOPER,A61B1/00142
US-10740655-B2,Integrative prediction of a cognitive evolution of a subject,"A system and method automatically predicts an evolution of a cognitive score for a subject by classifying a cognitive data set for the subject into a first or second class by determining the cognitive set of data for each subject of a group, acquiring for each subject a neuropsychological score used for classifying each subject in the first or second class, and training a two-class machine learning classification algorithm on the cognitive data sets of all subjects. For each subject, the cognitive data set is used as input of the algorithm and the obtained classification of the subject as output target of the algorithm. The algorithm classifies each cognitive data set in the first or second class. The evolution of the cognitive score of a subject is predicted by the trained algorithm for automatically classifying a new cognitive dataset for the subject into the first or second class.",20200811,CENTRE HOSPITALIER UNIV VAUDOIS,RICHIARDI JONAS,A61B5/055
US-10754926-B2,Data management unit and method operating same,"The present invention refers to data management unit comprising a data storage (130) adapted to store a plurality of measurement values of the physiological parameter, preferably a blood glucose level, for each measurement value an associated event tag, for each measurement value an associated time stamp, an associated time range for tagging preselection for each of at least two meal events, each time range is preferably user-settable, preferably also for a fasting event an associated time range for tagging preselection, this time range is preferably user-settable, a processor (140) adapted to receive a new measurement value from the data storage (130) or from a measurement unit (110), which is preferably at least shortly connected for data transfer, assign an associated time stamp to the new measurement value, if an associated time stamp does not yet exist with the new measurement value, receive selection data containing the information that the user has selected and/or confirmed one of a “before meal” tag and an “after meal” tag with regard to the new measurement value, automatically select an additional associated tag referring to one of the at least two meal events and preferably also of the fasting event based on the selection data and on a comparison of the time stamp of the new measurement value with the associated time ranges for tagging preselection of the at least two meal events and preferably also with the time range for tagging preselection of the fasting event. The invention further refers to a corresponding medical device (100), a corresponding method and computer program for operating a data management unit as well as to a corresponding computer program product.",20200825,SANOFI AVENTIS DEUTSCHLAND,TUBB ANDREW,G16H20/17
US-10893844-B1,Method and apparatus for performing 3D imaging examinations of a structure under differing configurations and analyzing morphologic changes,"Digital breast tomosynthesis represents an enhanced type of mammogram for detecting breast cancer. In this disclosure, data from digital breast tomosynthesis is reconstructed into a volumetric database with each voxel having a (x, y, z) coordinate and viewed in true 3D using geo-registered head display unit and geo-registered tools for overall enhanced diagnosis. The breast is imaged under various configurations and the internal architecture of an anatomic feature three-dimensionally analyzed.",20210119,DOUGLAS DAVID BYRON,DOUGLAS DAVID BYRON,G06T2207/30068
US-10898308-B2,Device and method of performing cerclage sacrocervicopexy,"A medical device and method of use comprising a base portion having a length extending from proximal end and a distal end and a width extending from a first side to a laterally opposed second side. At least one arm extending from at least one of the first or second sides, the at least one arm extending a distance greater than the width of the base portion. The arm being configured to extend around at least a portion of a cervical isthmus.",20210126,GYNEAPEX SURGICAL LLC,ROSENBLATT PETER L,A61F6/12
US-11026766-B2,Photo realistic rendering of smile image after treatment,"A method may include: receiving facial image of the patient that depicts the patient&#39;s teeth; receiving a 3D model of the patient&#39;s teeth; determining color palette of the depiction of the patient&#39;s teeth; coding 3D model of the patient&#39;s teeth based on attributes of the 3D model; providing the 3D model, the color palette, and the coded 3D model to a neural network; processing the 3D model, the color palette, and the coded 3D model by the neural network to generate a processed image of the patient&#39;s teeth; simulating specular highlights on the processed image of the patient&#39;s teeth; and inserting the processed image of the patient&#39;s teeth into a mouth opening of the facial image.",20210608,ALIGN TECHNOLOGY INC,CHEKH DMITRY YURIEVICH,A61C2203/00
US-11129657-B2,Adjustable bone fixation systems,"The invention is directed in various aspects to a system including anchors, anchor components, and anchor assemblies and subassemblies that are adapted for attachment to a bony structure of a clinical subject. For example, two or more such anchors in the form of screws may be affixed to bones, for example, vertebral structures such as the pedicle, and each anchor is connected to a stabilizer such as a surgical rod that is inserted between the anchors. The anchors and assemblies are novel in many respects owing to their modular nature, which in contrast to conventional systems, allows the anchors to be provided to a surgeon in modular, subassembly and fully assembled form to enable a broad array of choices in devising the optimal plane for surgical bone fixation.",20210928,GEIST WYATT DRAKE,GEIST WYATT DRAKE,A61B17/8625
US-11217338-B2,Displaying visual elements on a medical device,"A medical system includes a medical device and a display for displaying a plurality of visual elements. The plurality of visual elements are associated with functions of the medical device. The medical system also includes a plurality of visual profiles for facilitating in controlling visual appearance of the plurality of visual elements displayed on the display, and a visual profile selector for selecting at least one of the plurality of visual profiles based on a state of the medical device.",20220104,CAREFUSION 303 INC,VIK DANIEL,G16H20/17
US-2018017669-A1,Ultrasonic diagnostic apparatus and method for controlling ultrasonic probe,Provided is an ultrasound diagnosis apparatus including a probe configured to transmit a plurality of plane waves at a plurality of steering angles and a controller configured to determine the plurality of plane waves so that a grating lobe of a synthetic transmit focusing beam pattern using the plurality of plane waves is located outside a region of interest.,20180118,SAMSUNG ELECTRONICS CO LTD,LEE HYUN-TAEK,A61B8/145
US-2018125336-A1,Endoscopic methods and devices for transnasal procedures,"Medical devices, systems and methods that are useable to facilitate transnasal insertion and positioning of guidewires and various other devices and instruments at desired locations within the ear, nose, throat, paranasal sinuses or cranium.",20180510,ACCLARENT INC,GOLDFARB ERIC,A61B1/044
US-2020194031-A1,Intelligent transportation systems,"Transportation systems have artificial intelligence including neural networks for recognition and classification of objects and behavior including natural language processing and computer vision systems. The transportation systems involve sets of complex chemical processes, mechanical systems, and interactions with behaviors of operators. System-level interactions and behaviors are classified, predicted and optimized using neural networks and other artificial intelligence systems through selective deployment, as well as hybrids and combinations of the artificial intelligence systems, neural networks, expert systems, cognitive systems, genetic algorithms and deep learning.",20200618,STRONG FORCE INTELLECTUAL CAPITAL LLC,CELLA CHARLES,G06Q10/40
US-2020288972-A1,"Method for supporting reading of fundus image of subject, and device using same","The present invention relates to a method for supporting reading of a fundus image of a subject, and a computing device using the same. Specifically, the computing device according to the present invention acquires the fundus image of the subject, extracts attribute information from the fundus image on the basis of a machine learning model for extracting the attribute information of the fundus image, and provides the extracted attribute information to an external entity. In addition, when evaluation information on the extracted attribute information or modification information on the attribute information is acquired, the computing device according to the present invention can also update the machine learning model on the basis of the acquired evaluation information or modification information.",20200917,VUNO INC,PARK SANG JUN,A61B3/1225
US-2021127980-A1,"An intraoral medical device for predicting abnormalities in oral cancer, malignant disorders, interdental caries, and peridontal pockets","A hand held medical device with light emitting source and CCD camera for use to view upon oral cavity for intraoral screening of diseases such as oral cancer and potentially malignant disorders (PMD). The device has a supply of an illumination source of various wavelengths, a selector switch that enables the activation of a specific wavelength of light from the illumination source, a switch to adjust the intensity of various wavelength of the light emitting from the illumination source, an electronic system to control the selector switch and the illumination source, a camera to transmit and capture stored and live images from the oral cavity.",20210506,DEVARAJU RAMA RAJU,DEVARAJU RAMA RAJU,H05B47/10
US-12153421-B2,Neural network for improving the state of a rider in intelligent transportation systems,"A rider state modification system for improving a state of a rider in a vehicle includes a first neural network that operates to classify a state of the vehicle through analysis of information about the vehicle captured by an Internet-of-things device during operation of the vehicle. The rider state modification system further includes a second neural network that operates to optimize at least one operating parameter of the vehicle based on the classified state of the vehicle, information about a state of a rider occupying the vehicle, and information that correlates vehicle operation with an effect on rider state.",20241126,STRONG FORCE TP PORTFOLIO 2022 LLC,CELLA CHARLES HOWARD,G06Q10/40
US-2018365826-A1,Capsule endoscope for determining lesion area and receiving device,Provided is a capsule endoscope. The capsule endoscope includes: an imaging device configured to perform imaging on a digestive tract in vivo to generate an image; an artificial neural network configured to determine whether there is a lesion area in the image; and a transmitter configured to transmit the image based on a determination result of the artificial neural network.,20181220,ELECTRONICS & TELECOMMUNICATIONS RES INST,OH KWANG IL,G06N3/045
US-2019069789-A1,Mobile three-lead cardiac monitoring device and method for automated diagnostics,"Methods and apparatuses, including devices and systems, for remote and detection and/or diagnosis of acute myocardial infarction (AMI). In particular, described herein are handheld devices having an electrode configuration capable of recording three orthogonal ECG lead signals in an orientation-specific manner, and transmitting these signals to a processor. The processor may be remote or local, and it may automatically or semi-automatically detect AMI, atrial fibrillation or other heart disorders based on the analyses of the deviation of the recorded 3 cardiac signals with respect to previously stored baseline recordings.",20190307,HEARTBEAM INC,BOJOVIC BOSKO,G16H40/67
US-2019117836-A1,Extracellular matrix sheet structures,"An implantable medical product and method of use for substantially reducing or eliminating harsh biological responses associated with conventionally implanted medical devices, including inflammation, infection and thrombogenesis, when implanted in in a body of a warm blooded mammal. The bioremodelable pouch structure is configured and sized to receive, encase and retain an electrical medical device therein and to allow such device to be inserted into the internal region or cavity of the pouch structure; with the pouch structure formed from either: (a) first and second sheets, or (b) a single sheet having first and second sheet portions. After receiving the electrical device, the edges around the opening are closed by suturing or stapling. The medical device encased by the bioremodelable pouch structure effectively improves biological functions by promoting tissue regeneration, modulated healing of adjacent tissue or growth of new tissue when implanted in the body of the mammal.",20190425,AZIYO MED LLC,MATHENY ROBERT G,A61N1/375
US-2019211095-A1,Therapeutic agents for the treatment of diseases associated with undesired cell proliferation,"The invention is based on observing that LIF is capable of activating the self-renewal of tumor stem cells in cancer, in particular gliomas, which indicates that the inhibition of LIF, and generally of IL-6 type cytokines, can be used in therapeutic compositions for the treatment of diseases associated with unwanted proliferation. The invention also relates to a method for the identification of compounds capable of blocking/inhibiting the proliferation of stem cells, and to an in vitro method for the diagnosis of diseases associated with unwanted cell proliferation in a subject or for determining the predisposition of a subject to suffer said disease associated with unwanted cell proliferation, or for prognosis of average life expectancy of subjects suffering from said tumors.",20190711,FUNDACIO PRIVADA INST CATALANA DE RECERCA I ESTUDIS AVANCATS ICREA,SEOANE SUAREZ JOAN,A61P43/00
US-2019306465-A1,Systems and methods for configuring baby monitor cameras to provide uniform data sets for analysis and to provide an advantageous view point of babies,"Systems and methods for monitoring babies with cameras using a centralized computation and storage center that allows using visual output signals for computer vision and machine learning analysis and high-level reasoning of baby movements. The system comprises a camera located at a predefined working point above a baby&#39;s crib, and one or more communication networks between components of the system including a web-based network for in-depth computer vision and machine learning analysis of the visual output signals by an analysis server.",20191003,UDISENSE INC,GLAZER ASSAF,H04N23/661
US-11925555-B2,Double steerable sheath and method for deployment of a medical device,"The present invention relates to a double steerable sheath, a delivery system comprising such a sheath and a method for deployment of a medical device, e.g. a replacement heart valve prosthesis, in a patient&#39;s heart.",20240312,Tricares SAS,STAPPENBECK NADINE,A61F2/2436
US-2018000924-A1,A vaccine for use against subclinical lawsonia infection in a pig,"The present invention pertains to a vaccine comprising non live  Lawsonia intracellularis  antigen and a pharmaceutically acceptable carrier for use in a method to reduce in a pig the shedding of  Lawsonia intracellularis  bacteria associated with subclinical infection with  Lawsonia intracellularis , by systemic administration of the vaccine to the pig.",20180104,INTERVET INC,JACOBS ANTONIUS ARNOLDUS CHRISTIAAN,A61P43/00
US-2018029979-A1,Isothiocyanate compound and application thereof,"The present invention provides an isothiocyanate compound and its application. The compound is an aryl-substituted isothiocyanate compound that has a structure of the general formula I. The isothiocyanate compound of the present invention has very good solubility in water, far better inhibitory activity for XPO1 protein than other non-aryl substituted congeneric compounds, little side effects, and good biological safety and bioavailability, and is quite suitable for clinical application. Therefore, the isothiocyanate compound would have tremendous potential market space and economic benefits.",20180201,DRIVINGFORCE THERAPEUTICS CO LTD,YANG YONGLIANG,A61P43/00
US-2023302132-A1,Method for preparing universal immune cells and use thereof,"Provided are a simple and convenient method for preparing universal immune cells and the use thereof. The method comprises placing allogeneic immune cells and specific cell mitogens, cytokines, and immunologic adjuvants in a liquid cell culture medium to be co-cultured in a culture container, so as to obtain a universal immune cell culture with a high immunocompetence. Many clinical long-term practical applications have proven that the universal immune cells are safe and reliable, durable and effective, and have no rejection reaction. Therefore, the universal immune cells can be used as maternal cells of other types of universal immune cell preparations, such as CAR-T and TCR-T, and can be used in fields including adoptive cellular immunotherapy, etc.",20230928,SHANGHAI XINGHUA BIO PHARMACEUTICAL SCIENCE & TECH CO LTD,LIU HUA,A61K40/50
US-2023310080-A1,Artificial intelligence-based systems and methods for automatic measurements for pre-procedural planning,"A computer implemented method to automatically measure structural features of anatomies using an automatic measurement system, the method includes receiving medical images of the anatomies. The method includes detecting landmarks of the anatomies based on the medical images using an artificial intelligence (AI)-based model and constructing an anatomical structural model of the anatomies based on the detected landmarks. The method includes making quantifying measurements of selected structural features of the anatomical structural model and generating a report including the quantifying measurements.",20231005,DASISIMULATIONS LLC,LEE BEOM JUN,G16H50/20
US-2024093154-A1,Generation of functional human ipsc-derived pancreatic islets in co-culture with isogenic ipsc-derived vascular endothelial cells,"Diabetes is a clinical condition that affects millions of people worldwide, and is treated by insulin replacement therapies. New strategies to create scalable and compatible pancreatic islets containing insulin-producing beta cells are necessary as an alternative to limited supply of cadaveric islets or multiple exogenous insulin applications. Improvements are still necessary since many immature polyhormonal cells remain, and cannot attain a monohormonal state. During human development, pancreas co-develops with endothelium and shares signals, allowing for better maturation of beta cells, and this is not included in the current differentiation protocols. The organchip microfluidic devices allows dynamic co-culture of different cells, thus resembling in vivo physiology. Here the Inventors establish organ-chip models co-culturing human iPSC-derived pancreatic precursors with iPSC-derived endothelial cells to obtain more functional and monohormonal iPSC-derived beta cells.",20240321,CEDARS SINAI MEDICAL CENTER,SAREEN DHRUV,C12N2501/415
US-2024293188-A1,Medical Device Position Notification System,"A medical device position notification system including a medical device and at least one sensor associated with the medical device, a processor, and a display device. The medical device is configured to be inserted into an orifice of the patient. The sensor measures information related to the position of the medical device in the patient&#39;s body, and communicates the information with the processor in real-time. The display device is coupled to the processor and is configured to display a tracing path of the position of the medical device in real-time. The display device is further configured to display a notification of the position of the medical device within the patient&#39;s body, such as a notification alert that the medical device has deviated from a predetermined path.",20240905,AVENT INC,MCMICHAEL DONALD,A61B5/743
US-2024279504-A1,Zwitterionic copolymer coatings and related methods,"Zwitterionic carboxybetaine copolymers and their use in coatings to impart non-fouling and functionality to surfaces, particularly surfaces of blood-contacting medical devices.",20240822,UNIV WASHINGTON,JIANG SHAOYI,C08J2333/26
US-2021121226-A1,Articulating medical grasper,"An articulated medical device including, a proximal articulating region, a catheter extending from the proximal articulating region, a distal articulating region, and a plurality of guide wires extending from the proximal to the distal articulating regions and mechanically coupling and transferring movements of the proximal articulating region to the distal articulating region.",20210429,MEDTRONIC XOMED INC,JOSEPH DANIEL A,A61B2018/0063
US-2021145426-A1,End cap assembly for retractor and other medical devices,"A medical device including a handle portion connected to an operative portion at a proximal end thereof, the handle portion having a hollow cross-section and an open distal end, an illumination assembly comprising at least one light source, a switch assembly for energizing the light source, and at least one battery for powering the light source, an end cap assembly configured to attach to the open distal end of the handle portion, the end cap assembly accommodating the switch assembly and being configured to hold the at least one battery within the handle and to partially enclose the at least one battery, and a smoke evacuation channel in communication with the hollow cross-section of the handle, wherein a portion of the switch assembly extends through an opening in the end cap assembly and the at least one battery is held by the end cap assembly to overlap with the switch assembly and to overlap with the opening in the end cap assembly, and wherein the end cap assembly includes a vacuum port configured to couple to a vacuum source and to provide suction to the smoke evacuation channel through the handle.",20210520,OBP MEDICAL CORP,SWIFT JEFFREY RALPH,A61B90/30
US-2021170183-A1,Method and device for processing a cardiac signal,"A method for processing a cardiac signal represented as a function of time includes providing a number n of different threshold levels Ni, with i=1 to n and n being greater than or equal to three; detecting, from a given time T and per threshold level Ni, at least two successive intersections of the cardiac signal with the threshold level Ni, considering a crossing per increasing and/or decreasing value of the cardiac signal with the threshold level Ni; and determining at least one statistical parameter for the cardiac signal from the intersections of the cardiac signal with the at least three different threshold levels Ni. The method may be implemented by a subcutaneous active implantable medical device having a control circuit configured to process a cardiac signal.",20210610,SORIN CRM SAS,MARIE ELODIE,A61B5/318
US-2021236596-A1,Methods for treating pemphigus disorders,"Provided are methods for treating pemphigus using an FcRn antagonist such as efgartigimod. The methods of the invention provide a rapid onset of action to enable early disease control and maintenance of clinical remission, with or without a minimal dose of corticosteroids.",20210805,argenx BV,VERHEESEN PETER,C07K16/283
US-11944357-B2,Minimally invasive surgery add on screw system,"A system, medical devices, and methods for use in surgical procedures, such as spinal surgeries. The system, medical devices, and methods are designed to provide a surgeon the ability to add a screw connector, or screw head such as a tulip, to pre-existing implanted bone, such as pedicle, facet, lateral mass, etc., screw system without having to remove the previously implanted screws and/or rods already existing in a patient.",20240402,SNJ PATENTS LLC,THEOFILOS CHARLES,A61B17/708
US-12004950-B2,Medical device delivery system and methods of delivering medical devices,"In some embodiments, a medical device delivery system includes a catheter and a retainer. The retainer can be engaged with the medical device to restrain relative movement of the medical device in one or more axial and/or radial directions. A variety of retainers and retainer systems are disclosed, many of which can reliably disengage the medical device from the retainer. Methods for using the medical device delivery system are also described.",20240611,MEDTRONIC CV LUXEMBOURG S A R L,GALLAGHER JOHN,A61F2002/9583
US-12006551-B1,MiRNA marker for diagnosis and/or treatment of alzheimer&#39;s disease,"A miRNA marker for the treatment and/or diagnosis of Alzheimer&#39;s disease (AD), and the miRNA marker is a miRNA23 cluster. The miRNA23 cluster is used in the diagnosis and treatment of AD. The expression of the miRNA23 cluster is detected using primers for the microRNA marker through AD model cells, AD model animals and natural aging animals, and blood of AD patients, and it is found that the expression of the miRNA23 cluster is significantly reduced during the progression of AD, which reduces neuronal apoptosis by inhibiting the GSK-3β-mediated tau protein phosphorylation. Therefore, the miRNA23 cluster can be used as a novel biomarker and therapeutic target for the early, non-invasive diagnosis and treatment of AD.",20240611,INST OF MEDICINAL BIOTECHNOLOGY CHINESE ACADEMY OF MEDICAL SCIENCES AND PEKING UNION MEDICAL COLLEGE,LIU RUI,C12Q2600/178
US-2018256737-A1,Conjugates for treating diseases caused by psma expressing cells,"The invention described herein pertains to the diagnosis, imaging, and/or treatment of pathogenic cell populations. In particular, the invention described herein pertains to the diagnosis, imaging, and/or treatment of diseases caused by PSMA expressing cells, such as prostate cancer cells, using compounds capable of targeting PSMA expressing cells.",20180913,ENDOCYTE INC,VLAHOV IONTCHO RADOSLAVOV,A61P35/00
US-2024016431-A1,Diagnostic lab-on-a-chip device,"A diagnostic hub located in a toilet receives a wireless signal from a mobile device of a user and determines that the user is proximate to the toilet based on the wireless signal. An identification of the user is determined based on the wireless signal. A geolocation of the diagnostic hub is determined. Sensor data generated by biometric sensors and environmental sensors is received. The diagnostic intakes a mixture of water and urine from the toilet into an intake chamber of the diagnostic hub through an inlet line or one or more openings in a housing of the diagnostic hub. A lab-on-a-chip of the diagnostic hub executes a biochemical assay on a fluid volume of the mixture using a reagent. Substance levels present in the urine are determined based on the biochemical assay. Results based on the substance levels are determined, indicating a diagnosis of one or more diseases or medical conditions.",20240118,BITJONCK CELESTIN B,BITJONCK CELESTIN B,A61B5/207
US-2024087734-A1,Device and Method for Detecting an Actuation Action Performable with a Medical Device,"An apparatus is disclosed, comprising a detector unit comprising a detector configured to detect an actuation action performable via the detector unit to an actuation button of a medical device to cause the medical device to eject at least a portion of a medicament comprised in the medical device. The detector is configured to detect the actuation action based on a detection of a force and/or a touch applied to the detector unit as part of the actuation action. The apparatus further comprises an electric unit connected to the detector and configured to store and/or provide information related to the detected actuation action. Furthermore, an according method and a computer program for controlling this method are disclosed.",20240314,SANOFI AVENTIS DEUTSCHLAND,GROESCHKE JASMIN,G16H40/40
US-2024117050-A1,Cd3-delta/epsilon heterodimer specific antibodies,"Novel human CD3 antigen-binding polypeptides and their preparation and use in the treatment and/or diagnosis of various diseases are provided, as well as bispecific antibody molecules capable of activating immune effector cells and their use in diagnosis and/or treatment of various diseases.",20240411,TENEOBIO INC,SCHELLENBERGER UTE,A61K2039/505
US-2024138689-A1,Vascular Pressure Measurement Systems and Methods Including Vascular Pressure Differential Diagnostic Systems and Related Methods,Systems and methods for pressure differential measurement and hemodynamic response assessment in vascular lumens are disclosed. Systems include catheter-based devices with variable flow restriction to create a controlled variable pressure differential (ΔP) within the coronary sinus. Methods are disclosed that allow a range of pressure changes to be mapped to a range of flow restriction diameters on a patient-specific basis as well as mapped to clinically measurable indicators of restriction/pressure change effect on hemodynamic and cardiac response.,20240502,VAHATICOR INC,VAN BLADEL KEVIN H,A61B5/02158
US-10829560-B2,"Agents binding specifically to human cadherin-17, human cadherin-5, human cadherin-6 and human cadherin-20 RGD motif","The disclosure relates to agents binding specifically to human cadherin 17 (CDH17), and/or to human cadherin 5 (CDH5), and/or to human cadherin 6 (CDH6), and/or to human cadherin 20 (CDH20). The disclosure also relates to the use of these agents in therapy, methods for diagnosis and/or prognosis and/or stratification of a cancer in a subject, and pharmaceutical compositions comprising said agents. The disclosure also relates to cancer markers and markers of metastasis.",20201110,CONSEJO SUPERIOR INVESTIGACION,CASAL ÁLVAREZ JOSÉ IGNACIO,G01N33/57525
US-11241311-B2,Delivery system with pacing element,"Medical device delivery assemblies are disclosed. The assembly may include a catheter-based delivery system. The assembly may include a pacing element to pace a patient&#39;s heart before, during, or after a procedure. The pacing element may be a detachable, implanting pacing element. The pacing element may be an implantable pacemaker and the implantable pacemaker may be disposed on a catheter-based delivery system. The assembly may include a prosthetic heart valve with one or more pacing elements on it. The pacing element may include a pacing strip or strips. These strips may be conductive or insulative. These strips may prevent, treat, or correct abnormal electrical communication in a heart.",20220208,MEDTRONIC VASCULAR GALWAY LTD,CASLEY MARK,A61F2250/0043
US-11319571-B2,Red blood cell dynamics for gastrointestinal evaluation,"Methods for identifying patients with anemia, distinguishing thalassemia-trait anemia from iron-deficiency anemia, and identifying pre-anemic patients several weeks before anemia becomes clinically detectable. Also, methods for detecting blood doping in athletes and for optimizing therapy with erythropoiesis stimulating agents or iron supplementation. Computer-readable storage devices and systems, e.g., for use in the described methods.",20220503,MASSACHUSETTS GEN HOSPITAL,HIGGINS JOHN M,G01N33/721
US-2018292902-A1,Prefrontal-based cognitive brain-machine interfacing apparatus and method thereof,"Provided are prefrontal-based brain-machine interfacing apparatus and a method thereof. The apparatus includes a brainwave measurement device configured to measure a prefrontal brainwave signal of a subject, and a processor configured to execute a cognitive brain-machine interface program stored in a memory, the processor pinpoints a brain cortical region generating the corresponding prefrontal brainwave signal among previously assigned multiple subdivisions of a prefrontal area, measures the sensor-level brain activity, extracts a prefrontal cortical-level activity pattern by computing source localization and calculating causal connectivity among two or more previously assigned brain regions on the basis of the degree of corresponding sensor-level brain activities, inputs the prefrontal activity pattern into a classifier which is previously generated by machine learning of multiple prefrontal activity patterns of the subject to identify one of the preset control conditions, and generates and outputs a preset machine regulating signal on the basis of a result of identification.",20181011,UNIV KOREA RES & BUS FOUND,MIN BYOUNG-KYONG,A61B5/048
US-2019076101-A1,Multiresolution iterative reconstruction for region of interest imaging in x-ray cone-beam computed tomography,"A method and apparatus is provided to generate a multiresolution image having at least two regions with different pixel pitches. The multiresolution image is reconstructed using projection data having various pixel pitches corresponding to the pixel pitches of the multiresolution image. By using a higher resolution inside regions of interest (ROIs) in both the image and projection domains and lower resolution outside the ROIs, fast image reconstruction can be performed while avoiding truncation artifacts, which result imaging is limited to an ROI excluding attenuation regions. Further, those regions of greater clinical relevance and greater structural variance within the reconstructed images can be selected to be within the ROIs to improve the clinical benefit of the multiresolution image. The multiresolution image can be reconstructed using an iterative reconstruction method in which the high- and low-resolution regions are uniquely evaluated.",20190314,UNIV CHICAGO,PAN XIAOCHUAN,G06T12/20
US-2019151504-A1,Antimicrobial coating compositions,The invention relates to an antimicrobial coating composition for coating articles comprising: an antimicrobial pep tide and a nanoparticle bound to said antimicrobial peptide; wherein the composition is suitable to be bonded to the surface of the article. The said composition could be used as coating composition of medical devices and laboratory surfaces.,20190523,BIOCANT CENTRO DE INOVACAO EM BIOTECNOLOGIA,FERREIRA LINO DA SILVA,A61L2400/12
US-2019175109-A1,Medical device with rotational flexible electrodes,"The present disclosure relates to a portable wearable medical device ( 1 ) with two electrode connection points for simultaneous corporal attachment of two electrodes ( 2 ) for biosignal collection, in particular for electrocardiogram, ECG or EKG, monitoring.",20190613,INESC TEC INSTITUTO DE ENGENHARIA DE SIST E COMPUTADORES TECNOLOGIA E CIENCIA,TRIGUEIROS DA SILVA CUNHA JOÃO PAULO,A61B2562/0209
US-11547499-B2,Dynamic and interactive navigation in a surgical environment,"A system and method for converting medical images of a particular patient into high resolution, 3D dynamic and interactive images interacting with medical tools including medical devices by coupling a model of tissue dynamics and tool characteristics to the patient specific imagery for simulating a medical procedure in an accurate and dynamic manner. The method includes a tool to add and/or to adjust the dynamic image of tissues and ability to draw and add geometric shapes on the dynamic image of tissues. The system imports the 3D surgery plan (craniotomy, head position, approach etc.). The surgeon establishes multiple views, rotates and interacts with the navigation image to see behind pathology and vital structures. The surgeon can make structures such as tumors, vessels and tissue transparent to improve visualization and to be able to see behind the pathology. The System can warn on proximity of tools to specific anatomical structure.",20230110,Surgical Theater LLC,GERI ALON YAKOB,G09B23/285
US-11666766-B2,Method of establishing a communication session between an external device and an implantable medical device,"In various examples, a method of establishing a communication session between an external device and an implantable medical device is described. The method includes generating at the external device a first private key and a first public key. A start session order is sent over a long-range communication channel. Evidence of physical proximity is sent from the external device to the implantable medical device over a short-range communication channel. A second private key and a second public key are generated at the implantable medical device. A first shared key is generated by the implantable medical device using the first public key and the second private key. A second shared key is generated by the external device using the second public key and the first private key. The first and second shared keys are used to encrypt and decrypt one or more messages between the external device and the implantable medical device.",20230606,GREATBATCH LTD,NIN FEDERICO,G16H40/63
US-11872040-B2,Method and system for assessment of cognitive load from bio-potentials measured using wearable endosomatic device,"Direct usage of endosomatic EDA has multiple challenges for practical cognitive load assessment. Embodiments of the method and system disclosed provide a solution to the technical challenges in the art by directly using the bio-potential signals to implement endosomatic approach for assessment of cognitive load. The method utilizes a multichannel wearable endosomatic device capable of acquiring and combining multiple bio-potentials, which are biomarkers of cognitive load experienced by a subject performing a cognitive task. Further, extracts information for classification of the cognitive load, from the acquired bio-signals using a set of statistical and a set of spectral features. Furthermore, utilizes a feature selection approach to identify a set of optimum features to train a Machine Learning (ML) based task classifier to classify the cognitive load experienced by a subject into high load task and low load task.",20240116,TATA CONSULTANCY SERVICES LTD,CHATTERJEE DEBATRI,A61B5/24
US-11976420-B2,Reinforced paper for packaging of medical devices,"There is provided a paper for packaging of medical devices comprising 5-25 wt. % (dry) synthetic fibres comprising polyester and 2.0-12.0 wt. % (dry) of a latex binder or 1.0-5.0 wt. % (dry) of a starch binder, wherein the length of the synthetic fibres is 8-14 mm and the thickness of the synthetic fibres is 5.5-9.0 dtex and wherein the paper has a grammage according to ISO 536:2012 of 70-110 g/m 2 .",20240507,BILLERUD AB PUBL,WAHLSTROM LARS,D21H13/24
US-12023281-B2,Relocation module and methods for surgical equipment,Module for housing electronic and electromechanical medical equipment including a portable digital camera and processing circuitry with machine vision and machine learning software for automatically documenting healthcare events and healthcare equipment operations in the electronic health record.,20240702,AUGUSTINE BIOMEDICAL DESIGN LLC,AUGUSTINE SCOTT D,G06T2210/41
US-2018115017-A1,Biomedical energization elements with polymer electrolytes,"Designs, strategies and methods to form energization elements comprising polymer electrolytes are described. In some examples, the biocompatible energization elements may be used in a biomedical device. In some further examples, the biocompatible energization elements may be used in a contact lens.",20180426,JOHNSON & JOHNSON VISION CARE,MUTHU MILLBURN EBENEZER,H01M4/42
US-2020046047-A1,Medical apparatus,"A medical apparatus for securing a medical device. The medical apparatus can include a garment, the garment having a body portion with an outward facing surface and an inward facing surface. The body portion can have an upper panel, and a lower panel juxtaposed with the upper panel to define an access opening. The access opening provides access from the outward facing surface to the inward facing surface between the upper panel and the lower panel. A low profile anchor secured on the outward facing surface can be configured for releasable securement of a portion of the medical device. An outer panel affixed to and selectively detachable from the body portion can span at least a portion of the access opening and define a selectively closesable pocket configured to retain a portion of the medical device. The garment can have a sleeve affixed to the body portion at an arm opening, the sleeve including a first sleeve portion and a second sleeve portion. The first sleeve portion and the second sleeve portion define an opening through which a catheter tube extending through the arm opening can be routed and secured.",20200213,Ben Guard Healthcare Solutions LLC,BENTLEY RHONDA MCPARTLAND,A41D13/1281
US-2020397918-A1,Lipin-1 as a novel therapy target of muscular dystrophy,"Methods for treatment of Duchenne&#39;s muscular dystrophy and several clinically related conditions in subjects in need thereof are provided. In further aspects, methods are provided for decreasing muscle degeneration in a subject in need thereof. In even further aspects, methods of enhancing sarcolemma stability and or/integrity in muscle cells lacking functional dystrophin in a subject in need thereof are provided. In aspects, the above-methods comprise administering a therapeutically effective amount of a composition suitable for increasing expression of a LPIN1 gene or a lipin-1 protein levels in a muscle cell of said subject; and decreasing muscle degeneration and improving exercise endurance and muscle contractile force in said subject by said step of administering.",20201224,UNIV WRIGHT STATE,REN HONGMEI,C12N2750/14143
US-2021043327-A1,"Computing device, portable device and computer-implemented method for predicting major adverse cardiovascular events","The present disclosure provides computing device, portable device and computed-implemented method for predicting and monitoring Major Adverse Cardiovascular Events (MACE). A MACE prediction model is generated according to a machine learning scheme with training data of a plurality of user data. A MACE occurrence level is determined according to selected variables associated with MACE.",20210211,UNIV TAIPEI MEDICAL,LI YU-CHUAN,A61B5/7275
US-2018229019-A1,Fluid Bypass Device for Valved Catheters,"Bypass elements for medical valves and methods of using the same are disclosed. Embodiments of the invention include an insert having a tip that is adapted to displace a valve element without penetrating it, and a lumen that fluidly communicates with a lumen of a valve housing distal to the valve element when the bypass element is engaged. Bypass elements are used, in certain embodiments, to facilitate fluid pressure and ECG signal measurements through implanted medical devices including catheters.",20180816,ANGIODYNAMICS INC,LAREAU RAYMOND J,A61B5/0245
US-2018291347-A1,Enhanced msc preparation,"The present invention provides preparations of MSCs with important therapeutic potential. The MSC cells are non-primary cells with an antigen profile comprising less than about 1.25% CD45+ cells (or less than about 0.75% CD45+), at least about 95% CD105+ cells, and at least 95% CD166+ cells. Optionally, MSCs of the present preparations are isogenic and can be expanded ex vivo and cryo-preserved and thawed, yet maintain a stable and uniform phenotype. Methods are taught here of expanding these MSCs to produce a clinical scale therapeutic preparations and medical uses thereof.",20181011,MESOBLAST INT SARL,TOM SAMSON,A61P5/14
US-2019040450-A1,"Methods for diagnosis of and predicting treatment efficacy of hormone receptor expressing tumors, cancers and neoplasias","The invention relates to diagnosis, detection, screening, identifying and predicting methods. In various embodiments, methods of the invention include diagnosis, detection, or screening for a hyperproliferative disorder (e.g., a tumor, cancer or neoplasia) in the subject; identifying a subject that will or is likely to respond to a therapy for a hyperproliferative disorder (e.g., a tumor, cancer or neoplasia); and predicting therapeutic efficacy of a hyperproliferative disorder (e.g., a tumor, cancer or neoplasia) treatment in a subject.",20190207,ESPERANCE PHARMACEUTICALS INC,LEUSCHNER CAROLA,G01N33/575
US-2019142494-A1,Integrated cold therapy and electrical stimulation systems for locating and treating nerves and associated methods,"The present invention generally relates to improved medical devices, systems, and methods. In many embodiments, devices, systems, and methods for locating and treating a target nerve with integrated cold therapy and electrical stimulation systems are provided. For example, nerve stimulation and cryoneurolysis may be delivered concurrently or alternately with the cryo-stimulation device. In some embodiments, the device may be operated by a single operator or clinician. Accordingly, embodiments of the present disclosure may improve nerve targeting during cryoneurolysis procedures. Improvements in nerve localization and targeting may increase treatment accuracy, physician confidence in needle placement during treatment, and clinical efficacy and safety. In turn, such improvements may decrease overall treatment times, the number of repeat treatments, and the re-treatment rate. Further, additional improvements in nerve localization and targeting may reduce the number of needle insertions, applied treatment cycles, and may also reduce the number of cartridge changes.",20190516,MYOSCIENCE INC,CROSS ANN LEE,A61B18/0206
US-10449260-B2,Enhanced in vivo targeting of radiolabelled peptides with the means of enzyme inhibitors,"The present invention relates to a compound that inhibits the activity of a degrading enzyme for use in combination with a therapeutic or diagnostic compound, preferably a moiety conjugated peptide, in the diagnosis and/or treatment of a disease, in particular cancer, to enhance targeting of the therapeutic or diagnostic compound to the disease site.",20191022,MAINA NOCK THEODOSIA,MAINA-NOCK THEODOSIA,A61K51/086
US-10010255-B2,Systems and methods for estimating ischemia and blood flow characteristics from vessel geometry and physiology,"Systems and methods are disclosed for determining individual-specific blood flow characteristics. One method includes acquiring, for each of a plurality of individuals, individual-specific anatomic data and blood flow characteristics of at least part of the individual&#39;s vascular system; executing a machine learning algorithm on the individual-specific anatomic data and blood flow characteristics for each of the plurality of individuals; relating, based on the executed machine learning algorithm, each individual&#39;s individual-specific anatomic data to functional estimates of blood flow characteristics; acquiring, for an individual and individual-specific anatomic data of at least part of the individual&#39;s vascular system; and for at least one point in the individual&#39;s individual-specific anatomic data, determining a blood flow characteristic of the individual, using relations from the step of relating individual-specific anatomic data to functional estimates of blood flow characteristics.",20180703,HEARTFLOW INC,FONTE TIMOTHY,G06N7/01
EP-3527141-A1,Procédé d&#39;affichage d&#39;image doppler et appareil de diagnostic à ultrasons mettant en  uvre ce procédé,Provided are a method of displaying a Doppler image and an ultrasound diagnosis apparatus for performing the method. The method includes: obtaining a first Doppler signal where clutter filtering corresponding to each of a plurality of pixels is not performed and a second Doppler signal where clutter filtering corresponding to each of the plurality of pixels is performed; determining a first motion score indicating a degree of flash artifact occurrence by using velocity information of the first Doppler signal; determining a first weight for suppressing flash artifacts of each pixel based on the first motion score and a velocity difference value between the first Doppler signal and the second Doppler signal; generating a first Doppler image of the object by applying the first weight to the second Doppler signal of each pixel; and displaying the first Doppler image of the object.,20190821,SAMSUNG MEDISON CO LTD,LEE YUJIN,G16H50/20
EP-3955854-A1,"Medizinprodukte, ihre anwendungen und generative fertigung","Disclosed herein are methods of making and using compositions comprising medical devices, particularly medical devices made from resorbable polymers.",20220223,POLY MED INC,TAYLOR MICHAEL SCOTT,B33Y80/00
US-2022319208-A1,"Method and apparatus for obtaining feature of duct tissue based on computer vision, and intelligent microscope","Aspects of the disclosure are directed to the field of artificial intelligence technologies and provides a method and an apparatus for obtaining a feature of duct tissue based on computer vision, an intelligent microscope, a storage medium, and a computer device. The method can include the steps of obtaining an image including duct tissue, determining, in an image region corresponding to the duct tissue in the image, at least two feature obtaining regions adapted to duct morphology of the duct tissue, obtaining cell features of cells of the duct tissue in the feature obtaining regions respectively, and obtaining a feature of the duct tissue based on the cell features of the cells of the duct tissue in the feature obtaining regions respectively.",20221006,TENCENT TECH SHENZHEN CO LTD,JIANG CHENG,G06V2201/03
US-2023025333-A1,"Urine Output Collection and Monitoring Systems, Devices, and Methods","Disclosed herein are medical devices, systems, and methods for collecting urine output from a patient, generally including a urine receiving device and a collection container coupled with the urine receiving device. Collection devices described herein can automatically determine collected urine volume, and also automatically determine protein content, salt content and pH of the collected urine. Collection devices can automatically display different colors according to collected volumes of urine. Some devices can determine the volume of urine within a patient&#39;s bladder. Systems can include a bladder volume device and logic to facilitate communication with external entities. Some systems may also include a urine collection device. Urine receiving devices can include external catheters.",20230126,BARD INC C R,PATEL PUJA,A61B5/208
US-2023109015-A1,Surgical impactor navigation systems and methods,This disclosure relates to systems for assisting surgeons in implanting joint replacement implant components. One aspect provides a system for assisting a surgeon in implanting a joint replacement implant component during a surgery of replacing a joint. The system comprises: an instrument for medullary canal preparation; a video camera to capture image data of the instrument; a computer system to: store a surgical plan; determine a pose of the instrument relative to the bone or the joint based on the image data from the video camera; assess the pose of the instrument against the surgical plan; and provide an indication to the surgeon of a clinical consequence of the pose in relation to the surgical plan.,20230406,360 KNEE SYSTEMS PTY LTD,MILES BRAD,A61B2090/376
US-2019224361-A1,Compositions and methods for multipurpose disinfection and sterilization solutions,"The present disclosure discloses compositions and methods for multipurpose disinfection and sterilization solutions broadly effective against multiple microbial pathogens. The present disclosure demonstrates broad spectrum antimicrobial activity against environmental and pathogenic amoeba, bacterial spores, vegetative bacteria, fungi, rickettsia, viruses, parasites and toxic microbial products. The multipurpose disinfection solutions of the present disclosure may be used alone or in combination for a variety of purposes, including disinfection of medical devices such as contact lenses, contact lens cases, surgical instruments, and dental instruments.",20190725,THE ADMINISTRATORS OF THE TULANE EDUCATIONAL FUND,ROY CHAD,A61L2/18
US-2019290392-A1,"Method and apparatus to account for transponder tagged objects used during clinical procedures, employing a shielded receptacle","Medical procedure related objects (e.g., instruments, supplies) tagged with transponders (e.g., RFID transponders, dumb transponders) are accounted for in a medical or clinical environment via an accounting system using a number of antennas and interrogators/readers. A first set of antennas and RFID interrogator(s) interrogate portions of the environment for RFID tagged objects, for example proximate a start and an end of a procedure. Shielded packaging and/or shielded receptacles shield tagged objects, preventing interrogation except for those objects in unshielded portions of the environment. A shielded receptacle may include an antenna to interrogate the contents thereof in a relatively noise-free environment. A data store may maintain information including a current status or count of each instrument or supply, for instance as checked in or checked out. A handheld antenna and/or second set of antennas interrogates a body of a patient for retained instruments or supplies tagged with dumb transponders.",20190926,COVIDIEN LP,HANSEN BRYAN,A61B2050/316
US-2020008964-A1,Sleeve Gastrectomy Calibration Tube And Method Of Using Same,"One or more medical devices may be provided that may be used, for example, in bariatric surgery including a vertical sleeve gastrectomy. The one or more medical devices may include a laparoscopic sleeve gastrectomy stapling guide in conjunction with a calibration tube in accordance with one or more examples. According to an example, the calibration tube may be a flared, multi-diameter calibration tube. The flared, multi-diameter calibration tube may have a first diameter along a portion of the tube and a second diameter that may larger than the first diameter along at least another portion of the tube. The calibration tube may be used in conjunction with the stapling guide to align stomach such that it may be stapled along the stapling guide (e.g., to perform the vertical sleeve gastrectomy).",20200109,STANDARD BARIATRICS INC,THOMPSON JONATHAN,A61B2090/3945
US-2020054208-A1,Diagnostic classification of corneal shape abnormalities,"Disclosed are systems and methods for characterizing corneal shape abnormalities. These methods may be used to differentiate corneas having subclinical keratoconus from other conditions which cause distortion of corneal shape, including warpage of the cornea due to contact lens wear. Also disclosed is classification scheme to aid diagnosis of corneal conditions and thereby guide clinical decision making regarding patient treatment. This classification scheme is based on computed properties of corneal shape, is amenable to automation, and may be implemented in an integrated system or provided in the form of software encoded on a computer-readable medium.",20200220,UNIV OREGON HEALTH & SCIENCE,TANG MAOLONG,G06V10/764
US-2020268402-A1,Methods of Reciprocation in a Surgical Shaver,"Disclosed herein is a medical device. The medical device includes a blade tube section, a motor, and a cotch yoke or slotted link mechanism. The blade tube section includes an outer blade tube, an inner blade tube, and a cutting window at a distal end of the blade tube section. The motor is spaced from the blade tube section. The scotch yoke or slotted link mechanism is between the inner blade tube and the motor.",20200827,GYRUS ACMI INC DBA OLYMPUS SURGICAL TECHNOLOGIES AMERICA,EDWARDS KEVIN,A61B17/32002
US-2019105176-A1,Acetabular cup extractor,An acetabular cup extractor ( 10 ) is provided that is designed for extracting medical device implants. The acetabular cup extractor includes a fastener ( 12 ) for securing to an implant ( 14 ) and a cutting assembly ( 16 ). The cutting assembly further includes a blade ( 18 ) spaced and movably connected to the fastener and a handle ( 20 ) operatively connected to the blade.,20190411,Shukla Medical,SLATER STEPHEN,A61F2/4609
US-2019125459-A1,Method of hub communication with surgical instrument systems,"A method for adjusting the operation of a surgical suturing instrument using machine learning in a surgical suite is disclosed. The method comprises gathering data during surgical procedures, wherein the surgical procedures include the use of a surgical suturing instrument comprising a suturing needle configured to be mechanically advanced through a suturing stroke, analyzing the gathered data to determine an appropriate operational adjustment of the surgical suturing instrument, and adjusting the operation of the surgical suturing instrument to improve the operation of the surgical suturing instrument.",20190502,ETHICON LLC,SHELTON IV FREDERICK E,A61B34/25
US-2023158299-A1,Hybrid multi-phasic stimulation,"Presented herein are hybrid multi-phasic stimulation techniques for stimulation of tissue of a recipient of an implantable medical device. In particular, in accordance with the hybrid multi-phasic stimulation techniques, at least one stimulation current pulse is delivered to the tissue of the recipient in order to stimulate the tissue. The at least one stimulation current pulse injects charge into the tissue that is then removed through the combination of at least one discharging current pulse and a period of electrode shorting.",20230525,COCHLEAR LTD,RIDLER OLIVER JOHN,A61N1/372
US-2023248239-A1,Multi-functional telemedical device,A multi-functional telemedical device that includes a housing configured for hand-held manipulation having an end that is configured to be fully rotational about an axis; a camera disposed on a front side of the end and communicatively; multi-functional viewing tool disposed a second side of the rotatable end and opposite the camera; an auscultation sensor communicatively; a pulse oximeter sensor communicatively; and a user interface configured to display physiological data received from the auscultation sensor and the pulse oximeter sensor and image data received from the camera and the multi-functional viewing tool.,20230810,MERSINGER MICHAEL FRANCIS,MERSINGER MICHAEL FRANCIS,A61B2562/247
US-2023253089-A1,"Stair-climbing machines, systems including stair-climbing machines, and methods for using stair-climbing machines to perform treatment plans for rehabilitation","A computer-implemented system may include a stair-climbing machine configured to be manipulated by a user while the user performs a treatment plan, an interface comprising a display configured to present information associated with the treatment plan, and processing structure configured to receive, from one or more data sources, information associated with the user, wherein the information comprises one or more risk factors associated with a cardiac-related event; generate, using one or more trained machine learning models, the treatment plan for the user, wherein the treatment plan is generated based on the information associated with the user, and the treatment plan comprises one or more exercises associated with managing the one or more risk factors in order to reduce a probability that a cardiac intervention will occur; and transmit the treatment plan to cause the stair-climbing machine to implement the one or more exercises.",20230810,ROM TECH INC,ROSENBERG JOEL,A63B22/04
US-2023301861-A1,Configurable assembly for providing medical care to a patient,"An arrangement for the medical care of a patient. The arrangement includes a total set of supply ports (22.1, 30.1), a frame (20), at least one detachably mountable wall panel (11.1, 11.4) and a respective wall panel fastening unit for each detachably mountable wall panel (11.1, 11.4). Each detachably mountable wall panel (11.1, 11.4) can be detachably fastened to the frame (20). The total set of supply ports (22.1, 30.1) provides the supply media, which all the medical devices need for intensive care. With the detachably mountable wall panels (11.1, 11.4) fastened to the frame (20), a remaining set of supply ports (22.1) remains free. This remaining set is capable of supplying the medical devices that are needed for normal care.",20230928,DRAEGERWERK AG & CO KGAA,PATZER MARCO,A61G12/005
US-2023390524-A1,Catheter construction,"Polymeric tubing, for use with catheters or other medical devices, where the polymeric tubing can have regions of customized properties including, but not limited to, durometer, torque control, flexibility, axial strength, stiffness, etc. One variation of the device allows for transitions between regions to be configured such that there can be gradual or customized transitions between various regions such that the structural characteristics differential between the regions are selectively designed. Additional variations include outer layers having a plurality of material sections extending in a spiral direction along the axial length to form a continuous wall of the outer layer. In certain variations, the structural characteristic differential is minimized or eliminated as compared to conventional catheters.",20231207,MADURO DISCOVERY LLC,MARTIN BRIAN B,A61M25/0141
US-2023227565-A1,Method for Treating CD127-Positive Cancers by Administering an Anti-CD127 Agent,"New clinical uses of anti-CD127 agents, in particular anti-CD127 antibodies or related compounds for the treatment and/or the prevention of cancer. Methods for treating a patient having a CD127-positive cancer are provided, in particular a CD127-positive leukemia or a CD127-positive solid tumor, by administering to the patient a therapeutic dose of an anti-CD127 agent, the anti-CD127 agent having the capability to enhance the Antibody Dependent Cellular Phagocytosis (ADCP) activity of macrophages targeting CD127-positive cancer cells, and not having Antibody Dependent Cytotoxic Activity (ADCC), in particular against immune cells, more particularly against T cells.",20230720,OSE IMMUNOTHERAPEUTICS,POIRIER NICOLAS,C07K16/2866
US-2023342999-A1,Ct-free attenuation correction for spect using deep learning with imaging and non-imaging information,A system based upon artificial neural networks generates attenuation-corrected SPECT from non-attenuation-corrected SPECT (single photon emission computed tomography) without or with an intermediate step of attenuation map estimation. The system includes a SPECT scanner with CZT cameras for dynamic SPECT imaging. The system also includes a machine learning system including a 3D Dual Squeeze-and-Excitation Residual Dense Network for generating attenuation-corrected SPECT or attenuation maps from non-attenuation-corrected SPECT. The machine learning system reconstructs images from photopeak window and one or more scatter windows of the SPECT scanner are fed to the 3D Dual Squeeze-and-Excitation Residual Dense Network to generate attenuation-corrected SPECT or attenuation maps.,20231026,UNIV YALE,LIU CHI,G06T12/30
US-2024050629-A1,Anti-microbial device and method for its manufacture,"An antimicrobial medical device that includes a substrate having a metal surface that is made from a metal or metal alloy that may include stainless steel, cobalt, and titanium. Disposed on the metal surface is a first antimicrobial oxide layer that includes an antimicrobial metal that may include silver, copper, and zinc, and combinations thereof. The atoms of antimicrobial metal in the first antimicrobial oxide layer are of a first concentration. The first antimicrobial oxide layer is positioned in a direction opposite that of the metal surface. The device further includes a second antimicrobial oxide layer that includes an antimicrobial metal that may be silver, copper, and zinc, and combinations thereof. The atoms of the antimicrobial metal present in the second antimicrobial oxide layer are of a second concentration. The first concentration and the second concentration are not equal. Methods for making the antimicrobial medical device are also disclosed.",20240215,NANOVIS LLC,HEDRICK MATTHEW,A61L2103/05
US-2018197661-A1,Process for manufacturing a leadless feedthrough for an active implantable medical device,"A method of manufacturing a feedthrough dielectric body for an active implantable medical device includes the steps of: a) forming an alumina ceramic body in a green state, or, stacking upon one another discrete layers of alumina ceramic in a green state and pressing; b) forming at least one via hole straight through the alumina ceramic body; c) filling the at least one via hole with a ceramic reinforced metal composite paste; d) drying the alumina ceramic body and the ceramic reinforced metal composite paste; e) forming a second hole straight through the ceramic reinforced metal composite paste being smaller in diameter in comparison to the at least one via hole; f) filling the second hole with a substantially pure metal paste; g) sintering the alumina ceramic body, the ceramic reinforced metal composite paste and the metal paste; and h) hermetically sealing the feedthrough dielectric body to a ferrule.",20180712,GREATBATCH LTD,SEITZ KEITH W,C04B41/0072
US-10420562-B2,Banding device for treating hemorrhoids and reloading device,"The application provides for an elastic band application ligation device. The following medical device medical device features an embowed inner tube, having a wall and a flat tip, a pusher which is complementarily shaped to said inner tube; and a receiving port, which is configured to removably attach to a device capable of generating suction. Preferably, this device capable of generating suction will be a disposable luer lock syringe.",20190924,SPACEBANDER CORP,NAYAR DEVJIT S,A61F5/0093
US-10463398-B2,Steerable introducer assembly for first percutaneously identifying target tissue and then defining a percutaneous path to the target tissue for an implantable medical device,"An assembly for both targeting a location in a living being at which an implantable medical device is to be inserted and defining a percutaneous path to the target location. The assembly includes a guidewire with electrodes that is inserted percutaneously into the living being. Electrodes on the guidewire source and sink current to facilitate the identification of the target location. A dilator encased in a reinforced sleeve is disposed over the guidewire. Steering wires in the sleeve facilitate the advancement of the sleeve and the guidewire. Once the dilator and sleeve are advanced to the target location, the dilator is removed from the sleeve. The lumen in sleeve functions as the lumen in the living being through which the implantable device is delivered to the target location.",20191105,STRYKER CORP,STAUNTON DOUGLAS A,A61B17/3468
US-10464100-B2,"System and process for formation of a time-released, drug-eluting transferable coating","A system and method are disclosed for coating surfaces of expandable medical devices with composite coatings. Coatings are composed of various materials including, e.g., polymers and drugs. Transfer of the coatings within a patient or other host forms a drug-eluting coating that delivers time-released drugs over time for treatment of a medical condition.",20191105,MATSON DEAN W,MATSON DEAN W,B05D1/06
US-11026739-B2,Thermocouple-controlled catheter cooling system,"The present invention provides a medical system, including a catheter defining an injection lumen, a chamber in fluid communication with the injection lumen, and an exhaust lumen in fluid communication with the chamber; a first temperature sensor positioned in the exhaust lumen proximal to the chamber; a second temperature sensor positioned in the chamber; and a console in electrical communication with the first and second temperature sensors, the controller modifying coolant flow through the medical device based at least in part upon a signal received from the first and second temperature sensor. The system may further include a thermally-conductive element circumscribing a substantial portion of the exhaust lumen proximal to the chamber, where the first temperature sensor is mounted to the thermally-conductive element, and the thermally-conductive element may include at least one of a braid, coil, and band.",20210608,MEDTRONIC CRYOCATH LP,LALONDE JEAN-PIERRE,A61B2018/00797
US-11147503-B2,Systems and methods for an actively controlled optical imaging device,"Systems and methods for a tethered optical imaging probe configured to be integrated into an optical system for medical diagnosis are provided. In one configuration, the present disclosure provides a tethered optical imaging probe including a motor arranged within a swallowable capsule. A rotational speed of the motor is actively controlled by a feedback signal.",20211019,MASSACHUSETTS GEN HOSPITAL,TEARNEY GUILLERMO J,A61B1/0627
US-11295855-B2,Systems and methods for technical support of continuous analyte monitoring and sensor systems,"Disclosed are systems and methods for providing automated or semi-automated technical support for patients using medical devices, such as continuous glucose monitoring systems. Disclosed embodiments of automated tech support system include collection and storage of copies of streams of medical device data on multiple servers, analysis and comparison of data streams, remote tech support initiation and usage of the automated tech support system for providing improved products and services by storing and analyzing historical tech support data.",20220405,DEXCOM INC,PAL ANDREW ATTILA,G16H40/67
US-9956319-B2,Compositions useful as antibiofilm or antimicrobial agents and methods using same,The present invention includes compositions and methods useful for removing microorganisms and/or biofilm-embedded microorganisms from the surface of a medical device or subject&#39;s body. The present invention further includes compositions and methods useful for coating medical devices. The present invention further includes compositions and methods useful for preventing or reducing the growth or proliferation of microorganisms and/or biofilm-embedded microorganisms on the surface of a medical device or subject&#39;s body.,20180501,BAYLOR COLLEGE MEDICINE,MANSOURI MOHAMMAD DAVID,A61L27/54
US-9956320-B2,Amorphous metal alloy medical devices,"This invention provides a new class of medical devices and implants comprising amorphous metal alloys. The medical devices and implants may be temporary or permanent and may comprise other materials as well, such as polymers, ceramics, and conventional crystalline or polycrystalline metal alloys. 
     Specifically, this invention provides implantable surgical fabrics comprising amorphous metal alloys. The presence of amorphous metal alloys in these fabrics can serve a variety of purposes, including structurally reinforcing the surgical fabric and/or imparting to the fabric the ability to shield against harmful radiation. The fabric may be used inside or outside the body during medical procedures. Further, the implantable surgical fabrics may be woven or non-woven fabrics.",20180501,ZULI HOLDINGS LTD,RICHTER JACOB,Y10T442/657
US-9981137-B2,Heat dispersion for implantable medical devices,"An implantable medical device that includes electrical circuitry for providing a therapy to a patient. The device also includes a housing forming an inner chamber that is adapted for receiving, at least a portion of the electrical circuitry. The device further includes a thermally conductive material that is configured to disperse heat from a first portion of the implantable medical device that is located in proximity to a heat generating component of the electrical circuitry, to a second portion of the implantable medical device that is not located in proximity to said heat generating component. The thermally conductive material is a discrete component separate from the electrical circuitry and the housing.",20180529,EIGER JAY H,EIGER JAY H,A61N1/37
US-11638553-B1,Skin condition analyzing and skin disease diagnosis device,The skin condition analysis and skin disease diagnosis device according to the present invention is an all-in-one type device that can perform not only cosmetic skin condition analysis but also diagnosis of medical skin disease items.,20230502,LULULAB INC,YOO SANGWOOK,A61B5/7275
US-11684290-B2,Location detection systems and methods,"A location detection system identifies the locations of medical devices such as patient support apparatuses and/or patient care devices within a medical facility. The devices communicate via a wired connection to one or more medical facility systems (e.g. nurse call system, computer network, etc.), and/or via a wireless connection to such systems. The location detection system automatically determines location information of the devices and communicates the location information so that the recipient of any outgoing alerts and/or other information sent from the devices is apprised of the location of the particular device sending the alert or other information. Caregivers are thereby able to respond to the correct location of an alert, and software systems such as EMR systems, admission discharge and transfer (ADT) systems, etc. are able to correlate transmitted device data with the location and/or patient assigned to that location.",20230627,STRYKER CORP,HAYES MICHAEL JOSEPH,A61B5/0022
US-11741850-B2,"System, media, and method for training machine learning algorithms to identify characteristics within test responses","Disclosed herein are systems, media, and method for training machine learning algorithms to identify an existence of a characteristic, a probability of the existence of the characteristic, or both for each a plurality of students comprising collecting a first plurality and second plurality of concatenated answers, creating a first training set comprising the collected sets of concatenated answers, and training the machine learning algorithm in a first stage using the first training set.",20230829,GENED CORP,STROUP WALTER,G06N3/0895
US-11779258-B2,System and method for stimulating medical electrode with a measurement capability,A peripheral nerve conduction diagnosis system that utilizes an electrostimulation device having dry elastomer electrodes and a distance measuring device that allow a user to move the electrostimulation device along the skin of a patient while in constant contact with the skin and measure the distance moved.,20231010,KOSIERKIEWICZ TOMASZ ANDRZEJ,KOSIERKIEWICZ TOMASZ ANDRZEJ,A61B5/4029
US-10631934-B2,Image and laser guided control of cutting using a robotic surgical system,"A process and system for computer assisted orthopedic procedure is provided with a plurality of options to plan, execute, and monitor the creation of a cavity to receive a prosthetic based on clinical needs and pre-operative imaging data. A phantom made of materials of known densities is used to normalize CT image intensity values to estimate bone density. The process and system controls the speed, cutter engagement, orientation, and shape of the cavity so produced based on the normalized bone density values.",20200428,THINK SURGICAL INC,FORSTEIN MICAH,A61B34/30
US-10914804-B2,Medical image diagnostic assistance device and magnetic resonance imaging device,A medical image diagnosis supporting apparatus includes a quantitative value reception unit that receives data of kinds of quantitative values obtained in advance at points in a region of a subject; a variable conversion unit that calculates kinds of intermediate information values dependent on the kinds of quantitative values at each of the points using the kinds of quantitative values at each of the points and kinds of variable conversion functions; and a diagnosis image calculation unit that calculates a diagnosis image for the region. The diagnosis image calculation unit sets a pixel value at each of the points in accordance with a combination of kinds of intermediate information values obtained at each of the points by the variable conversion unit or a combination of intermediate information values and kinds of quantitative values at the point and generates the diagnosis image.,20210209,HITACHI LTD,AMEMIYA TOMOKI,A61B5/055
US-10918497-B1,Multi-material multi-component spinal implant,"An implantable medical device, such as an intervertebral spacer, may comprise a polymeric component and a metallic component. The metallic component can contain both porous metal and substantially-solid metal. The polymeric material can contain particles of an osseointegrative material. The metallic component can be more protruding toward bone than the polymeric component while having a smaller dimension of roughness than the polymeric component. In embodiments, the pin may press-fit against substantially solid metal. The porous metal may surround solid metal which in turn may surround the pin. The pin may have a press-fit with metal and a looser fit with polymeric component, if the metal components and polymeric components are trapped. A pin may connect superior and inferior metal components by a press-fit. The central opening may be exposed to porous metal and also to substantially-solid metal and to polymer. Specific geometries of implants are disclosed.",20210216,OMNIA MEDICAL LLC,SCHIFANO TROY,A61F2002/30968
US-2024197276-A1,"Systems, devices, and methods for non-invasive image-based plaque analysis and risk determination","Various embodiments described herein relate to systems, devices, and methods for non-invasive image-based plaque analysis and risk determination. In particular, in some embodiments, the systems, devices, and methods described herein are related to analysis of one or more regions of plaque, such as for example coronary plaque, using non-invasively obtained images that can be analyzed using computer vision or machine learning to identify, diagnose, characterize, treat and/or track coronary artery disease.",20240620,CLEERLY INC,MIN JAMES K,G16H30/40
US-2024206880-A1,Medical device for modification of left atrial appendage and related systems and methods,"Devices, methods and systems are provided for occluding an opening within the tissue of a body, such as a left atrial appendage. In one embodiment, a medical device includes an occluder portion and an anchor portion. The occluder portion includes a hub that defines an axis, the occluder portion extending between a proximal end coupled to the hub and a distal end defining an occluder eyelet adjacent thereto. The anchor portion extends between a first end and a second end, the first end coupled to an anchor hub and the second end defining an anchor eyelet adjacent thereto and hingeably coupled to the occluder eyelet. With this arrangement, the anchor hub is moveable along the axis to move the anchor portion between a retracted position and a deployed position upon the occluder portion being in an expanded position.",20240627,COHEREX MEDICAL INC,EDMISTON DARYL R,A61F2/011
US-2024299772-A1,Treatment planning methods and systems that control the uniformity of dose distributions of radiation treatment fields,"Methods and systems for radiation treatment planning use objective function formulations to evaluate a proposed (candidate) radiation treatment plan, to determine whether or not clinical goals that are specified for treatment of a patient are satisfied by the plan. Dose distributions for a region of a target volume are generated. A value of an objective function formulation is determined. The value of the objective function formulation is a function of difference between a value that is based on a dose distribution and a value for a range that is associated with the treatment field corresponding to the dose distribution. In this manner, the uniformity of doses of individual treatment fields can be controlled. The value of the objective function formulation can be used in a process for optimizing dose distributions in the radiation treatment plan.",20240912,SIEMENS HEALTHINEERS INT AG,HIRVONEN PETRI,A61N5/1031
US-2024382287-A1,Systems and methods for generating and scoring teeth aligner setups using computer-based digital dental models,"Disclosed are systems, methods, and techniques for determining a teeth setup score for a teeth aligner setup of a patient. The method can include: receiving, by a computer system, oral scan data for a patient including a dental impression generated by a dental impression station, image data of the patient&#39;s mouth generated by an image capture system, and/or motion data of the patient&#39;s jaw movement generated by a motion capture system, generating a teeth aligner setup for the patient based on the oral scan data, simulating movement of one or more teeth of the patient using the teeth aligner setup, generating a movement report based on the simulated movement, determining a teeth setup score for the teeth aligner setup based on providing the movement report as input to a machine learning model, and returning the teeth setup score for presentation in a computing device&#39;s GUI display for a relevant user.",20241121,VOYAGER DENTAL INC,MARSHALL MICHAEL C,G16H50/50
US-11317895-B2,Ultrasound diagnosis apparatus and method of operating the same,"A method of operating an ultrasound diagnosis apparatus includes: obtaining a three-dimensional (3D) ultrasound image including an ovarian region; detecting, based on at least one parameter used for extracting a particular oocyte, a plurality of candidate ovarian follicles from which mature oocytes are more likely to be extracted in the 3D ultrasound image; registering a two-dimensional (2D) ultrasound image corresponding to a first cross-section of the ovarian region to the 3D ultrasound image; and guiding, based on a result of the registering, a position of at least one candidate ovarian follicle from which an oocyte is to be extracted in the 2D ultrasound image.",20220503,SAMSUNG MEDISON CO LTD,JEON HYUNJAE,A61B8/463
US-11566012-B2,Methods for treating protozoan infections,"The invention provides compounds of Formula (I), and their use in methods for treating or preventing a protozoan infection in a subject using a compound of Formula (I). The invention also provides the use of a compound of Formula (I) in the manufacture of a medicament for the treatment of a protozoan infection in a subject. The invention further provides a medical device when used in a method of treating or preventing a protozoan infection in a subject and to a medical device comprising the composition of the invention.",20230131,NEOCULI PTY LTD,PAGE STEPHEN,C07D311/58
US-2024277558-A1,Systems and methods for operating sexual stimulation device based on real-time analysis of sexual content,"The present invention relates to methods and systems for operating a sexual stimulation device of the user based on real time analysis of sexual content of the video. The method performed by a server system includes facilitating a communication between at least one user device and a sexual stimulation device of a user. The method includes performing selection of the target video frames of a video representing the sexual content being displayed in the user device. Further, the method includes extracting features from the target video frames of the video based on artificial intelligence (AI) models. The method further includes generating a control signal including parameters corresponding to the features. The method includes transmitting the control signal to the user device associated with the user for operating the sexual stimulation device to provide sexual stimulation to the user corresponding to the sexual content being displayed in the video.",20240822,HYTTO PTE LTD,LIU DAN,A61H19/30
US-2024277717-A1,Application of ganciclovir in prepapration of medicine for treating allergic rhinitis,"Ganciclovir (GCV) is a heterocyclic compound containing a purine ring. An application of the GCV in preparation of a medicine for treating allergic rhinitis is provided, in which the GCV is used as an only active component or use the GCV in combination with another medicine. Studies have shown that the GCV can effectively ameliorate symptoms of AR (allergic rhinitis) patients who are ineffective to anti-allergic medicine treatment in clinical and improve their quality of life. It is found from transcriptomics that the GCV regulates the function of nasal mucosal cilium cells, goblet cells and leukocytes. It is also found that the GCV may change immune balance of body by increasing regulatory T cells, thereby alleviating allergic symptoms in vitro peripheral blood mononuclear cells (PBMCs) medicine test.",20240822,UNION HOSPITAL TONGJI MEDICAL COLLEGE HUAZHONG UNIV OF SCIENCE AND TECHNOLOGY,CHEN JIANJUN,A61K45/06
US-10695187-B2,Hand manipulated endoscopic medical device,"A hand manipulated endoscopic medical device is disclosed. The medical device includes a body having a proximal end, which is hand manipulated, and a distal end which includes a manipulator. A light emitting device is centrally disposed at the distal end. An imaging device is centrally disposed at the distal end for imaging at least a portion of the region illuminated by the light emitting device. Also disclosed is a tool for extracting an artificial lumbar disc from between a pair of vertebral plates. The extraction tool includes a handle, a member for transmitting force, and a sharpened end, specially configured to be placed between the artificial disc and the vertebral plate. Further disclosed is a tool for implanting or explanting a ball to or from an artificial lumbar disc. The implanter/explanter includes a pinion shaft and a pinion shaft enclosure. A tightening knob is disposed at the proximal end of the shaft enclosure and coupled to the pinion shaft. A pinion is disposed at the distal end of the pinion shaft. A grappling device is disposed at the pinion, and it includes a pair of semi-circular rings. When the pinion is rotated, the semi-circular rings move relative to one another and are capable of grasping or releasing the ball.",20200630,MOSKOWITZ FAMILY LLC,MOSKOWITZ NATHAN C,A61B1/00042
US-10758889-B2,Medical macromolecular microsphere adsorbent for a blood perfusion apparatus and a preparation method thereof,"A medical macromolecular microsphere adsorbent for a blood perfusion apparatus and a preparation method thereof are provided. The polystyrene-divinylbenzene microspheres are graded by different pore sizes and specific surface areas, medically purified, and grafted by a bioactivity-controlled grafting technology. In the microsphere adsorbent, the volume ratio of microspheres with pore sizes of 1-10 μm, 10-100 μm and 100 μm is 1:(1-10):(1-20), the content of residual monomers in the microsphere has O.D190-400 nm≤0.03. The microsphere adsorbent not only can adsorb harmful micromolecules in blood but also can effectively adsorb harmful medium-molecules and macromolecules in blood, thereby meeting clinical application demands.",20200901,UNIV SOUTH CHINA TECH,REN LI,B01J20/28004
US-10837064-B2,Genetic alterations in isocitrate dehydrogenase and other genes in malignant glioma,We found mutations of the R132 residue of isocitrate dehydrogenase 1 (IDH1) in the majority of grade II and III astrocytomas and oligodendrogliomas as well as in gliblastomas that develop from these lower grade lesions. Those tumors without mutations in IDH1 often had mutations at the analogous R172 residue of the closely related IDH2 gene. These findings have important implications for the pathogenesis and diagnosis of malignant gliomas.,20201117,UNIV JOHNS HOPKINS,VOGELSTEIN BERT,G16B40/20
US-11061095-B2,Systems and methods for B0-corrected arterial spin labeling magnetic resonance imaging,"Disclosed herein are systems and methods for correction of imaging-plane uniform magnetic field—(B0) inhomogeneity-induced magnetic resonance imaging (MRI) artifacts. The systems and methods can be implemented to improve the filtering and correction of arterial spin labeling (ASL) MRI data by forming a tagging dependent Z-spectrum (TADDZ) of ASL MRI data. In TADDZ, images are acquired via ASL, MRI after tagging blood water at a number of tagging, distances upstream and downstream of die MM system&#39;s imaging plane. A tagging distance dependent Z-spectrum is analyzed for each image to map the magnetic field inhomogeneity across the imaging plane. Along with magnetic-field mapping, Z-spectrum analysts and data processing enables TADDZ to remove magnetic field inhomogeneity induced artifacts, resulting in more clear and clinically relevant perfusion imaging via MRI.",20210713,UNIV ILLINOIS,DAMEN FREDERICK C,A61B5/055
US-11172868-B2,"Screening of malignant glioma, brain tumors, and brain injuries using disturbance coefficient, differential impedances, and artificial neural network","A system and method to screen for malignant gliomas, other brain tumors, and brain injuries use disturbance coefficient, differential impedances, and artificial neural networks. The system uses prescribed excitation signals with several system configurations to measure the differential impedances, calculate harmonic responses and nonlinearity of brain tissue, and estimate the disturbance coefficient that indicates the likelihood of malignant gliomas, other brain tumors, and brain injuries. The disturbance coefficient is a weighted sum of many parameters such as receiving differential impedances, transmission differential impedances, harmonic responses, frequency dispersion, and nonlinear responses using different system configurations and different excitation signals. The method includes arranging the transmitters, receivers, and transmission lines to maximize the sensitivity of detecting brain tissue condition. The artificial neural network is trained to estimate the disturbance coefficient using clinical data. The method provides a sensitive and cost effective approach for screening malignant gliomas, other brain tumors, and brain injuries.",20211116,ZHENG YI,ZHENG YI,G06N3/09
WO-2020104818-A1,Medical tube,"Disclosed is a medical tube (20, 120, 420) comprising a substantially fluid impermeable outer sheath (22, 122, 422a, 422b) and an inner scaffold (30, 130, 430) having a textured surface; a medical device such as a chest drain, surgical drain, catheter, drip, or negative pressure (NPWT) dressing (1) comprising a medical tube (20, 120, 420); and a method of treating a wound using a NPWT dressing (1).",20200528,BRIGHTWAKE LTD,COTTON STEPHEN,A61M39/00
US-2024016456-A1,Longitudinal datasets and machine learning models for menopause state and anomaly predictions,"Embodiments are directed to a non-transitory computer-readable storage medium comprising instructions that when executed cause processor circuitry to generate a longitudinal dataset of a set of features from tracked physical measurements of a user received from sensor circuitry, apply at least one machine learning model to the longitudinal dataset of the set of features to identify a pattern within the set of features indicative of a probability of the user being in a state of menopause, predict a current state of menopause for the user based on the identified pattern, and communicate a data message indicative of the current state of menopause for the user. In some embodiments, the set of features are compressed to pseudo-features and input to a first ML model using a second ML model.",20240118,STANFORD RES INST INT,DE ZAMBOTTI MASSIMILIANO,A61B5/7275
US-2024067683-A1,Use of mcm8-cgas-sting-ifn-i signal pathway as disease target,"The present disclosure relates to the field of biomedicine, in particular to the use of MCM8-cGAS-STING-IFN-I signal pathway as a disease target, including the use in the preparation of an animal model of a disease or the preparation of a product for the diagnosis, prevention, or treatment of a disease. In particular, the present disclosure comprises the use of a reagent for quantitatively detecting the gene expression or protein expression or protein activity of MCM8 in the preparation of a product for the diagnosis of a disease caused by dysfunctional mitophagy or caused by abnormal activation of cGAS-STING-IFN-I signaling pathway.",20240229,GUANGZHOU WOMEN & CHILDRENS MEDICAL CT,ZHANG YUXIA,C07K14/4702
US-2024148321-A1,Predicting Body Composition from User Images Using Deep Learning Networks,"Systems and methods for generating a prediction of a body composition of a user using an image capturing device are disclosed. The systems and methods can be used to predict body compositions such as body fat percentage, water content percentage, muscle mass, bone mass, and so on, from a single user image. The methods include the steps of receiving one or more user images and one or more user parameters, generating one or more key points based on the one or more user images, and generating a prediction of the body composition of the user based on the one or more key points and the one or more user parameters, using a body composition deep learning network (DLN). In one embodiment, the body composition DLN comprises a face image DLN, a body feature DLN, and an output DLN.",20240509,BODYGRAM INC,CHHATKULI SUBAS,G16H30/40
US-2024226571-A1,Medical device systems for providing impedance status,"A system may include a medical device and at least one external device. The medical device may have a plurality of electrodes, and may be configured to measure impedance for each of the plurality of electrodes and generate impedance data. The eternal device(s) may include a display and a processor. The medical device may be configured to communicate the generated impedance data to the at least one eternal device. The processor may be configured to provide on the display a plurality of electrode icons corresponding to the plurality of electrodes, to determine, based on the impedance data, one or more impedance state electrodes from the plurality of electrodes that have an impedance state, and to provide on the display an impedance status representation for one or more of the plurality of electrode icons corresponding to the one or more impedance state electrodes.",20240711,SHIRATRONICS INC,TRAMP MITCHELL A,A61N1/37252
US-2024317767-A1,Pyrazole derivatives useful as 5-lipoxygenase activating protein (flap) inhibitors,"The present application relates to novel compounds of formula (I)to their utility in treating and/or preventing clinical conditions including cardiovascular diseases (CVD), to methods for their therapeutic use, to pharmaceutical compositions containing them and to processes for preparing such compounds.",20240926,ASTRAZENECA AB,BRODDEFALK JOHAN OLOF,A61P11/00
US-2023398381-A1,Multiparametric optimization for ultrasound procedures,"Focused-ultrasound systems and methods involve simultaneously determining multiple ultrasound parameters (e.g., applied acoustic power, frequency, phases, position, activation pattern, beam shape, wave shape, etc.) associated with the transducer array for generating optimal treatment effects both at the target region (e.g., causing a sufficient temperature increase for tissue necrosis to occur) and non-target region (e.g., having a clinically insignificant temperature increase to avoid damage to the non-target tissue). A computational model may simulate the treatment effects (e.g., the temperature, peak intensity, focus shape, location of the hot spot, etc.) of these ultrasound parameters on the target and/or non-target regions. Based on the simulation results, the computational model may simultaneously determine the optimal values of the multiple ultrasound parameters—i.e., the values that, while not necessarily optimal for each individual parameter considered in isolation, nonetheless produce optimal overall treatment effects at the target and non-target",20231214,INSIGHTEC LTD,VITEK SHUKI,A61N7/02
CN-112999188-A,Omeprazole enteric-coated pellet and preparation method thereof,"The invention provides an omeprazole enteric pellet, which consists of a pellet core, an isolating layer and an enteric layer, and is characterized in that the pellet core accounts for 15-30% by weight, the isolating layer accounts for 25-45% by weight and the enteric layer accounts for 35-50% by weight, and the pellet core consists of omeprazole, mannitol, lactose, hydroxypropyl methylcellulose, sodium dodecyl sulfate, disodium hydrogen phosphate and microcrystalline cellulose; the isolation layer comprises hydroxypropyl methylcellulose; the enteric layer is composed of L30D-55, PEG6000, glyceryl monostearate and tween-80. The invention properly controls the enteric solubility of the pellet and the release speed of the drug, so that the drug release curve is consistent with the drug absorption speed curve of the intestinal tract, thereby improving the acid resistance of omeprazole, improving the bioavailability, having higher and more stable clinical test table and being convenient for patients to take the drug.",20210622,KAMP PHARMACEUTICAL CO LTD,ZHANG JING,A61K47/38
US-2023351907-A1,Artificial intelligence system to provide synergistic education linked to drawing skill evaluation and art education and writing education,"An artificial intelligence to provide a synergistic education linked to drawing skill evaluation and an art education and a writing education according to an exemplary embodiment of the present disclosure may include a communication unit, a user interface for providing an interactional environment to a user who is a learner, and receiving, through the communication unit, picture data which is created by a second user who is an educator to provide to the user, an art competency evaluation unit which is trained to present a picture subject about the picture data to the user as a question and evaluate an art competency of the user with an art competency score which is calculated by analyzing whether picture data created by the user is picture data in accordance with the picture subject, a picture similarity evaluation unit which is trained to present the picture data of the second user to the user for guiding the user, extract features of the picture data created by the user and picture data of the second user, and evaluate a picture similarity between the picture data created by the user and the picture data of the second user, and a keyword and feature extraction unit which is trained to analyze a document created by the user to include a text and picture data to perform a synergistic education linked to an art education and a writing education, extract a core keyword in the text and an object of picture data corresponding to the core keyword, and exchange the feedback of the core keyword and the object with the user.",20231102,I SCREAM ARTS CO LTD,KIM JI-HOON,G09B5/02
US-2024009423-A1,Wrap Systems for Medical Device Kits,"Medical device kits for use in placing, maintaining, altering, and/or removing medical devices in, on, and/or from the body of a patient can include one or more wrap assemblies for use in the placement/maintenance procedure. The one or more wrap assemblies of the medical device kit can include various features to assist the clinician performing the particular procedure, such as a urinary catheterization procedure. A wrap assembly can include a wrap body including a front surface defining an aseptic field for the urinary catheterization procedure, a plurality of pockets on the front surface, and urinary catheterization components disposed in the plurality of pockets, the urinary catheterization components arranged in a predetermined order of use for the urinary catheterization procedure. The wrap assembly can be in a rolled configuration. A method of using the wrap assembly includes unrolling the wrap assembly and removing the urinary catheterization components to perform the procedure.",20240111,BARD INC C R,BROOKS CHRISTOPHER K,A61M25/002
US-2021158512-A1,Online adaptation of neural networks,"Described herein are neural network-based systems, methods and instrumentalities associated with imagery data processing. The neural networks may be pre-trained to learn parameters or models for processing the imagery data and upon deployment the neural networks may automatically perform further optimization of the learned parameters or models based on a small set of online data samples. The online optimization may be facilitated via offline meta-learning so that the optimization may be accomplished quickly in a few optimization steps.",20210527,SHANGHAI UNITED IMAGING INTELLIGENCE CO LTD,SUN SHANHUI,G06T11/26
US-2021188856-A1,Crystal form of hydrochloride of pyrazoloheteroaryl derivative and preparation method,"The present invention relates to a crystal form of a hydrochloride of a pyrazoloheteroaryl derivative and a preparation method. In particular, the present invention relates to crystal forms I and II of a dihydrochloride of a compound represented by formula (I), crystal forms A, B and C of a monohydrochloride of the compound represented by formula (I), and a preparation method thereof. The crystal forms of the compound represented by formula (I) of the present invention have good crystal stability and can be better used for clinical treatment.",20210624,JIANGSU HENGRUI MEDICINE CO,CAO XIAOLI,A61K31/519
US-2021386348-A1,Smart textile suitable for detecting movement and/or deformation,"A textile suitable for detecting movement and/or deformation comprises an electrically conductive fabric (8) which can expand in at least two directions, electrodes (12) arranged substantially regularly along the periphery of the fabric (8), a controller (14) designed to control the excitation of the electrodes (12) two by two according to a pattern such that all the electrodes (12) are successively excited, and to measure each time the voltage in the non-excited electrodes (12), and a computer (22) comprising a neural network inference engine and designed to receive the voltage measurements taken attire non-excited electrodes (12) in a given excitation cycle, in order to supply them to the neural network inference engine and to return a characteristic measurement of a movement having caused a deformation of the textile.",20211216,INRIA INST NAT RECH INFORMATIQUE & AUTOMATIQUE,PUGACH GANNA,A61B5/6828
US-10722722-B2,Mitigating false messaging in leadless dual-chamber pacing systems and other IMD systems,"Implantable medical devices (IMDs), and methods for use therewith, reduce how often an IMD accepts false messages. Such a method can include receiving a message and performing error detection and correction on the message. Such a method can also include determining a quality measure indicative of a quality of the message and/or a quality of a channel over which the message was received, and determining whether to reject the message based on the quality measure.",20200728,PACESETTER INC,CHIN DONALD,H04L1/201
US-11079279-B2,Diagnosis method using laser induced breakdown spectroscopy and diagnosis device performing the same,"Disclosed herein are a diagnostic method using laser induced breakdown spectrum analysis and a diagnostic device for performing the same. The diagnostic method may include projecting a pulsed laser to a suspicious specimen, obtaining first spectrum data on the light collected from the suspicious specimen, projecting the pulsed laser to a non-diseased specimen, obtaining second spectrum data on the light collected from the non-diseased specimen, and determining whether a disease is present in the suspicious specimen from a comparison value of the first spectrum data and the second spectrum data using an artificial neural network.",20210803,SPECLIPSE INC,PYUN SUNG HYUN,A61B5/441
US-11096602-B2,Methods and systems for characterizing tissue of a subject utilizing a machine learning,"Methods and systems for characterizing tissue of a subject include acquiring and receiving data for a plurality of time series of fluorescence images, identifying one or more attributes of the data relevant to a clinical characterization of the tissue, and categorizing the data into clusters based on the attributes such that the data in the same cluster are more similar to each other than the data in different clusters, wherein the clusters characterize the tissue. The methods and systems further include receiving data for a subject time series of fluorescence images, associating a respective cluster with each of a plurality of subregions in the subject time series of fluorescence images, and generating a subject spatial map based on the clusters for the plurality of subregions in the subject time series of fluorescence images. The generated spatial maps may then be used as input for tissue diagnostics using supervised machine learning.",20210824,STRYKER EUROPEAN OPERATIONS LTD,GUREVICH LINA,A61B5/0275
US-10227713-B2,Methods of orienting multifilament yarn and monofilaments of poly-4-hydroxybutyrate and copolymers thereof,"Resorbable multifilament yarns and monofilament fibers including poly-4-hydroxybutyrate and copolymers thereof with high tenacity or high tensile strength have been developed. The yarns and fibers are produced by cold drawing the multifilament yarns and monofilament fibers before hot drawing the yarns and fibers under tension at temperatures above the melt temperature of the polymer or copolymer. These yarns and fibers have prolonged strength retention in vivo making them suitable for soft tissue repairs where high strength and strength retention is required. The multifilament yarns have tenacities higher than 8.1 grams per denier, and in vivo, retain at least 65% of their initial strength at 2 weeks. The monofilament fibers retain at least 50% of their initial strength at 4 weeks in vivo. The monofilament fibers have tensile strengths higher than 500 MPa. These yarns and fibers may be used to make various medical devices for various applications.",20190312,TEPHA INC,GANATRA AMIT,D10B2401/063
US-11071517-B2,"Machine implemented methods, systems, and apparatuses for improving diagnostic performance",A method for ultrasound diagnosis includes determining a first risk of malignancy based on a human assessment of a first set of features of one or more ultrasound images of a target; determining a second risk of malignancy based on an automatically extracted second set of features of the one or more ultrasound images; determining at least one overall risk value based on the first risk of malignancy and the second risk of malignancy; and characterizing the at least one overall risk value as one of a high confidence assessment or a low confidence assessment.,20210727,UNIV PENNSYLVANIA,SEHGAL CHANDRA M,A61B5/7275
US-11129925-B2,Bioactive porous bone graft implants,"Bioactive porous bone graft implants in various forms suitable for bone tissue regeneration and/or repair, as well as methods of use, are provided. The implants are formed of bioactive glass and have an engineered porosity. The implants may take the form of a putty, foam, fibrous cluster, fibrous matrix, granular matrix, or combinations thereof and allow for enhanced clinical results as well as ease of handling.",20210928,PROSIDYAN INC,BAGGA CHARANPREET S,A61L27/58
US-11340226-B2,Squalene epoxidase in the diagnosis and treatment of non-alcoholic fatty liver diseases,"The present invention provides a method for providing a diagnosis or prognosis of a non-alcoholic fatty liver disease (NAFLD) in a subject by detecting expression level of the Squalene Epoxidase (SQLE) gene. A kit and device useful for such methods are also provided. In addition, the present invention provides a method for treating NAFLD by suppressing SQLE gene expression or activity.",20220524,UNIV HONG KONG CHINESE,YU JUN,G01N33/57525
US-11393251-B2,"Devices, systems and methods for predicting gaze-related parameters","A method for detecting one or more gaze-related parameters of a user is disclosed. In one example, the method includes creating a left image of at least a portion of a left eye of the user using a first camera of a head-wearable device worn by the user, and creating a right image of at least a portion of a right eye of the user using a second camera of the head-wearable device. The left and right images are fed together as an input into a convolutional neural network. One or more gaze-related parameters are obtained from the convolutional neural network as a result of the left and right images input.",20220719,PUPIL LABS GMBH,TONSEN MARC,A61B3/113
US-11565231-B2,"Substrates, peptide arrays, and methods","Disclosed herein are formulations, substrates, and arrays. Also disclosed herein are methods for manufacturing and using the formulations, substrates, and arrays. Also disclosed are methods for identifying peptide sequences useful for diagnosis and treatment of disorders, and methods for using the peptide sequences for diagnosis and treatment of disorders, e.g., celiac disorder. In certain embodiments, substrates and arrays comprise a porous layer for synthesis and attachment of polymers or biomolecules.",20230131,VIBRANT HOLDINGS LLC,RAJASEKARAN JOHN J,B01J2219/00432
US-11602302-B1,Machine learning based non-invasive diagnosis of thyroid disease,"A system includes a computing device that receives a query thyroid image, where the query thyroid image is an ultrasound image of a thyroid comprising a thyroid nodule of interest. The computing device processes the query thyroid nodule image using a machine learning model to identify at least one labelled thyroid image from a plurality of labelled thyroid images that is similar to the query thyroid nodule image. The plurality of labelled thyroid images are used as training data to generate the machine learning model. The at least one labelled thyroid image has labels associated therewith and comprises an ultrasound image of a thyroid nodule that has a confirmed diagnosis. The computing device generates an output report based on the labels associated with the at least one labelled thyroid image, where the output report indicates whether the thyroid nodule of interest resembles a malignant thyroid nodule or benign thyroid nodule.",20230314,THOMAS JOHNSON,THOMAS JOHNSON,A61B5/004
US-10434300-B2,Implantable medical device with stacked circuit components,"Devices and circuits for reducing sizes of medical devices are disclosed. In one example, an implantable medical device (IMD) may include a housing, multiple electrodes outside of the housing, an energy storage device within the housing, and a circuit within the housing and connected to the energy storage device and the two or more electrodes. In some cases, the circuit may include two or more island sections, with each island section connected to at least one other island section by a ribbon section. Each island section may have two opposing major surfaces. A first island section and a second island section may be stacked within the housing such that one of the two major surfaces of the first island section faces one of the two opposing major surfaces of the second island section.",20191008,CARDIAC PACEMAKER INC,MAILE KEITH R,A61N1/05
US-11833274-B2,Oleophilic lubricated catheters,A medical device wherein the device has an outer surface coated with an oleophilic lubricous coating or the device is formed from a mixture including a polymer and an oleophilic compound.,20231205,HOLLISTER INC,ROSTAMI SHAMSEDIN,A61L29/08
US-11833312-B2,Medical device package with flip cap having a snap fit,"A package for a medical device such as an intermittent catheter has a case which is closed at one end and open at the other end. A cap is connected to the case by a hinge to permit selectable movement of the cap between an open position, wherein access is provided to the open end of the case, and a closed position, wherein the cap prevents access to the open end of the case. A seal is connected to one of the cap and case. The seal is engageable with the other of the cap and case when the cap is closed to form a barrier that maintains a sterile environment inside the package. The seal can be repeatedly made and broken whenever the user closes or opens the cap, respectively. The case includes a pair of slots at the open end. A pair of latches are formed in the cap. The latches fit into the slots to prevent lateral forces from distorting the cap when the cap is closed.",20231205,HOLLISTER INC,MCMENAMIN MARTIN,A61M25/002
US-11547346-B2,"Method, server, and computer program for classifying severe cognitive impairment patients by analyzing EEG data","Provided is a method for classifying severe cognitive impairment patients by analyzing electroencephalogram (EEG) data. The method of classifying severe cognitive impairment patients by analyzing EEG data includes a brainwave collection step of collecting EEG data on a plurality of users, a first classification step of classifying the plurality of users into a severe cognitive impairment group or a non-severe cognitive impairment group by analyzing the collected EEG data, a second classification step of classifying users included in the non-severe cognitive impairment group into a normal group or an amnestic mild cognitive impairment (aMCI) group, and a third classification group of classifying users included in the normal group into a within normal limits (WNL) group or a preclinical Alzheimer&#39;s disease (AD) group and classifying users included in the aMCI group into a non-AD MCI group or a prodromal AD group.",20230110,IMEDISYNC INC,KANG SEUNG WAN,A61B5/4088
US-11154687-B2,Catheter patency systems and methods,"A patency system for maintaining a patency of an indwelling medical device including an elongated shaft configured to be at least partially received within a portion of the indwelling medical device, and at least one cleaner configured to at least partially dislodge debris formed within the indwelling medical device.",20211026,VERSAGO VASCULAR ACCESS INC,TALLARIDA STEVEN J,A61M2005/14284
US-11210789-B2,Diabetic retinopathy recognition system based on fundus image,"Some embodiments of the disclosure provide a diabetic retinopathy recognition system (S) based on fundus image. According to an embodiment, the system includes an image acquisition apparatus (1) configured to collect fundus images. The fundus images include target fundus images and reference fundus images taken from a person. The system further includes an automatic recognition apparatus (2) configured to process the fundus images from the image acquisition apparatus by using a deep learning method. The automatic recognition apparatus automatically determines whether a fundus image has a lesion and outputs the diagnostic result. According to another embodiment, the diabetic retinopathy recognition system (S) utilizes a deep learning method to automatically determine the fundus images and output the diagnostic result.",20211228,SHENZHEN SIBIONICS TECH CO LTD,WANG JUAN,A61B3/1208
US-10967074-B2,Eye drop composition,"The present invention relates to an eye-drop composition comprising 2-amino-9-[[(1S,2R)-1,2-bis(hydroxymethyl)cyclopropyl]methyl]-1,9-dihydro-6H-Purin-6-one, and the use thereof for the diagnosis and treatment of herpetic eye infections in companion animals.",20210406,ARATANA THERAPEUTICS NV,GORIS NESYA,A61K9/0048
US-11259940-B2,Systems and methods for percutaneous spinal interbody fusion (PSIF),"The present invention includes a novel procedure and corresponding medical devices for a Percutaneous Posterior Lumbar Interbody Fusion (PePLIF). In PePLIF, the surgeon performs the entire operation percutaneously without the use of a microscope, endoscope, or magnifying loupes. An adjustable retractor system is disclosed that enables the surgeon to percutaneously perform the surgery through accessing the facet joint (and later disc space) that was created by said retractor system. This retractor system provides the surgeon a safe area to work and operate without fear of damaging nerves, blood vessels, or other tissue. An expanding trial may be inserted into and removed from the disc space through the interior of the retractor system to determine the proper size for the expandable cage. The retractor system also enables the expandable cage to be inserted into the disc space.",20220301,OROZCO CASTILLO LUDWIG DAVID,OROZCO CASTILLO LUDWIG DAVID,A61B2217/005
US-11389555-B2,Aqueous ozone sanitizing system with ozone generator cartridge docking station,"An illustrative aqueous ozone delivery device for use with an aqueous ozone generator cartridge can be used for body part, tissue, and instrument sanitizing, including hand rinsing, hand sanitizing, and clinical treatment. One embodiment includes a hooded sanitizing chamber and spray devices directed to each hand of a user, a docketing station for pluggably receiving a replaceable ozone generator and sensor cartridge, and a controller for sensing hand position and orientation, delivering a desired ozone concentration and duration.",20220719,3OE SCIENT LLC,FOUST THOMAS F,A61L2/20
US-11423331-B2,Analytical data analysis method and analytical data analyzer,"This analytical data analysis method uses machine learning of analysis result data (31) measured by an analyzer (1), and includes generating simulated data (32) in which a data variation has been added to the analysis result data (31) within a range that does not affect identification, performing the machine learning using the generated simulated data (32), and performing discrimination using a discrimination criterion (23b) obtained through the machine learning.",20220823,SHIMADZU CORP,TAMAI YUSUKE,H01J49/0036
US-2024197331-A1,Medical device and system with enhanced echogenicity and method thereof,"A medical device configured to be percutaneously delivered to a heart with a catheter of a medical device delivery system. The medical device including a framework and tissue growth member. The framework includes a hub with frame segments extending radially from the hub. The tissue growth member is attached to the framework and extends radially along the framework such that the tissue growth member extends to define an outer layer portion and an inner layer portion where the framework is coupled to the inner layer portion. Further, the tissue growth member extends with multiple voids defined therein such that a filler material is configured to temporarily fill the multiple voids of the tissue growth member.",20240620,COHEREX MEDICAL INC,LEE SUNG K,A61B2017/1205
US-2024346292-A1,Superquadratics neural network reconstruction by a mapping engine of an anatomical structure,A method is provided. The method is implemented by a mapping engine. The mapping engine includes processor executable code stored on a memory and executed by a processor. The method includes acquiring catheter trajectories in real-time during an ablation procedure and training a pre-trained neural network based on a dataset and the catheter trajectories to provide a trained neural network. The method includes approximating an atrium shape utilizing the trained neural network and portions of a catheter traversal path and generating a three-dimensional model output from the trained neural network and the atrium shape. The method also includes displaying the three-dimensional model output as an early visualization in the ablation procedure.,20241017,BIOSENSE WEBSTER ISRAEL LTD,BARAM ALON,G16H30/40
US-11477970-B2,Transgenic animal phenotyping platform and uses thereof,"The present disclosure provides transgenic nematode systems for assessing function of heterologous genes, their variants and drug discovery. The transgenic nematodes contain a heterologous gene that is inserted via homologous recombination at the native locus replacing and removing the nematode ortholog, wherein expression of the heterologous gene rescues function of the removed nematode ortholog and a transgenic control animal is provided. The heterologous gene may be further modified to provide a variant, such as a human clinical variant, whereby a transgenic test animal is provided. Those transgenic test animals are used in methods to assess function of the heterologous variant and drug screens to find therapeutic candidates reversing deviant activity back to wildtype.",20221025,NEMAMETRIX INC,HOPKINS CHRISTOPHER E,C12N15/8509
US-11510955-B2,Composition comprising a combined herb extract of Salvia plebia and red ginseng as active ingredients for preventing or treating a respiratory inflammation and the use thereof,"The present invention relates to a composition and health functional food for preventing and treating a respiratory inflammation disease using a mixed herbal mixture. Through various experiments, for example, determination of the cell number of BAL (bronchoalveolar lavage) (Experimental Example 1); Determination of CD11b+/Gr-1+ ratio in leukocyte within BAL fluid (Experimental Example 2); Determination of expressed RNA level of inflammatory cytokines in lung tissue (Experimental Example 3); Determination of expressed RNA level of inflammatory cytokines in BALF (Experimental Example 4); Lung histology (Experimental Example 5); Brief Clinical test (Experimental Example 7) etc, it has been verified that the inventive combined extract showed more potent inhibiting effect on respiratory inflammation disease than each herb extract. Therefore, the herbal extract of the present invention can be usefully used in a pharmaceutical composition, health functional food, and health supplement food for preventing and treating respiratory inflammation disease.",20221129,KT & G CORP,SHIN HAN-JAE,A61K36/537
US-11534064-B2,Segmentation of retinal blood vessels in optical coherence tomography angiography images,"Methods for automated segmentation system for retinal blood vessels from optical coherence tomography angiography images include a preprocessing stage, an initial segmentation stage, and a refining stage. Application of machine-learning techniques to segmented images allow for automated diagnosis of retinovascular diseases, such as diabetic retinopathy.",20221227,UNIV LOUISVILLE RES FOUND INC,EL-BAZ AYMAN,A61B3/1233
US-11697010-B2,Septum for access port,"A medical device comprising an implantable subcutaneous access port having a septum penetrable by a needle; the septum having a cavity located between an outer wall and an inner wall, the cavity containing a flowable media comprising a plurality of displaceable particles arranged to move in response to the needle being inserted through the outer wall and into the cavity and reposition around the needle.",20230711,PRIMO MEDICAL GROUP INC,TALLARIDA STEVEN J,A61M2039/0205
US-11891453-B2,Antibodies to carcinoembryonic antigen-related cell adhesion molecule (CEACAM),"The present invention provides antibodies, as well as molecules having at least the antigen-binding portion of an antibody, recognizing a specific epitope of the protein CEACAM1 and optionally binds also other subtypes of the CEACAM protein family Disclosed antibodies and antibody fragments are characterized by specific CDR sequences. Methods of production and use in therapy and diagnosis, of such antibodies and antibody fragments are also provided.",20240206,FAMEWAVE LTD,MARKEL GAL,A61K40/42
US-11101035-B2,System for controlling a medical device,"A system for controlling a medical device, the system comprising: a first channel and a second channel, an interface for receiving display data and control data and sending data into the first and second channels, the first channel comprising an imaging device adapted to display the display data and the control data, an image sensor adapted to detect at least an image part of the image, and an extraction device adapted to extract verification data from the image data, the second channel having a control device adapted to receive inputs from a user for and to output the control data and a control command, and a comparison device adapted to compare the test data from the extraction device and the control data from the control device.",20210824,STORZ KARL SE & CO KG,BRUEDERLE KLAUS,A61B34/25
US-11065096-B2,"Thromboembolic protective flow-diverting, common carotid to external carotid intravascular stent","Medical procedures and devices suitable for reducing the risk of embolic cerebrovascular events, including but not limited to cardioembolic stroke, that result from emboli entering the right or left common carotid artery. The invention uses a combination of intracranial flow diverting stent technologies and carotid stent technologies to achieve clinical objectives of embolic stroke prevention without thromboembolic and/or vascular stenosis complication. Such a stent has struts that generate high radial forces for endothelial apposition, and a mesh with interstices sufficiently small to prevent clinically significant-sized embolic material from passing therethrough from the common carotid artery into the internal carotid artery, but sufficiently large to enable blood and small clinically insignificant-sized embolic material to pass therethrough from the common carotid artery into the internal carotid artery.",20210720,LOYOLA UNIV CHICAGO,HEIFERMAN DANIEL,A61F2/90
US-11219729-B2,Medical device system and method including an endotracheal tube,"A medical device system and method including an endotracheal tube configured for insertion into a patients mouth or nose are disclosed. The endotracheal tube may include an outer cannula extending from a proximal end to a distal end configured to be positioned between in a patient&#39;s trachea. The outer cannula may include a lumen extending from a first opening defined in the proximal end to a second opening defined in the distal end. The endotracheal tube may further include an inner cannula removably positioned in the lumen of the outer cannula. The inner cannula may include a proximal end that extends outwardly from the first opening of the outer cannula, a distal end positioned adjacent to the distal end of the outer cannula, and a passageway extending through the distal and proximal ends of the inner cannula.",20220111,HANSA MEDICAL PRODUCTS INC,BLOM ERIC D,A61M16/0486
US-11278542-B2,Use of nicotinamide composition in preparation of drug for treating hand-foot skin reaction induced by sorafenib,"The present disclosure provides a use of a nicotinamide composition in preparation of a drug for treating hand-foot skin reaction (HFSR) induced by sorafenib, the composition being consisted of nicotinamide and sorafenib in a dosage ratio of 2:3. The composition provided by the present disclosure can alleviate the HFSR caused by excessive keratinization induced by sorafenib. This protective effect is achieved by inhibiting HB-EGF/SIRT1 pathway. The present disclosure provides a mechanism of sorafenib-induced HFSR, i.e., the excessive activation of the HB-EGF/SIRT1 pathway, thereby providing a theoretical foundation for clinical research of sorafenib-induced HFSR. The present disclosure also provides a drug that can effectively treat sorafenib-induced HFSR, thereby greatly broadening the clinical application of sorafenib. Nicotinamide is highly clinically feasible due to its moderate price, and thus can be prepared in any suitable formulation according to the requirements.",20220322,UNIV ZHEJIANG,HE QIAOJUN,A61P17/00
US-10799088-B2,"Image processing device, image processing method and recording medium","A medical imaging system having an image sensor, a birefringent mask coupled to the image sensor, and processing circuitry that obtains image data from the image sensor, and performs processing on the image data based on unique optical characteristics of a coupled medical device, wherein the processing includes selecting at least one of depth of field expansion and blur improvement based on the unique optical characteristics.",20201013,SONY CORP,KASHIMA KOJI,A61B1/000095
US-11020552-B2,Setup automation for respiratory treatment apparatus,"A respiratory treatment apparatus implements pressure delivery control settings by improved set-up procedures. In such an embodiment, a processor may automate setting of parameters for delivering a controlled flow of breathable gas. Data sets of pressure delivery parameter settings may be associated with one or more respiratory pathology indicators. The respiratory pathology indicators may each represent a different respiratory condition diagnosis. The processor may then prompt for an input of at least one of the respiratory pathology indicators. In response to the input, a particular set of pressure delivery parameter settings associated with the input respiratory pathology indicator may then serve as a basis for setting controls for delivering a controlled flow of breathable gas for respiratory treatment.",20210601,ResMed Pty Ltd,BASSIN DAVID JOHN,A61M16/024
US-11253188-B2,Means and methods for personalized behavioral health assessment system and treatment,"The invention presented personalized biofeedback computerized system, an End-to-End eHealth smart platform for analysis, diagnosis and therapy of types of behavioral disorders. The system comprises a Captive Portal (CP) data input for initial input data and for continuous input data, a database comprising data, a Computer Processing Manager (CPM) for processing the patient data and the database, a Graphical User Interface (GUI) for interfacing with a user, and an Electroencephalography (EEG) or hemoencephalography (HEG) cap for stimulating predetermined areas in the brain, wherein the CPM is interconnected to the CPP, the database and the GUI, the CPM provides instructions for cranial electrode mediated stimulation to the areas in the brain according to a predetermined patient data dependent protocol, and the database provides external data. A preferred embodiment of the invention is a multilayered bio-feedbacking system.",20220222,NTW LTD,TAL FASS MICHAL,A61B5/375
US-12114942-B2,"Information processing apparatus, information processing system, and information processing method","An information processing apparatus (100) includes an estimation unit (133) configured to estimate an external force estimation value which is an estimation value for an external force that acts on an object to be driven by performing a process based on a machine learning model with a force estimation value and an external force response value as an input, the force estimation value being an estimation value for a force that acts on the object to be driven, the external force response value being based on a value of an external force detected by a force sensor configured to detect the external force that acts on the object to be driven.",20241015,SONY GROUP CORP,YAJIMA SHUNSUKE,B25J13/089
US-10932716-B1,Characterizing sleep architecture,"Systems and methods are provided for quantitatively and objectively characterizing sleep architecture in normal individuals and persons with various health conditions. Embodiments of the invention facilitate characterizing temporal-pattern information of an individual&#39;s sleep, such as measured by electroencephalography (EEG), for identifying persons with abnormalities in the temporal-pattern information, sequences or durations of their stages of sleeping (“sleep architecture”), for facilitating selecting appropriate therapy or treatment, and for monitoring the effectiveness of such therapy or treatment. In one aspect, a set of time series are formed by electronically representing and storing information pertaining to brain activity, such as EEG hypnogram or sleep information, over a multi-night span. Information for the timeseries is analyzed, using one or more models, such as nonlinear, self-excited threshold autoregressive (SETAR) or neural network models, for determining a measure of chaotic properties of the timeseries. The largest Lyapunov exponent (LLE) is determined for the time series. Statistical departures of a particular patient&#39;s LLE values from one or more reference ranges are determined.",20210302,CERNER INNOVATION INC,MCNAIR DOUGLAS S,G16H50/70
US-10993652-B2,Epileptic event detection based on correlation of body signals,"We report a method of a method for detecting an epileptic seizure, comprising providing a first body signal reference value; determining a current body signal value from a time series of body signals; comparing the current body signal value and the first reference value; determining a work level of the patient; determining whether the current body signal value comprises an ictal component, based on the work level and the comparing; issuing a detection of an epileptic seizure in response to the determination that the current body signal value comprises the ictal component; and taking at least one further action (e.g. warning, delivering a therapy, etc.), based on the detection. We also report a medical device system configured to implement the method. We also report a non-transitory computer readable program storage unit encoded with instructions that, when executed by a computer, perform the method.",20210504,FLINT HILLS SCIENT LLC,OSORIO IVAN,A61B5/7282
US-11041204-B2,"FUS/TLS-based compounds and methods for diagnosis, treatment and prevention of amyotrophic lateral sclerosis and related motor neuron diseases","The invention provides novel FUS/TLS nucleic acids and proteins that comprise one or more genetic markers (for example, single nucleotide polymorphisms) and methods of use thereof including methods relating to the diagnosis of ALS or other related motor neuron disease by virtue of the presence of the mutant FUS/TLS sequence(s).",20210622,MASSACHUSETTS GEN HOSPITAL,KWIATKOWSKI JR THOMAS J,C12Q2600/172
TW-I822508-B,Multi-dimensional artificial intelligence auscultation device,"A multi-dimensional artificial intelligence auscultation device, which includes a plurality of heart sound sensors configured to place on different heart sound auscultation positions of the body to be monitored, and can simultaneously capture a plurality of heart sound signals corresponding to the different heart sound auscultation positions, and a processing unit powered by a power supply and electrically coupled to the plurality of heart sound sensors to perform preprocessing such as filtering, signal amplification and digitization on the collected heart sound signals. The preprocessed plurality of heart sound signals are analyzed and cross-compared by the coupled external computing electronic device to obtain the correlations between individual heart sound signals of the plurality of heart sound signals.",20231111,DECENTRALIZED BIOTECHNOLOGY INTELLIGENCE CO LTD,CHOU YAO-SHENG,A61B5/7264
US-10362932-B2,Medical device illuminator and charging system,"A portable medical illuminator is configured for attachment to a medical device wherein the illuminator includes an illuminator housing and a light source disposed in relation to the housing. A portable rechargeable power supply is connected to the light source, and an inductive charging coil is disposed within the illuminator housing to enable contactless charging of the contained portable power supply.",20190730,WELCH ALLYN INC,LIA RAYMOND A,A61B1/00105
US-10370417-B2,Methods for the diagnosis of cancer through detection of human endogenous retrovirus WL (HERV-WL) envelope expression,The present invention relates to methods and kits for diagnosis of cancer in a subject by detecting human endogenous retrovirus env (HERV-WL) polypeptides.,20190806,UNIV RUTGERS,TSIAGBE VINCENT K,G01N33/57557
US-10435457-B2,Microbe-binding molecules and uses thereof,"Described herein are engineered microbe-targeting molecules, microbe-targeting articles, kits comprising the same, and uses thereof. Such microbe-targeting molecules, microbe-targeting articles, or the kits comprising the same can not only bind or capture of a microbe or microbial matter thereof, but they also have improved capability (e.g., enhanced sensitivity or signal intensity) of detecting a microbe or microbial matter. Thus, the microbe-targeting molecules, microbe-targeting articles, and/or the kit described herein can be used in various applications, e.g., but not limited to assays for detection of a microbe or microbial matter, diagnostic and/or therapeutic agents for diagnosis and/or treatment of an infection caused by microbes in a subject or any environmental surface, and/or devices for removal of a microbe or microbial matter from a fluid.",20191008,HARVARD COLLEGE,WATTERS ALEXANDER,G01N33/569
US-10561782-B2,Medical device and method of detecting the filling level of a bubble chamber,"The present invention relates to a medical device, in particular to a blood treatment apparatus, having a control and processing unit, having at least one structure-borne sound emitter and having at least one structure-borne sound sensor, each configured for coupling to coupling points of a medical tubing kit which can be coupled to the medical device, wherein the filling level of a bubble chamber arranged in the tubing kit can be determined at the tubing kit via the control and processing unit based on the measurement of the structure-borne sound.",20200218,FRESENIUS MEDICAL CARE DEUTSCHLAND GMBH,HEIDE ALEXANDER,A61M2205/18
US-10603464-B2,Sterile barrier product packaging,"Aspects of the disclosure relate to packaging assemblies including a tray having at least one compartment adapted to receive a medical device component or product. The packaging assemblies a barrier film covering the compartment and a lid pivotally attached to the tray; wherein the tray and the lid each include cooperative latching features. The lid defines a recess in which one or more product items can be stored and the packaging assembly further includes a label removably secured over the recess and the sheet of product documentation. Methods of assembling, sterilizing and opening such packaging assemblies are also disclosed.",20200331,MEDTRONIC VASCULAR INC,SPENS COURTNEY,A61L2/206
US-10642942-B2,Method of mapping images of human disease and of designing or selecting a medical device using a surrogate model,"A method of designing or selecting an implantable medical device comprises the steps of: i) obtaining a plurality of measured data points of a characteristic of an anatomical feature of an individual; ii) using said data points to construct a surrogate model of said characteristic, the surrogate model being constructed by interpolating or regressing measured data points of the characteristic, and using said surrogate model to obtain predicted values of said characteristic at a plurality of locations; iii) using said predicted values to determine or select at least one value of a design parameter of the implantable medical device. There is further disclosed a method of monitoring or diagnosing a disease or disorder.",20200505,UNIV SOUTHAMPTON,BRESSLOFF NEIL W,A61F2250/0018
US-10701043-B2,Methods for physical authentication of medical devices during wireless pairing,"Systems and methods for physical authentication of medical devices during wireless pairing are disclosed herein. The method can include receiving a request to initiate coupling. Following the request, a visual identifier can be generated with a light source. The visual identifier can include embedded data used to couple the medical devices. The visual identifier can be captured in image data, which image data can be analyzed and the embedded data can be extracted from the image data. Based on the embedded data that is extracted from the image data, secure coupling between medical devices can be established.",20200630,TC1 LLC,HEPPELL KEVIN,H04W12/33
US-11259882-B1,Robotic surgical instrument system,"Systems and methods are provided for determining acceptable ranges of pressures for use by a robotic arm on a surgical instrument, robotic systems and methods that are limited to using the acceptable ranges of pressures, and the medical devices for use in the robotic surgery. Learning software is included in the methods and systems for correlating manually-performed procedures with pressure sensors as a tactile gauge for qualifying the acceptable ranges of pressures for use by a robotic system.",20220301,INTEGRITY IMPLANTS INC,WALSH CHRISTOPHER,A61F2002/4666
US-10912819-B2,Neuroprotective peptides derived from activity-dependent neuroprotective protein for treatment of neurological diseases,"This invention provides a novel formulation for effective delivery of a pharmaceutically active ingredient such as a peptide possessing neuroprotective activity. Also provided are methods for treating pertinent clinical implications such as autism, schizophrenia, and dementia using the formulation.",20210209,UNIV RAMOT,GOZES ILLANA,A61K47/10
US-2022296924-A1,Artificial intelligence modeling for radiation therapy dose distribution analysis,"Disclosed herein are methods and systems to optimize a radiation therapy treatment plan using dose distribution values predicted via a trained artificial intelligence model. A server trains the AI model using a training dataset comprising data associated with a plurality of previously implemented radiation therapy treatments on a plurality of previous patients and dose distributions associated with one or more organs of each previous patient. The server then executes the trained AI model to predict dose distribution for a patient. The server then displays a heat map illustrating the predicted values, transmits the predicted values to a plan optimizer to generate an optimized treatment plan for the patient, and/or transmits an alert when a treatment plan generated by a plan optimizer deviates from rules and thresholds indicated within the patient&#39;s plan objectives.",20220922,VARIAN MED SYS INC,PELTOLA JARKKO,G16H30/40
US-2022386998-A1,Automated ultrasound video interpretation of a body part with one or more convolutional neural networks,"In an embodiment, an intelligent system includes an electronic circuit configured to execute a neural network, to detect at least one feature in an image of a body portion while executing the neural network, and to determine a respective position and a respective class of each of the detected at least one feature while executing the neural network. For example, such a system can execute a neural network to detect at least one feature in an image of a lung, to determine a respective position within the image of each detected feature, and to classify each of the detected features as one of the following: A-line, B-line, pleural line, consolidation, and pleural effusion.",20221208,TOKITAE LLC,MEHANIAN COUROSH,A61B8/5207
US-2022401176-A1,"Medical device control apparatus using a handpiece gesture and switch status, and method for controlling thereof",Provided are a medical device control apparatus using a handpiece motion and a control method using the same. The medical device control apparatus using the handpiece motion comprises a handpiece which is connected with a medical device body to perform a procedure; a gesture detector which is provided in the handpiece and detects the motion of the handpiece to recognize the gesture of the handpiece; an alarm unit which alarms that a mode of the medical device body is changed from a first state to a second state or parameter values are controlled according to the gesture of the handpiece; control switch which is provided in the handpiece to change the mode of the medical device body or control the parameter values output by the medical device body; and a connection cable which connects the medical device body and the handpiece.,20221222,CHOI JONGWOON,CHOI JONGWOON,A61B2017/00119
US-2023027518-A1,Systems and methods for using photogrammetry to create patient-specific guides for orthopedic surgery,"Systems and methods for generating patient-specific surgical guides comprising: capturing a first and second images of an orthopedic element in different reference frames using a radiographic imaging technique, detecting spatial data defining anatomical landmarks on or in the orthopedic element using a neural network, applying a mask to the orthopedic element defined by an anatomical landmark, projecting the spatial data from the first image and the second image to define volume data, applying the neural network to the volume data to generate a reconstructed three-dimensional (“3D”) model of the orthopedic element; and calculating dimensions for a patient-specific surgical guide configured to abut the orthopedic element.",20230126,MICROPORT ORTHOPEDICS HOLDINGS INC,BOWMAN FRED W,A61B2034/2065
US-2021308418-A1,Adjustable sheath device,"The disclosure generally relates to adjustable sheath devices for insertion into the body to provide intravascular access to various medical devices, involving a dynamically expandable sheath capable of expanding within the blood vessel when a medical device is passed through the sheath and retracting back to almost its original size when the medical device is removed from the sheath. Embodiments generally comprise a rigid collar and an elongated sleeve comprising a continuous elastomeric outer layer and an expandable inner layer.",20211007,Three Peaks Medical Pty Ltd,WORTHLEY STEPHEN,A61M2205/0216
US-2022054631-A1,MHC Class I Associated Hepatitis B Peptides,"The present invention relates to compositions and methods for the prevention, treatment, and diagnosis of Hepatitis B virus (HBV) infection, and discloses peptides, polypeptides, and polynucleotides that can be used to stimulate a CTL response against HBV infection. The peptide and/or proteins of the invention may be used as a therapeutic drug to stimulate the immune system to recognize and eliminate HBV infection in infected cells or as a vaccine for the prevention of disease.",20220224,EMERGEX VACCINES HOLDING LTD,PHILIP RAMILA,A61K39/12
US-2022246290-A1,Device and Method for Detecting an Actuation Action Performable with a Medical Device,"An apparatus is disclosed, comprising a detector unit comprising a detector configured to detect an actuation action performable via the detector unit to an actuation button of a medical device to cause the medical device to eject at least a portion of a medicament comprised in the medical device. The detector is configured to detect the actuation action based on a detection of a force and/or a touch applied to the detector unit as part of the actuation action. The apparatus further comprises an electric unit connected to the detector and configured to store and/or provide information related to the detected actuation action. Furthermore, an according method and a computer program for controlling this method are disclosed.",20220804,SANOFI AVENTIS DEUTSCHLAND,GROESCHKE JASMIN,G16Z99/00
US-2022296204-A1,"Digestive canal scanning device, body scanning device, body scanning method and acoustic-based digestive organ monitoring system","A digestive canal scanning device of the present invention includes a sensor module, a data processing unit, and an analysis unit. A body scanning device of the present invention includes a sensor module, a data processing unit, and an analysis unit. An acoustic digestive organ monitoring system of the present invention includes an auscultation unit, an artifact collection unit, a signal extraction unit, a feature extraction unit, a database, an artificial neural network, and a wireless communication unit.",20220922,UNIV KOREA RES & BUS FOUND,KIM EUN-SUN,A61B7/008
US-2022354379-A1,Methods and Apparatus for Electro-Meridian Diagnostics,"A current sensor may take measurements of electrical currents that flow between two limbs of a patient through at least a portion of the patient&#39;s torso. The current measurements may be taken during a single diagnostic session while the patient holds a ground electrode in a hand of one limb and a probe electrode is sequentially placed at different locations on the distal portions of other limbs. Each of the measurement locations may be an acupuncture point. An electrical current state for the diagnostic session may be calculated. This state may consist of current ranges for one or more electrical currents that are measured during the session. A lookup table may be employed to determine one or more medical conditions that are indicated by the current state. Alternatively, a trained machine learning model may predict, based on the measured currents, one or more medical conditions.",20221110,Ninurta LLC,NEMEH ISSAM,A61B5/7264
US-2021254158-A1,Method for predicting a subjects response to slc modulator therapy,"The present invention provides, inter alia, methods for treating or ameliorating the effects of a disorder, such as schizophrenia or bipolar disorder, by increasing or decreasing proline levels. Further provided are methods of predicting and monitoring the clinical response in a patient, and diagnostic systems for identifying a patient likely to benefit from proline modulation.",20210819,UNIV COLUMBIA,CLELLAND CATHERINE L,G01N2800/52
US-2021332148-A1,Antigen-binding polypeptides directed against cd38,"The invention relates to polypeptides specifically binding to CD38 and are therefore suitable for the diagnosis and for the therapeutic and prophylactic treatment of diseases which are characterized by increased CD38 expression. Conjugates and pharmaceutical compositions comprising the polypeptides are disclosed as well. In addition, the invention relates to the use of such polypeptides in methods for the detection of CD38 and/or CD38-expressing cells in a biological sample. A process for the purification and concentration of CD38 and/or CD38-expressing cells in which the antigen-binding polypeptides are used are also described.",20211028,UNIV MEDICAL CENTER HAMBURG EPPENDORF,NOLTE FRIEDRICH,A61P37/02
US-2021369401-A1,Patient anxiety management system and method of use,"The present disclosure relates to a patient anxiety management system for managing patient anxiety during a dental procedure. In one example, a patient anxiety management system is presented. The patient anxiety management system includes a control module that a patient can use to disactivate a medical device used by a dental professional by way of a trigger mechanism. Upon deactivating the medical device, a recording device, in communication with the control module, plays a recorded message to the patient during a programmable timeframe. Once the patient is calm, the system resets the medical device to an initial operation state by reconnecting but not reactivating the medical device so that the dental professional may resume the procedure when it is safe to proceed.",20211202,NEWSHAM DAVID,NEWSHAM DAVID,A61C1/0046
US-2021301318-A1,"A biomarker and target for diagnosis, prognosis and treatment of ankylosing spondylitis","The present invention relates to a biomarker and target for diagnosis, prognosis and treatment of ankylosing spondylitis (AS). The present invention also relates to a method for producing an animal model for AS, an animal model produced therefrom, and a method for screening for an agent pharmaceutically active in the treatment of A S using such animal model.",20210930,ACADEMIA SINICA,LIN KUO-I,C12N15/1137
US-2022102005-A1,Methods and Systems for Interpreting a Diagnostic Test Result,"In an example, a computer-implemented method for interpreting a diagnostic test result includes receiving a diagnostic test result for an animal patient as a result of a series of diagnostic tests performed on the animal patient, based on the diagnostic test result being indicative of a steroid analyte, initiating an automated clinical decision support interface on a graphical user interface for the diagnostic test result for the animal patient, executing a set of predetermined rules for processing the diagnostic test result for the animal patient to generate a clinical interpretation of the diagnostic test, and responsively providing via the graphical user interface the clinical interpretation of the diagnostic test. In another example, based on the diagnostic test results being indicative of an increased possibility of liver dysfunction, the set of predetermined rules are executed to generate a hepatobiliary alert for inclusion in the automated clinical decision support interface.",20220331,IDEXX LAB INC,GRISLEY EVAN ROBERT,Y02A90/10
US-2020337651-A1,"Monitoring and tracking system, method, article and device",A monitoring system includes one or more monitoring devices configured to detect conditions related to a monitored person and an artificial intelligence module configured to analyze historical information related to conditions of the monitored person and current information related to conditions of the monitored person and determine whether to generate an alert signal based on the analysis. The artificial intelligence module may also be configured to update the historical information related to the conditions of the monitored person based on the current information and responses to the alert signals. The system includes a moveable sensor and a monitored-person identification subsystem.,20201029,KWAN KEVIN,KWAN KEVIN,G16H40/63
US-10921330-B2,Method for diagnosis of dementias and neuroinflammatory diseases based on an increased level of procalcitonin in cerebrospinal fluid,"CSF diagnostic in vitro method for the diagnosis of dementias and neuroinflammatory diseases, in which a determination of the procalcitonin immunoreactivity (PCT immunoreactivity) is carried out in a sample of cerebrospinal fluid (CSF) of a patient who is suffering from a dementia or neuroinflammatory disease or is suspected of suffering from such a disease. Conclusions about the presence, the course, the severity or the success of a treatment of the dementia or neuroinflammatory disease are drawn from a measured PCT immunoreactivity which is above a threshold value typical for healthy individuals.",20210216,BRAHMS GMBH,BERGMANN ANDREAS,G01N33/6896
US-2018243086-A1,Double basket assembly for valve repair,"The invention provides medical devices, systems and methods for tissue approximation and repair and in particular to reduce mitral regurgitation by means of improved coaptation. The devices, systems and methods of the invention will find use in a variety of therapeutic procedures, including endovascular, minimally-invasive, and open surgical procedures, and can be used in various anatomical regions, including the cardiovascular system, heart, other organs, vessels, and tissues. The invention is particularly useful in those procedures requiring minimally-invasive or endovascular access to remote tissue locations, where the instruments utilized must negotiate long, narrow, and tortuous pathways to the treatment site.",20180830,ABBOTT CARDIOVASCULAR SYSTEMS INC,BARBARINO CASEY M,A61F2/246
US-2019000421-A1,Three-dimensional imaging ultrasonic scanning method,"A three-dimensional imaging ultrasonic scanning method applicable to ultrasonic diagnostic instruments is disclosed. The three-dimensional imaging ultrasonic scanning method can simultaneously satisfy different requirements for images during three-dimensional ultrasonic scanning, so that with just one time of scanning, a series of B-mode ultrasound images corresponding to each of the ultrasonic arrays can be obtained, and further three-dimensional images for the tested object can be constructed by a main body portion of ultrasonic diagnosis, laying a better foundation for ultrasonic diagnosis.",20190103,TELEFIELD MEDICAL IMAGING LTD,ZHENG YONGPING,A61B8/466
US-2019030081-A1,Mesenchymal stem cells with enhanced efficacy,"Disclosed are protocols, isolation means, and compositions of matter useful for identifying mesenchymal stem cells possessing enhanced clinical activity. In one embodiment, markers associated with said enhanced mesenchymal stem cell activity are utilized to identify donors whose mesenchymal stem cells possess superior efficacy compared to mesenchymal stem cells from donors who lack said markers associated with said enhanced efficacy. In one embodiment, said markers are utilized to select for mesenchymal stem cells possessing enhanced efficacy from in vitro cultures. In another embodiment, surfaces markers associated with said markers associated with enhanced efficacy are utilized to positively select for cells possessing enhanced efficacy. In another embodiment, the invention teaches markers whose expression is correlated with negative efficacy. Said markers can be utilized to exclude mesenchymal stem cell donors, or in vitro generated and/or isolated mesenchymal stem cells prior to clinical use. In another embodiment the invention teaches a method of augmenting mesenchymal stem cell efficacy by inhibiting the expression of proteins found in higher concentrations in cells without enhanced clinical activity. Additionally, novel mesenchymal stem cells phenotypes are disclosed possessing enhanced efficacy compared to existing mesenchymal stem cells based on unique phenotypic characteristics.",20190131,CELL MEDICINE INC,RIORDAN NEIL,A61P27/00
US-2019083647-A1,Virus-like particle conjugates for diagnosis and treatment of tumors,"The present disclosure is directed to methods and compositions for the diagnosis and/or treatment of tumors, such as ocular tumors, using virus-like particles conjugated to photosensitive molecules.",20190321,AURA BIOSCIENCES INC,DE LOS PINOS ELISABET,A61P35/02
US-2024331848-A1,Method and apparatus for quantitative chronic obstructive pulmonary disease evaluation using analysis of emphysema,A method according to an embodiment of the present disclosure includes obtaining a first finding region in a first medical image and size information of the first finding region; identifying a second finding region matching the first finding region in a second medical image obtained after the first medical image; obtaining size information of the second finding region; and generating diagnosis assistance information based on the size information of the first finding region and the second finding region.,20241003,CORELINE SOFT CO LTD,SEO JOON BEOM,G06T2207/30061
US-2024371497-A1,"System and method for diagnostics and finding treatments for mild cognitive impairment, dementias and neurodegenerative diseases","The invention relates to a system and a method for finding treatments for mild cognitive impairment, dementias and neurodegenerative diseases, the method including collecting brain imaging, laboratory, functional data from a group of cognitively normal individuals, patients with confirmed cases of at least one of the diagnoses, and an examinee with unknown diagnosis; entering the diagnostic data obtained in the previous steps into a computing device; using a machine learning system to produce a plurality of cross-modal regression models specific for each diagnosis; producing the classification module that identifies a disease-specific cross-modal regression model which optimally fits an individual case; assembling an ensemble model from the disease-specific cross-modal regression models and the classification module; deploying and running the ensemble model at the computing device to calculate probabilities of the diseases, output a diagnosis with the highest probability and select the optimal therapeutic plan comprising at least one treatment option.",20241107,UNIV UNITED ARAB EMIRATES,STATSENKO YAUHEN,A61B5/4088
US-2020040074-A1,Antibodies to il-6 and use thereof,"The present invention is directed to antibodies and fragments thereof and humanized versions thereof having binding specificity for IL-6. Another embodiment of this invention relates to the antibodies described herein, and binding fragments thereof, comprising the sequences of the VH, VL and CDR polypeptides described herein, and the polynucleotides encoding them. The invention also contemplates conjugates of anti-IL-6 antibodies and binding fragments thereof conjugated to one or more functional or detectable moieties. The invention also contemplates methods of making said anti-IL-6 antibodies and binding fragments thereof. Embodiments of the invention also pertain to the use of anti-IL-6 antibodies, and binding fragments thereof, for the diagnosis, assessment and treatment of diseases and disorders associated with IL-6. These antibodies may bind at least one of soluble IL-6, cell surface expressed IL-6, IL-6/IL-6R and/or prevent the association of IL-6 and IL-6R, the association of IL-6/IL-6R and gp130 and or the formation of IL-6/IL-6R/gp130 multimers and thereby inhibit a biological effect associated with any of the foregoing.",20200206,ALDERBIO HOLDINGS LLC,GARCIA-MARTINEZ LEON F,A61P35/00
US-2020237705-A1,Method to treat antimicrobial resistant candida,"This disclosure describes the ability of glycerol monolaurate, formulated both as a solution and as a nonaqueous gel, to kill antimicrobial resistant  C. auris . Additionally, this disclosure describes the ability of glycerol monolaurate formulated as a non-aqueous gel to kill clinically isolated  Candida  species.",20200730,HENNEPIN LIFE SCIENCES LLC,SCHLIEVERT PATRICK M,A61K9/06
US-2021059545-A1,"Method for detecting pulsatile dynamics of the optic nerve sheath, diagnostic methods, medical uses, non-invasive markers, systems and transducer devices","The invention relates to a new method, as well as diagnosis. A non-invasive marker, systems and equipment are also included.",20210304,NISONIC AS,BREKKEN REIDAR,A61B5/0042
US-2021100454-A1,System and method of using body temperature logging patch,"Continuous temperature monitors can be used to collect frequent temperature data over large periods of time. A machine learning system trained with collected temperature data can be used to predict future temperature data for patients. Such predictions can be clinically beneficial for disease states in which fever can be fatal, particularly for those fevers having fast onset. For example, patients undergoing chimeric antigen receptor T-cell (CAR-T) therapy may suffer fevers caused by cytokine release syndrome (CRS). Accordingly, a continuous temperature monitor is used to collect temperature data from CAR-T patients with high risk of CRS (or like patients with high fever risk), and the collected temperature data processed by a machine learning system to predict the patient&#39;s future temperature profiles. Results of analysis of the predicted temperature profiles may then be provided to the patient and/or clinician.",20210408,BLUE SPARK TECH INC,GANNON JOHN,G06N3/044
US-2020316250-A1,Bone implant,"The invention relates to the field of medicine and medical technology, namely to bone implants, and can be used in surgery, orthopedics, dentistry. Bone implants made of dense tough fibrous or fine-crystal silicate mineral aggregate or rock, jade, have high strength, resistance to crack formation, biological compatibility and the ability to integrate into bone tissue. The technical result—expanding the field of medical devices for implantation into bone tissue.",20201008,PUGACH ANDREY,PUGACH ANDREY,A61F2002/2835
US-2021353216-A1,Dental Image Feature Detection,"A system includes a computing device that includes a memory configured to store instructions. The system also includes a processor to execute the instructions to perform operations that include receiving data representing one or more images of dental information associated with a patient. Operations include adjusting the data representing the one or more images of dental information into a predefined format, wherein adjusting the data includes adjusting one or more visual parameters associated with the one or more images of dental information. Operations include using a machine learning system to determine a confidence score for one or more portions of the one or more images of dental information, and producing a representation of the determined confidence scores to identify one or more detected features present in the one or more images of dental information.",20211118,VIDEAHEALTH INC,HILLEN FLORIAN,G06V10/774
US-11583221-B2,Cognitive impairment diagnostic apparatus and cognitive impairment diagnostic program,A cognitive impairment diagnostic apparatus includes: a display which displays a video for diagnosis of cognitive impairment on a display surface; an imaging unit which captures images of an eye of a subject; a detection unit which detects viewpoints of the subject on the display surface in time series based on the images captured by the imaging unit; a creation unit which creates a distribution map representing a distribution of the viewpoints detected by the detection unit; a storage unit which stores case characteristic data indicating a characteristic of a viewpoint distribution corresponding to a typical case in cognitive impairment; and a diagnostic unit which diagnoses cognitive impairment of the subject by determining whether the distribution map has the characteristic indicated by the case characteristic data.,20230221,UNIV OSAKA,TAKEDA SHUKO,G16H50/20
US-11717151-B2,Method for early diagnosis of keratoconus based on multi-modal data,"A method for early diagnosis of keratoconus based on multi-modal data considers a mutual relationship between both eyes using four refractive maps for corneas of the both eyes and absolute corneal elevation data, and combines the deep convolutional network method, the traditional support vector machine (SVM) method in machine learning, and the elevation map enhancement method with adjustable best-fit-sphere (BFS) to identify sensitivity and specificity of a focus and balance the sensitivity and specificity. With multi-dimensional comprehensive judgment of a keratoconus morbidity with a patient as a unit, combined with binocular data including both manual selection features and deep network learning from big data, the diagnosis method has higher robustness and accuracy.",20230808,SHANGHAI MEDIWORKS PREC INSTRUMENTS CO LTD,SHEN YANG,A61B3/1005
US-11267965-B2,Polymeric materials for biomedical applications,Crosslinked biodegradable block polyurethane copolymers prepared from a plurality of biodegradable polymers or oligomers linked together via urethane bonds and crosslinked via a citrate ester are disclosed. Such copolymers can include folic acid and fabricated into medical devices such as a nerve growth conduit and locally deliver folic acid to a site of injury such as a PNS injury site.,20220308,ALEO BME INC,LIU CHAO,C08G18/4833
US-11521373-B1,System for estimating a three dimensional pose of one or more persons in a scene,A system for estimating a three dimensional pose of one or more persons in a scene is disclosed herein. The system includes one or more cameras and a data processor configured to execute computer executable instructions. The computer executable instructions include: (i) receiving one or more images of the scene from the one or more cameras; (ii) extracting features from the one or more images of the scene for providing inputs to a first branch pose estimation neural network and second branch pose estimation neural network; (iii) generating a first training signal from the second branch pose estimation neural network using a three dimensional reconstruction module for input into the first branch pose estimation neural network; (iv) generating one or more volumetric heatmaps; and (v) applying a maximization function to the one or more volumetric heatmaps to obtain a 3D pose of one or more persons in the scene.,20221206,BERTEC CORP,AKBAS EMRE,G06N3/048
US-11590088-B2,Use of Tapinarof for the treatment of chronic plaque psoriasis,"Topical compositions and methods for using topical compositions comprising tapinarof to treat mild to moderate atopic dermatitis or plaque psoriasis are described herein. Also described are clinical endpoints for treatment of subjects diagnosed with mild to moderate atopic dermatitis, wherein about 5% to about 35% of body surface area was affected, and Investigator Global Assessment (IGA) score was greater than or equal to 3. Also described are clinical endpoints for treatment of subjects diagnosed with chronic mild to moderate plaque psoriasis for greater than or equal to 6 months, wherein about 3% to about 20% of body surface area was affected, and Physician Global Assessment (PGA) score was greater than or equal to 2.",20230228,Dermavant Sciences GmbH,KRAUS JOHN E,A61K31/05
US-2023102081-A1,Compound as cyclin-dependent kinase 9 inhibitor and use thereof,"Disclosed is a compound as shown in formula (I) or a pharmaceutically acceptable salt, a stereoisomer, an isotope derivative or a prodrug thereof. The compound has an excellent activity as a cyclin-dependent kinase 9 (CDK9) inhibitor for treating hyperproliferative diseases. The experimental research on in vitro inhibition of cell proliferation and in vivo suppression of tumors shows that such compounds have a relatively strong inhibitory effect on MV4;11 cells and in vivo tumor models, and have a good selectivity and a low toxicity and few side effects, thereby possessing a good clinical value as novel anti-tumor drugs.",20230330,CSPC ZHONGQI PHARMACEUTICAL TECH SHIJIAZHUANG CO LTD,WANG ZHENYU,C07D409/12
US-2023177686-A1,Automated multi-class segmentation of digital mammogram,"This document describes methods and systems for training a machine learning model to segment digital breast images into key regions of interest, and also for using the model on a new digital breast image to assess whether the breast image exhibits adequate image quality, report the image quality, and/or to use these data to reconstruct or process the new breast image.",20230608,REAL TIME TOMOGRAPHY LLC,NG SUSAN,G06T2207/30068
US-2023218303-A1,"Frame components of a medical device, system and method thereof","Medical devices, systems and methods for occluding a left atrial appendage of a heart. In one embodiment, a medical device system includes a pusher catheter with a medical device coupled adjacent a distal end of the pusher catheter. The medical device includes a primary hub and a secondary hub with a framework extending therebetween, the primary hub including grooves defined therein. The framework is moveable between constricted and expanded positions such that as the framework moves to the constricted position the grooves are configured to align portions of the framework as the secondary hub moves through the bore of the primary hub. In another embodiment, components of the framework may be configured to minimize resistance in the system as the medical device is delivered and moved between the constricted and expanded positions.",20230713,COHEREX MEDICAL INC,LEE SUNG K,A61B17/1214
US-2023222816-A1,"Electronic device, information processing device, alertness level calculating method, and alertness level calculating program","An electronic device  10  includes an image-capturing unit  11,  a line-of-sight detector  12,  and a controller  14.  The image-capturing unit  11  generates an image corresponding to the view by performing image capturing. The line-of-sight detector detects a line of sight of a subject with respect to the view. The controller  14  functions as a first estimator  15.  The first estimator  15  is capable of estimating a first heat map based on the image. The controller  14  calculates the alertness level of the subject based on the first heat map and the line of sight of the subject. The first estimator  15  is constructing using learning data obtained by machine learning the relationship between a learning image and a line of sight of a training subject when an alertness level of the training subject is in a first range.",20230713,KYOCERA CORP,SHINOZAKI TAKAYUKI,G06V20/597
US-2023256193-A1,Medical device,"A medical device includes: a medicinal agent storage device connected to the catheter, a flow control device, and a package. The medicinal agent storage device includes a storage part and a second channel, the storage part is configured to store a medicinal agent, and wherein the second channel provides fluid communication between the storage part and the first channel. The package encloses the catheter, the medicinal agent storage device, and the flow control device in a sterilized state. In a first state, the flow control device is configured to prevent the medicinal agent from flowing from the storage part into the first channel. The flow control device is included in the catheter or included in the medicinal agent storage device.",20230817,OLYMPUS MEDICAL SYSTEMS CORP,NOMURA KAYO,A61M25/0017
US-2023351592-A1,Clinical decision support system having a multi-ordered hierarchy of classification modules,"A clinical support system and method for real-time activation of detection and characterization modules trained for identification or diagnosis of anomalies within a gastrointestinal tract are disclosed. A clinical support computer can be programmed to activate a first mucosa identification module and a first plurality of detection and characterization modules based at least in part on detection of connection to the endoscope, monitor an image stream from the endoscope using the first mucosa identification module to identify a mucosal tissue type, execute a first detection module from the first plurality of detection and characterization modules based on identifying the mucosal tissue type as a first mucosal tissue type, and process an image from the image stream received from the endoscope using the first detection module to identify a region of interest to output to the display device, wherein the region of interest identifies a potential anomaly within the image.",20231102,FILICIOTTO FRANK,FILICIOTTO FRANK,G06T7/0012
US-2023363703-A1,System and method including affect in pain level recognition,"A system and method for pain level recognition using an automated approach which incorporates a pain-affect dataset comprising bioVid pain and bioVid emotion datasets for the assessment of patient pain in clinical settings where patients often experience other affect states, such as anger and anxiety, in addition to pain.",20231116,UNIV SOUTH FLORIDA,CANAVAN SHAUN JOSEPH,G06V10/82
US-11420050-B2,Neural prosthesis system and method of control,"Multiple designs, systems, methods and processes for control using electrical signals recorded from clinically paralyzed muscles and nerves are presented. The discomplete neural prosthesis system and method for clinically paralyzed humans utilizes a controller. The controller is adapted to receive a volitional electrical signal generated by the human that is manifest below the lesion that causes the clinical paralysis. The controller uses at least the volitional electrical signal to generate a control signal that is output back to a plant to change the state of the plant, which in one aspect is one or more of the user&#39;s paralyzed muscles to achieve a functional result or to devices in the environment around the user that are adapted to receive commands from the controller.",20220823,UNIV CASE WESTERN RESERVE,MOSS CHRISTA WHEELER,A61N1/36067
US-11461700-B2,Methods and systems for using artificial intelligence to analyze user activity data,"A system for using artificial intelligence to analyze user activity data, the system comprising a computing device configured to receive from a user, at least a biological extraction and at least a user activity datum, determine a current user location, generate a diagnostic output as a function of the biological extraction, wherein the diagnostic output comprises a condition of the user, retrieve, from a fingerprint database, at least a datum of user fingerprint data, identify a plurality of compatible elements at the current user location as a function of the condition of the user, select at least a compatible element as a function of the fingerprint data, and present, via a graphical user interface, the at least a compatible element to a user device.",20221004,KPN INNOVATIONS LLC,NEUMANN KENNETH,G06F3/011
US-11480933-B2,Neural networks for occupiable space automation,Provided herein is a system for occupiable space automation using neural networks that delivers scalable and more intelligent occupiable space automation that can continuously learn from user actions and experiences and adapt to specific needs of each individual occupiable space. The occupiable space automation control system is built based on brain inspired multi-layer neural network with plastic connectivity between neurons. The occupiable space automation control system is configured to (a) adaptively predict previously learned activity patterns and (b) alert about potentially harmful or undesired activity patterns of the plurality of periphery devices based on response events of the plurality of artificial neurons and coupling strengths of the plurality of synapses. The occupiable space automation control system is configured to automatically operate the at least one controller based on the predicted activity pattern and/or provide user alerts based on a detected harmful activity pattern.,20221025,BAZHENOV MAKSIM,BAZHENOV MAKSIM,G06N3/044
US-11793764-B2,siRNA nanocapsule and preparation method and use thereof,"The present disclosure provides an siRNA nanocapsule and a preparation method and use thereof, relating to the technical field of biomedical engineering. The siRNA nanocapsule provided in the present disclosure includes siRNA and a shell encapsulating the siRNA and polymerized by a monomer A and a monomer B. The monomer A has a double bond at one end, and is electrostatically bound with the siRNA, and the monomer B includes molecules for improving tumor microenvironment sensitivity. The siRNA nanocapsule provided in the present disclosure is suitable for a wide range of clinical applications.",20231024,UNIV HENAN,SHI BINGYANG,A61K9/5138
US-2021330416-A1,Clinical diagnosis and treatment planning system and methods of use,"A spinal disorder diagnosis and treatment planning system is provided. The diagnosis and treatment planning system includes a mixed reality holographic display including at least one processor, at least one camera, at least one sensor, and being configured to acquire data points corresponding to a surface of a body adjacent to vertebral tissue. A computer database is configured to transmit imaging of the body including the vertebral tissue to the mixed reality holographic display. The mixed reality holographic display is configured to display a first holographic image of the vertebral tissue superimposed with a body image including the surface. Methods are also disclosed.",20211028,WARSAW ORTHOPEDIC INC,REDMOND JERALD,A61B2090/376
US-9901663-B2,Hollow stent filled with a therapeutic agent formulation,"A composition for loading into a structural element of a stent, where the structural element is defined by a lumen and at least one opening to access the lumen. The composition may comprise a therapeutic agent, and a chelator, a precipitation agent, or a combination thereof. Medical devices, such as stents, with a structural element defined by a lumen and at least one opening to access the lumen, filled with the compositions are also described.",20180227,ABBOTT CARDIOVASCULAR SYSTEMS INC,PACETTI STEPHEN D,A61F2/82
US-9955921-B2,Methods and systems for automatically identifying detection parameters for an implantable medical device,"An initial set of parameters for operating one or more detection tools is automatically derived and subsequently adjusted so that each detection tool is more or less sensitive to signal characteristics in a region of interest. Detection tool(s) may be applied to physiological signals sensed from a patient (such as EEG signals) and may be configured to run in an implanted medical device that is programmable with the parameters to look for rhythmic activity, spike activity, and power changes in the sensed signals, etc. A detection tool may be selected and parameter values derived in a logical sequence and/or in pairs based on a graphical representation of an activity type which may be selected by a user, for example, by clicking and dragging on the graphic via a GUI. Displayed simulations allow a user to assess what will be detected with a derived parameter set and then to adjust the sensitivity of the set or start over as desired.",20180501,NEUROPACE INC,ESTELLER ROSANA,A61N1/36135
US-10959653-B2,"Devices, systems and methods for on-skin or on-body mounting of medical devices","Devices, systems, methods and kits for releasably mounting a medical device on the body or skin of a user are provided. Embodiments include a holder or mounting unit or structure that retains a medical device in a fixed position on a body part of a user or host, such as on the surface of the skin, and/or provides physical and/or electrical coupling to one or more additional components which may be operatively positioned above and/or below the surface of the skin.",20210330,ABBOTT DIABETES CARE INC,STAFFORD GARY ASHLEY,A61B5/6832
US-10995136-B2,14-3-3 eta antibodies and uses thereof for the diagnosis and treatment of arthritis,"The invention provides anti-14-3-3 eta antibodies that specifically bind to the human 14-3-3 eta protein isoform in its natural configuration while exhibiting selectivity over human 14-3-3 alpha, beta, delta, epsilon, gamma, tau, and zeta protein isoforms. Methods, kits and pharmaceutical compositions comprising said specific anti-14-3-3 eta antibodies are further provided for the diagnosis and treatment of arthritis.",20210504,UNIV BRITISH COLUMBIA,MAROTTA ANTHONY,A61K39/001163
US-11058517-B2,"Indirect bonding trays, non-sliding orthodontic appliances, and registration systems for use thereof","Non-sliding orthodontic appliances may include an archwire having male fasteners for locking in place with brackets in a non-sliding manner and interproximal loops for exerting forces on the brackets. Appropriate forces may be calculated according to vectors between initial and ideal tooth positions. The brackets may be transferred to a patient&#39;s teeth using indirect bonding trays which contain slots for holding and aligning each bracket. The trays may include integrated handles for facilitating handling, may be sectioned into smaller pieces for easier application, and/or may be labeled for facilitating proper registration. Superposition of a digital placement plan and clinical model after bonding may illustrate the accuracy of bracket placement. The archwire may comprise atraumatic ends to avoid patient discomfort. A color registration system can be used to facilitate the attachment of the archwire to the brackets. The archwire may be locked into place with the brackets using crimpable stops.",20210713,SWIFT HEALTH SYSTEMS INC,TONG HONGSHENG,A61C2201/002
US-11259857-B2,Spray nozzle design for a catheter,"A catheter-based medical device including controlled refrigerant dispersion is disclosed. The device includes a fluid injection tube that carries refrigerant from a coolant supply to the distal portion of the device. A fluid dispersion unit is disposed on the distal end of the fluid tube to control the angle of distribution for refrigerant that is expelled from the fluid injection tube. Controlling the angle of distribution for the refrigerant facilitates dispersion of the fluid in a predetermined spray pattern. The disclosure further relates to cryoablation treatment systems incorporating such a catheter, and to cryoablation treatment methods for tissue treatment to address various conditions suitably treatable with cryoablation.",20220301,MEDTRONIC CRYOCATH LP,LALONDE JEAN-PIERRE,A61B2018/0262
US-11363958-B2,"Systems, articles and methods for cardiology sensory technology","Device and methods for a wearable medical device are disclosed. The device and methods use an on-board mobile system to alert emergency services when the user is in cardiovascular distress. The device takes advantage of newly miniaturized electrocardiograph, pulse oximetry sensors, mutual reinforcement and anomaly detection algorithms. Electrocardiograph waveforms are recorded digitally for physician review with emphasis on critical events. In the occurrence of a immediate critical-need cardiac event, the system will contact emergency services (EMS) for assistance. The system is a biometric monitoring system that implements key concepts of cardiovascular monitoring through pulse oximetry and electrocardiography (ECG). The system implements key concepts of ECGs and active/capacitive electrodes to produce a wireless network of (individually isolated) ECG nodes that can produce a system ranging from 3 to 16 leads.",20220621,HELPWEAR INC,NGUYEN FRANK,A61B5/747
US-11812966-B2,"Clips, appliers, and cartridges","A medical device forming method, an applier for manipulating clips, and a cartridge for holding clips are disclosed herein.",20231114,NEURAMEDICA INC,DREILINGER RACHEL,A61B17/083
US-11694805-B1,Using machine learning to predict patient risk associated with respiratory conditions,"Systems and methods for using machine learning models to predict risks posed to patients having various respiratory conditions. According to certain aspects, an electronic device may generate a machine learning model using training data indicating various patient and medication data. The electronic device may access a set of real-world patient data and input the real-world patient data into the machine learning model. An output of the machine learning model may indicate a likelihood of the patients needing intervention care, and the electronic device may facilitate outreach efforts to certain patients in an attempt to decrease this likelihood.",20230704,WALGREEN CO,MAKRIS EVIE,G16H70/40
US-11972869-B2,Systems and methods for diagnosing a health condition based on patient time series data,"Disclosed systems, methods, and computer readable media can diagnose a health condition based on patient time series data. For example, a method for diagnosing a health condition based on patient time series data includes identifying a training set of health records comprising a first set of patient time series data, training a neural network using the training set of health records, and executing the trained neural network model to diagnose a health condition based on a second set of patient time series data. In further examples, the first set of patient time series data and the second set of patient time series data can each comprise electrocardiogram data and the health condition can comprise pulmonary hypertension.",20240430,ANUMANA INC,WAGNER TYLER,G06N3/0895
US-2023256166-A1,Portable infusion pump with remote activator,"A system for activating a portable infusion pump includes a remote interaction device operated by the user for direct communication with the pump. Upon receipt of an initiate signal from the user, a computer on-board the infusion pump evaluates status metrics from the infusion pump, along with clinical information, to validate the initiate signal. With this validation, the computer identifies an appropriate response for operating the infusion pump. An indicator on the infusion pump then informs the user of the appropriate response for the user to follow for activating the infusion pump.",20230817,MODULAR MEDICAL INC,DIPERNA PAUL M,G16H40/63
US-2024131053-A1,Water-activated mucoadhesive compositions to reduce intestinal absorption of nutrients,This disclosure relates to compositions including formulated sucralfate or other aluminum-crosslinked sulfated agents for delivery of agents to biological surfaces and/or the modulation of nutrient absorption through the intestinal lining as well as methods for the manufacture of and the use of these compositions for treating disorders including diabetes type II and clinical obesity that require a modulation of certain nutrients to the body.,20240425,BRIGHAM & WOMENS HOSPITAL INC,KARP JEFFREY M,A61K31/737
US-2024197287-A1,Artificial Intelligence System for Determining Drug Use through Medical Imaging,"Systems and methods for establishing a patient&#39;s pharmaceutical use are provided. A neural network is trained on a dataset of medical images, such as ultrasound images, that are tagged with information concerning the use of the pharmaceutical by people who were imaged to produce the medical images. The trained neural network can then be provided with medical images of a patient, and the neural network can then make a determination as to the patient&#39;s pharmaceutical use.",20240620,ULTRASOUND AI INC,BUNN ROBERT S,A61B8/5223
US-2024245378-A1,Imaging having scatter correction by interpolation,"In order to reduce a computing effort for correcting initial images from an imaging apparatus, a scatter model is used to simulate scattered-radiation images, and corresponding initial images are selected from the original initial images. These are used to train a neural network. The neural network may be used to calculate scattered-radiation single images that may be used to correct each individual initial image into a corrected initial image.",20240725,Siemens Healthineers Ag,ROSER PHILIPP,A61B6/5223
US-2022047870-A1,System and method for neural control,"A neural control system comprises an input controller arranged to receive neural data regarding neural signals relating to a bodily state of a subject from at least one neural sensor, at least one machine learning means using at least one machine learning model to process the received neural data to determine at least one output signal required to achieve a desired value of the bodily state, and means arranged to send the determined output signal to at least one output device, whereby the neural control system forms a first control loop providing closed loop control of the bodily state.",20220217,BIOS HEALTH LTD,ARMITAGE OLIVER,G16H40/63
US-2022367049-A1,Systems for Detecting and Identifying Coincident Conditions,"A diagnosis system trains a set of machine-learned diagnosis models that are configured to receive an image of a patient and generate predictions on whether the patient has one or more health conditions. In one embodiment, the set of machine-learned models are trained to generate predictions for images that contain two or more underlying health conditions of the patient. In one instance, the symptoms for the two or more health conditions are shown as two or more overlapping skin abnormalities on the patient. By using the architectures of the set of diagnosis models described herein, the diagnosis system can generate more accurate predictions for images that contain overlapping symptoms for two or more health conditions compared to existing systems.",20221117,DIGITAL DIAGNOSTICS INC,FERRANTE JOSEPH,G06N3/045
US-2024382575-A1,"Compositions for use as a prophylactic agent to those at risk of infection of tuberculosis, or as secondary agents for treating infected tuberculosis patients","The present invention refers to a freeze-dried composition consisting of an isolated microorganism belonging to the Mycobacterium tuberucolosis complex, preferably a M. tuberculos clinical isolate, more preferably M. tuberculosis clinical isolate, characterized in that it comprises a PhoP− phenotype by the inactivation by a genetic deletion of the Rv0757 gene and the deletion of a second gene, Rv2930 (fadD26), that prevents PDIM production (PDIM− phenotype) (the MTBVAC strain), and sucrose and sodium glutamate as stabilizers or excipients. The present invention further refers to the reconstituted composition obtained by adding water, preferably sterilized water for injection, to the freeze-dried composition as well as uses thereof, in particular for use as a prophylactic agent to those at risk of infection with M. tuberulosis or those at risk of developing tuberculosis disease, or as secondary agents for treating infected tuberculosis patients.",20241121,UNIV ZARAGOZA,MARTÍN MONTAÑES CARLOS,C12N2500/35
WO-2024017293-A1,Use of mitoxantrone hydrochloride liposome,The present application provides a use of mitoxantrone hydrochloride liposome in treatment of neuromyelitis optica spectrum disorders. The present application further provides a method for treating neuromyelitis optica spectrum disorders of an individual. The method comprises administering to the individual a therapeutically effective amount of mitoxantrone hydrochloride liposome or a pharmaceutical composition containing mitoxantrone hydrochloride liposome. Animals and clinical test results show that mitoxantrone hydrochloride liposome is safe and effective in treatment of neuromyelitis optica spectrum disorders.,20240125,CSPC ZHONGQI PHARMACEUTICAL TECH SHIJIAZHUANG CO LTD,LI CHUNLEI,A61K31/136
WO-2024133956-A1,Treatment of gerd,"An implantable medical device for treating reflux disease. The implantable medical device comprising a movement restriction device configured to be fixated to the stomach wall for hindering movement of the lower esophageal sphincter relative to the thoracic diaphragm. The movement restriction device comprises: a first part (111a), a second part (111b), and a first distance element (151). The first and second part are configured to be connected to each other for forming at least a portion of a functional movement restriction device. The first and second part are capable of disconnecting from each other, such that the first and second part individually can pass through the gastro-intestinal tract, and the first distance element is configured to create a space located between the first and second part, wherein the space is configured to allow in-growth of fibrotic tissue between portions of the first and second parts.",20240627,Implantica Patent Ltd,FORSELL PETER,A61B90/98
WO-2018144809-A1,Disposable infant incubator and disposable contained microenvironment for stationary or transport cases,"A neonatal infant incubator apparatus (10) and a control system module (17), and methods and systems for using the control system module to control the microenvironment of the contained space (16) of the infant incubator apparatus (10). The neonatal infant incubator apparatus (10) including a collapsible frame (12) and a disposable housing (14) to create a closed contained space (16) with a controlled microenvironment. The control system module (17) is comprises a battery (32) and is configured to operate with low voltage; the control system module (17) configured to control the microenvironment, including regulating the temperature and gas composition, of the contained space (16), and includes an air circulation system (72) in air and/or fluid communication with the contained space (16). The systems, apparatus and methods are suitable for containing a full-term or premature infant in need of care in areas where power sources are limited, including e.g., rural or remote regions, third world countries, in a regular clinical setting and/or for transportation of the infant.",20180809,BREEGI WISAM,BREEGI WISAM,A61B90/40
WO-2019052622-A4,A patient-specific electronic template for usage in corrective osteotomies for treating bone and joint deformities,This invention relates to patient specific templates for osteotomy is to predetermine the exact direction and degree of deformity before surgery and to estimate postoperative limb alignment which must mimic the physiologic loading to secure favorable clinical outcome. The Correction osteotomy using conventional techniques may lead to under and over correction. We designed a patient specific templating technique for high tibial osteotomy and also for corrective osteotomy of shaft deformities. The technique was applied for unilateral and bilateral high tibial osteotomy and tibial shaft deformity. The patient specific templates are based on CT-scan images which transferred to a specific software to construct a 3D model of bone. A virtual planning of the surgery is done to design the templates which are used to perform the surgery. The 3D printing machine is used to produce the patient specific template.,20190502,HAFEZ MAHMOUD ALM EL DIN,HAFEZ MAHMOUD ALM EL DIN,A61B17/8095
US-2019380662-A1,"Monitoring and tracking system, method, article and device",A monitoring system includes one or more monitoring devices configured to detect conditions related to a monitored person and an artificial intelligence module configured to analyze historical information related to conditions of the monitored person and current information related to conditions of the monitored person and determine whether to generate an alert signal based on the analysis. The artificial intelligence module may also be configured to update the historical information related to the conditions of the monitored person based on the current information and responses to the alert signals. The system includes a moveable sensor and a monitored-person identification subsystem.,20191219,KWAN KEVIN,KWAN KEVIN,A61B5/14532
US-2020093982-A1,Accessory holder with syringe assembly removal tool,"A medical procedure accessory components holding unit and methods of using thereof. The accessory holder is designed to hold and store one or more components or medical devices that could be used in a medical procedure, particularly medical devices, for applying an anesthetic. The accessory holder may include four (4) medical device storage or use modules: a syringe disposal device module, a dispensing tool module, a canister module, and a syringe attachment module.",20200326,LEIBOVICI LLC,LEIBOVICI JACOB,B01L2200/023
US-2018086694-A1,Disinfecting compositions having improved antimicrobial efficacy,"Disinfecting compositions effective against multiple bacterial, fungal or viral organisms are described herein. Personal or consumer care products as well as clinical disinfectant products including the disinfecting compositions are also described.",20180329,HOWELL MICHAEL LISLE,HOWELL MICHAEL LISLE,A61L2/18
US-2018110961-A1,Tear openable catheter assembly,"A medical device assembly is disclosed, comprising a medical device, such as a urinary catheter, and preferably having a hydrophilic surface coating, and a package forming a closed compartment around the catheter. The package is formed of at least one sheet of tearable material and comprises a first weld extending along a first side in a first direction of the package and a second weld extending along a second side in a second direction of the package. The first and second directions are different and preferably orthogonal to each other. A tear line is provided in the second weld, and arranged to direct a subsequent tear towards the first weld. Further, the first weld is provided with an inward protrusion, protruding inwardly towards the closed compartment, at a distance from the second weld. A corresponding method of production is also disclosed.",20180426,DENTSPLY IH AB,STEINDAHL THOMAS,A61M25/0017
US-2018256166-A1,Blood vessel closure clip and delivery device,"A medical device including a shape-memory metallic body comprising a plurality of closed cells with a plurality of terminal cell ends and a plurality of tissue engaging members extending from the shape-memory metallic body, a shaft of each tissue engaging member extending from the terminal cell end at least approximately in a direction of the long axis of the closed cell in an expanded configuration.",20180913,ABBOTT VASCULAR INC,CUMMINS CHRISTY,A61B2017/00668
US-2018280321-A1,Compositions and methods that inhibit quorum sensing,"This disclosure describes pharmaceutical compositions and methods that involve the use of a polyhydroxyanthraquinone to inhibit quorum sensing in a microbe. In some embodiments, the polyhydroxyanthraquinone may be effective to antagonize AgrA function in a microbe. In other embodiments, the polyhydroxyanthraquinone may be effective for prophylactic and/or therapeutic treatment of a skin and soft tissue infection (SSTI) of a subject by a microbe. In still other embodiments, the polyhydroxyanthraquinone may be effective to reduce, limit progression, ameliorate, or resolve, to any extent, a symptom or clinical sign of infection by a microbe.",20181004,THE OFFICE OF INNOVATION COMMERCIALIZATION,HALL PAMELA R,A61P3/10
US-2018311276-A1,Method and Apparatus for Treating Oral Disease in Animals,"Embodiments of the present invention are directed to methods and apparatus for the treatment of plaque, halitosis and other oral diseases in animals such as dogs. The methods and apparatus feature the administration of molecular iodine at a concentration that is effective and accepted by animals. Clinical trials show that the dose should not be below 0.5 micro grams/mL and not above 2.0 micrograms/mL. Concentrations outside this range are not effective on the low side and refused by the animal on the high side.",20181101,RICHARDS JAMES C,RICHARDS JAMES C,A61K33/18
US-2018333289-A1,Fecal matter containment device,"A single use device for capturing fecal matter excreted from the anus of a user. The device includes a flexible fecal matter container having a closed end and an opening that is in fluid communication with a volume enclosed by the flexible container. An adhesive is disposed about the opening of the flexible container and has a first side that is secured to the flexible container. A second side of the adhesive is constructed to be removably applied to the epidermis of the user proximate an anal opening of the user. The adhesive is shaped to cooperate with the epidermis to circumscribe the anus in a sealed manner without interfering or overlapping anatomy associated with urinary function or medical devices, such as a catheter, associated therewith.",20181122,HELPFUL PRODUCTS 4U LLC,PALEY JAMES K,A61F5/441
US-11971413-B2,"Peptoid, and its preparation method and use","The embodiments disclosed herein provide a peptoid, which is a compound of Formula I or a stereoisomer, a mixture of stereoisomers, or a pharmaceutically acceptable salt thereof. N—R 4 , N—R 3 , N—R 2 , and N—R 1  in Formula I are 
                         
respectively. The peptoid has a strong binding ability with an EpCAM protein. It can be used as molecular probes for diseases associated with an EpCAM protein, to achieve targeted therapy, in vivo imaging diagnosis and prognosis monitoring of the diseases associated with the EpCAM protein at low cost, high accuracy and high efficiency.",20240430,BEIJING BOE TECHNOLOGY DEV CO LTD,ZHAO ZIJIAN,G01N33/5759
US-12171522-B2,Medical devices with photodetectors and related systems and methods,"In one aspect, a medical device may be configured to couple to a body, the medical device comprising: a substrate configured to couple to a user&#39;s skin; a photodetector comprising an array of quantum dots, wherein the array of quantum dots includes a first quantum dot of a first size and a second quantum dot of a second size, wherein the first size is different from the second size; a first illuminator configured to emit light at a first range of wavelengths; and a second illuminator configured to emit light at a second range of wavelengths. The second range of wavelengths may be different from the first range of wavelengths.",20241224,ORTHOSENSOR INC,TRABISH MASEI MARTY,H10F77/496
US-12176104-B2,Intelligent joint prosthesis,"Medical devices coupled to a sensor, and systems including such devices, can generate data and analysis based on that data, which may be used to identify and/or address problems associated with the implanted medical device, including incorrect placement of the device, unanticipated degradation of the device, and undesired movement of the device. Also provided are medical devices coupled to a sensor, and devices and methods to address problems that have been identified with an implanted medical device.",20241224,CANARY MEDICAL INC,GROSS JEFFREY M,A61B5/11
US-11614448-B2,Compositions and methods for detecting prostate cancer,"The present invention relates to compositions and methods for the in vitro diagnosis of prostate cancer, wherein said compositions comprise an antibody binding to progastrin and said methods comprise the use of an antibody binding to progastrin.",20230328,ECS PROGASTRIN SA,PRIEUR ALEXANDRE,G01N33/57575
US-11884664-B2,Protein tyrosine phosphatase inhibitors,"Compounds of Formula I or a stereoisomer, tautomer, prodrug or pharmaceutically acceptable salt thereof are provided, which are useful for the treatment of hyperproliferative diseases. Methods of using compounds of Formula I or a stereoisomer, tautomer, prodrug or pharmaceutically acceptable salt thereof, for in vitro, in situ, and in vivo diagnosis, prevention or treatment of such disorders in mammalian cells, or associated pathological conditions are disclosed.",20240130,ARRAY BIOPHARMA INC,BLAKE JAMES FRANCIS,C07D491/107
US-12023064-B2,Rotary instruments and methods for intrauterine tissue resection,"A compact multi-lumened hysteroscope, a single-use tissue resector, and a medical system employing the same for diagnosis and therapeutic treatment of uterine tissue, such as polyps and fibroids.",20240702,CALDERA MEDICAL INC,CHARVET JOSE LUIS,A61B1/018
CN-107669354-A,一种医疗用医用手术刀清洗设备,"The present invention relates to a kind of Medical Devices, more particularly to a kind of medical medical surgical knife cleaning equipment.The technical problem to be solved in the present invention is to provide be not in contact between scalpel face can comprehensively be cleaned, clean after the completion of drying course will not cause a kind of medical medical surgical knife cleaning equipment of secondary pollution.In order to solve the above-mentioned technical problem, the invention provides such a medical medical surgical knife cleaning equipment, include bottom plate, first bearing seat, bull stick, first gear, cleaning case, the first motor, second gear, guide rail, guide pin bushing, support bar, connecting rod, fix bar etc.；Right side central is provided with first bearing seat by bolted connection in bottom plate, and bull stick is connected with by way of interference connection in first bearing seat.Invention achieves be not in contact between scalpel face can comprehensively be cleaned, clean after the completion of drying course will not cause the effect of secondary pollution.",20180209,NANCHANG HAONIU TECH CO LTD,CHENG XIWEN,A61B90/70
US-2024225581-A9,"Medical image processing apparatus, medical image learning method, and medical image processing method","A method for training a medical image performed by a medical image processing apparatus for processing a medical image for a body is provided. The method for training a medical image includes preparing a first input data set including a training chest X-ray image, and a bone enhancement image or a bone extraction image acquired from the training chest X-ray image; preparing a label data for the first input data set including osteoporosis information or bone mineral density information corresponding to the training chest X-ray image; and training an artificial neural network model using the first input data set and the label data.",20240711,PROMEDIUS INC,KIM NAMKUG,G06T2207/30008
US-2024156421-A1,Arrangement for securing a robotic system to a patient table,A table attach support is configured to secure a medical device to a patient table having a patient supporting surface. The table attach support comprises: a first engagement mechanism including an attachment mechanism and a locking mechanism; a second engagement mechanism; and an extension member extending between the first engagement mechanism and the second engagement mechanism. The attachment mechanism is configured to actuate from a first position to a second position to secure the table attach support to the patient table. The locking mechanism is configured to lock the attachment mechanism in the second position.,20240516,CORINDUS INC,FERRARI NATALIE,A61B2034/303
US-2024252192-A1,Intravascular lithotripsy,"A medical device may include an elongated body, a balloon positioned at a distal portion of the elongated body, and one or more pressure-wave emitters positioned along a central longitudinal axis of the elongated body within the balloon. The one or more pressure-wave emitters may be configured to propagate pressure waves radially outward through the fluid to fragment a calcified lesion at the target treatment site. The at least one of the one or more pressure-wave emitters may comprise an electronic emitter including a first electrode and a second electrode. The first electrode and the second electrode may be arranged to define a spark gap between the first electrode and the second electrode, and the second electrode may comprise a portion of a hypotube.",20240801,FASTWAVE MEDICAL INC,ANDERSON EDWARD,A61M25/104
US-2024426856-A1,Robotic Microtool Control in an Intelligent Automated In Vitro Fertilization and Intracytoplasmic Sperm Injection Platform,"Disclosed is a method of artificial intelligence-based robotic pipetting for cell preparation. The method includes training an artificial intelligence/machine learning system (AI/ML system) to classify images of biological specimens. The method includes storing the classified images. The method includes receiving an image object from an imaging system that includes a microscopy system, a camera system configured to receive imaging from the microscopy system, and a lighting system configured to illuminate a biological material. The method includes processing the image object, using the AJ/ML system to determine a presence of a retrievable target cell. The method includes positioning a robotic pipettor at a target physical orientation relative to the retrievable target cell. The method includes confirming the robotic pipettor&#39;s location at the target physical orientation, using AI/ML system. The method includes instructing the robotic pipettor to obtain the retrievable target cell from the target physical orientation.",20241226,CONCEIVABLE LIFE SCIENCES INC,MENDIZABAL-RUIZ GERARDO,G06T2207/10056
US-2024428601-A1,Egg Preparation in an Intelligent Automated In Vitro Fertilization and Intracytoplasmic Sperm Injection Platform,"A method for automated, artificial-intelligence-based COC retrieval includes using an artificial intelligence/machine learning system (AI/ML system) to optically scan a follicular fluid sample to produce an image object using an imaging system that includes a microscopy system, a camera system, and a lighting system. The method includes comparing the image object to a predetermined threshold using an AI/ML system, wherein the predetermined threshold is at least in part an optical pattern with a probability of corresponding to a cumulus-oocyte-complex (COC). The method includes identifying a COC within the follicular fluid sample based at least in part on the image object satisfying the predetermined threshold. The method includes determining a COC location within the follicular fluid sample based at least in part on identifying a region of the image object corresponding to an optical pattern within the image object that satisfies the predetermined threshold.",20241226,CONCEIVABLE LIFE SCIENCES INC,FLORES-SAIFFE FARIAS ADOLFO,G06T2207/10056
US-2022145474-A1,Compositions and methods for creating nanoscale surface geometries on metals of an implantable device,"Compositions and methods for etching a nanoscale geometry on a metal or metal alloy surface are disclosed. Such surfaces, when included on an implantable medical device, enhance healing after surgery. When included on a bone contacting medical implant, the nanoscale geometry may enhance osseointegration. When included on a tissue contacting device, the nanoscale geometry may enhance endothelial cell attachment, proliferation, and restoration of a healthy endothelial surface.",20220512,TECH MET INC,VIDRA MICHAEL,A61L2400/18
US-2022226400-A1,"Detection, Treatment, and Monitoring of Microbiome-Mediated Cholesterol Homeostasis","Elucidating the relationship between specific intestinal bacteria, dietary intake, and the health of the host remains a primary goal for gut microbiome research. Prebiotics, substrates that are selectively used by microorganisms to promote the health of the host, present an appealing therapeutic option. We performed correlation analysis to identify relationships between health parameters and populations of gut bacteria in participants from a randomized, placebo-controlled clinical trial testing the effects of a prebiotic digestion resistant potato starch (DRS; MSPrebiotic®). This study focused on the abundance of  Parasutterella  (phylum Proteobacteria), which tended to increase in the gut microbiome of individuals consuming DRS. Increases in  Parasutterella  were correlated with reductions in low-density lipoprotein (LDL) levels in participants consuming DRS but not placebo. Segregating DRS-consuming individuals based on whether LDL levels decreased revealed that DRS-consuming individuals who displayed improved LDL levels had significantly higher baseline levels of  Parasutterella . Taken together, our analyses suggest that DRS may help improve LDL levels depending on the initial ecological composition of an individual&#39;s gut microbiome.",20220721,MCPHARMA BIOTECH INC,MCLAREN DEREK,C12Q1/6883
US-2022262146-A1,System and Method for Labeling Ultrasound Data,"Provided are methods for labeling ultrasound data. The method may include training a convolutional neural network (CNN) based on ultrasound data. The ultrasound data may include ultrasonic waveform data (e.g., radio frequency (RF) waveform data). An RF input of each downsampling layer of a plurality of downsampling layers in the CNN may be downsampled. The RF input may include RF waveform data for an ultrasound. Tissues in the ultrasound may be segmented based on an output of the CNN. A system is also disclosed.",20220818,UNIV CARNEGIE MELLON,GALEOTTI JOHN,G06N3/045
US-2022265199-A1,Automatic method to delineate or categorize an electrocardiogram,"Disclosed is a method for computerizing delineation and/or multi-label classification of an ECG signal, including: applying a neural network to the ECG, labelling the ECG, and optionally displaying the labels according to time with the ECG signal.",20220825,CARDIOLOGS TECH SAS,RAPIN JÉRÉMY,A61B5/349
US-2022406435-A1,Methods of treating dementia associated with alzheimer&#39;s disease with protective protein/cathepsin a (ppca),"Methods are provided for the prognosis, diagnosis and treatment of various pathological states, including cancer, chemotherapy resistance and dementia associated with Alzheimer&#39;s disease. The methods provided herein are based on the discovery that various proteins with a high level of sialylation are shown herein to be associated with disease states, such as, cancer, chemotherapy resistance and dementia associated with Alzheimer&#39;s disease. Such methods provide a lysosomal exocytosis activity profile comprising one or more values representing lysosomal exocytosis activity. Also provided herein, is the discovery that low lysosomal sialidase activity is associated with various pathological states. Thus, the methods also provide a lysosomal sialidase activity profile, comprising one or more values representing lysosomal sialidase activity. A lysosomal sialidase activity profile is one example of a lysosomal exocytosis activity profile.",20221222,ST JUDE CHILDRENS RES HOSPITAL,ANNUNZIATA IDA,G01N33/57595
US-2023037743-A1,Method for fixing cables for actuating the distal head of a medical device,"A method for fixing one end of an actuation cable configured to allow orienting of the distal head of a medical device including providing a pivoting part provided with at least one fixing pin made of thermoplastic material for fixing a proximal end of an actuation cable, arranging, from the terminal part of the pin, a radially through recess to allow the insertion of the actuation cable, positioning the actuation cable inside the recess, letting a free end of the pin project, and heating at least the free end of the pin and applying a pressure on the pin to ensure, by welding, the fixing of the actuation cable with the pivoting part.",20230209,AXESS VISION TECH,HALLAUER EMMANUEL,A61B1/0052
US-2023052662-A1,Antimicrobial Medical Devices and Methods of Forming Antimicrobial Medical Devices,"A method includes forming an antimicrobial blend including an antimicrobial additive combined with a polymer, and forming a medical device with the antimicrobial blend, wherein a surface of the medical device exhibits antimicrobial properties.",20230216,LiViliti Health Products,SHARPE BRIAN,A61M2207/00
US-2023063704-A1,Systems and methods for preserving and/or enhancing respiratory function,"Respiratory function can be preserved and/or enhanced in patients with a respiratory insufficiency using a photoceutical applied by a photoceutical medical device to at least one primary inspiratory muscle and/or a lung. At least one site on a body of a patient can be selected for delivery of the photoceutical to the muscle(s); and the photoceutical can be applied at the at least one site by the photoceutical medical device for a time period from a first start time to a first end time to treat the at least one primary inspiratory muscle and/or the lung of the patient to preserve and/or enhance the respiratory function. The photoceutical can include a light signal with at least one delivery scheme (e.g., superpulsed, pulsed. and/or continuous) and one or more wavelengths.",20230302,MULTI RADIANCE MEDICAL,JOHNSON DOUGLAS,A61N2/06
US-2020261028-A1,Risk stratification for ventricular arrhythmia in patients with repaired tetralogy of fallot (tof) via image-based computational simulations,"An embodiment in accordance with the present invention provides a non-invasive solution to risk stratify the risk of in arrhythmia in patients with TOF. Currently, no reliable method for non-invasive risk stratification exists. In the realm of congenital heart disease, cardiac MRI is now used routinely for patients with Tetralogy of Fallot (TOF), the most common form of cyanotic congenital heart disease. An innovative platform for using clinical MRI data to create 3D electromechanical models of the heart enables predictions of whether or not patients with ischemic heart disease have the substrate for arrhythmia and what their relative risk for such an event is. An embodiment of the current invention provides a non-invasive solution to risk stratify the risk of arrhythmia in patients with TOF. Currently, no reliable method for non-invasive risk stratification exists.",20200820,UNIV JOHNS HOPKINS,TRAYANOVA NATALIA A,A61B5/7275
US-2021104325-A1,Neural network for diagnosis of shoulder condition,"A computing system generates a plurality of training datasets from past shoulder surgery cases and uses the plurality of training datasets to train a neural network. Each output layer neuron in a plurality of output layer neurons of the neural network corresponds to a different class in one or more shoulder pathology classification systems. The computing system may obtain a current input vector that corresponds to a current patient. Additionally, the computing system may apply the neural network to the current input vector to generate a current output vector. The computing system may determine, based on the current output vector, a classification of a shoulder condition of the current patient.",20210408,TORNIER INC,CHAOUI JEAN,A61B34/25
US-2022257539-A1,Compositions comprising ephedrine or an ephedrine salt and methods of making and using same,"The present disclosure provides compositions comprising ephedrine sulfate ready for immediate use in a clinical setting, and methods of making and using same.",20220818,NEXUS PHARMACEUTICALS INC,AHMED SHAHID,A61P9/02
US-2022265959-A1,"Systems and methods for auditory, visual and/or auditory and visual cortex targeting and treatment","Disclosed are systems and methods for a computerized framework that detects medical conditions within patients and dynamically effectuates a treatment. The disclosed framework is configured for controlling computerized medical equipment by analyzing data associated with a patient, determining underlying conditions of the patient, then automatically causing such equipment to output electronic stimuli that can address the medical condition(s) detected. The framework can determine a correlation between a patient&#39;s attributes, electronic data of a condition of a patient and a medical disorder, and cause a medical device to treat and monitor improvements of the condition and disorder. The framework can be configured to focus in on particular body parts of a patient that have been identified as a body part that enables treatment as well as a part that facilitates the most efficient treatment for a recovery.",20220825,SANA HEALTH INC,HANBURY RICHARD,A61M2021/005
US-2022354688-A1,Convective Warming Device,"Aspects of the present disclosure relate to a warming system including a warming device. The warming device includes a clinical garment comprising a body portion adapted to cover a portion of a patient, an inner surface for facing the patient, and an outer surface for facing away from the patient. The body portion includes sleeves sized and positioned for receiving the patient&#39;s arms and a torso portion adapted to cover an anterior torso of a patient. A first pneumatic convective device can be disposed adjacent to the inner surface of the clinical garment. The pneumatic convective device can include an opening formed in the clinical garment for admitting a stream of pressurized, warmed air into the first pneumatic convective device. The warming system can also have a second pneumatic convective device in a fully-folded configuration or partially-folded configuration and disposed on a portion of the clinical garment.",20221110,3M INNOVATIVE PROPERTIES COMPANY,MCGREGOR ANDREW J,A61F7/0085
US-2019362494-A1,Systems and methods for determining blood vessel conditions,"The disclosure relates to systems and methods for determining blood vessel conditions. The method includes receiving a sequence of image patches along a blood vessel path acquired by an image acquisition device. The method also includes predicting a sequence of blood vessel condition parameters on the blood vessel path by applying a trained deep learning model to the acquired sequence of image patches on the blood vessel path. The deep learning model includes a data flow neural network, a recursive neural network and a conditional random field model connected in series. The method further includes determining the blood vessel condition based on the sequence of blood vessel condition parameters. The disclosed systems and methods improve the calculation of the sequence of blood vessel condition parameters through an end-to-end training model, including improving the calculation speed, reducing manual intervention for feature extraction, increasing accuracy, and the like.",20191128,SHENZHEN KEYA MEDICAL TECH CORPORATION,WANG XIN,G06N3/084
US-2020000588-A1,Delivery System with Pacing Element,"Medical device delivery assemblies are disclosed. The assembly may include a catheter-based delivery system. The assembly may include a pacing element to pace a patient&#39;s heart before, during, or after a procedure. The pacing element may be a detachable, implanting pacing element. The pacing element may be an implantable pacemaker and the implantable pacemaker may be disposed on a catheter-based delivery system. The assembly may include a prosthetic heart valve with one or more pacing elements on it. The pacing element may include a pacing strip or strips. These strips may be conductive or insulative. These strips may prevent, treat, or correct abnormal electrical communication in a heart.",20200102,MEDTRONIC VASCULAR GALWAY LTD,CASLEY MARK,A61F2/2418
US-2020238002-A1,Clinical-based automated delivery of treatment substances to the inner ear,"Presented herein are techniques for clinical-based automated control of the delivery of treatment substances to at least one inner ear of a recipient of an implantable medical device. More specifically, in-vivo biomarkers are analyzed to determine a biological state/status of one or more physiological elements of the inner ear. Subsequent delivery of one or more treatment substances to the inner ear of the recipient are controlled based on the determined biological state of the one or more physiological elements of the inner ear.",20200730,COCHLEAR LTD,HEASMAN JOHN MICHAEL,A61M2205/3576
US-2024027595-A1,Endobronchial Catheter System and Method for Rapid Diagnosis of Lung Disease,"A medical device and its method of use includes a catheter, at least two electromagnetic sensing coils located within the distal tip of the catheter, and a multi-element planar ultrasound transducer array located within the distal tip of the catheter and configured to transmit and receive ultrasonic energy. The device also includes an imaging system coupled to the ultrasound transducer and is used for creating an image of tissue in a first target plane that extends orthogonally from the catheter body. The medical device also includes a backscatter evaluation system for use in receiving and evaluating the acoustic spectral characteristics of tissues within a second target area within the first target plane.",20240125,VERAN MEDICAL TECH INC,HOLSING TROY L,A61B8/486
US-2024082473-A1,Multi-micro-organ extracorporeal circulation and neural network maintenance system,"A multi-micro-organ extracorporeal circulation and neural network maintenance system, includes a plurality of organ specificity maintenance systems, and each independent organ specificity maintenance system is connected to a human brain organ specificity maintenance system and a heart organ specificity maintenance system in a two-way manner by means of a simulated neural network. The disclosure innovatively constructs a microphysiological system to simulate in-vitro interaction of complex organs of human blood circulation and nerve regulation and control: through integration of biology and engineering, a traditional organ-like culture mode is broken through, and an extracorporeal circulation system and internal vascular systems of the complex organs are organically integrated and connected to realize perfusion and metabolic circulation; biosensing and signal positive feedback transmission are used for information communication between multi-micro-organs; and through a controllable circulation device, a controllable “switch” is mounted to realize interaction and function regulation and control between any organs.",20240314,CAO YULIN,CAO YULIN,A01N1/143
US-2024083994-A1,Cell strain for producing biosimilar drug of ustekinumab and production method therefor,"Provided are a cell strain for producing a biosimilar drug of Ustekinumab and a production method therefor. Specifically, provided is a Chinese hamster ovary cell S cell strain. The cell strain expresses a full human monoclonal antibody directed against the P40 subunit shared by human IL-12 and human IL-23. The fully human monoclonal antibody directed against the P40 subunit shared by human IL-12 and human IL-23 is a biosimilar drug of Ustekinumab, which not only exhibits high consistency with Ustekinumab in pre-clinical research, but also passes pharmacokinetic bioequivalence and safety similarity evaluation in clinical research. The biosimilar drug of Ustekinumab is the first one that has entered clinical trials in China, is the only one that has completed the I stage clinical trial, and is also one of the biosimilar drugs of Ustekinumab, which has the fastest progress in new drug application in the world.",20240314,QYUNS THERAPEUTICS CO LTD,XU ZHENGXUE,C07K16/244
US-2024277246-A1,Manganese-enhanced magnetic resonance imaging,"The present invention relates to manganese-enhanced MRI, more specifically to a method for determining a cardiomyocyte cellular manganese uptake rate of a subject, contrast agent comprising a manganese contrast agent, or a pharmaceutically acceptable salt thereof, for use in a method for in vivo diagnosis of heart disease in a subject, a computer-implemented method of determining a cardiomyocyte cellular manganese uptake rate in a subject, a data processing apparatus comprising means for carrying out said computer-implemented method, a computer program comprising instructions which, when the program is executed by a computer, cause the computer to carry out said computer-implemented method, and a computer-readable medium having stored thereon said computer program.",20240822,IC TARGETS AS,øSTENSEN JONNY,G01R33/56366
US-2024315605-A1,System and method for performing surgery with real-time health parameter monitoring,"Methods of using a system for real-time monitoring of blood glucose levels and other analyte levels to reduce the risk of surgical complications. The system includes an apparatus for generating radio frequency scanning data which includes a transmitter for transmitting radio waves below the skin surface of a person and a two-dimensional array of receive antennas for receiving the radio waves, including a portion of the transmitted radio waves that interact with a blood vessel of the person. The wave signal is compared to known standard waveforms, and similar waveforms are input into a machine learning algorithm to determine one or more health parameters of the person. The apparatus is used to collect glucose waveform data. A second apparatus is used to collect waveform data on another analyte. The glucose waveform is analyzed to determine the patient&#39;s blood glucose level. The system reports risks associated with the patient&#39;s glucose level.",20240926,KNOW LABS INC,CRONIN JOHN,A61B5/7203
US-2024389873-A1,Deep learning-based atrial fibrillation determination system using ppg signal detection ring,"A deep-learning-based atrial fibrillation determination system using a photoplethysmography (PPG) signal detection ring is provided. The system may include a server, the server may include a signal quality classification component configured to classify the quality of a PPG signal as good or bad by using a first deep learning model, and an atrial fibrillation determination component configured to determine, by using a second deep learning model, from the PPG signal, whether atrial fibrillation has occurred, wherein the PPG signal detection ring includes a plurality of sensors configured to simultaneously measure a plurality of PPG signals at different locations, each of the plurality of sensors includes a light source and a photoelectric conversion device, the PPG signal is measured using the PPG signal detection ring, the server receives the PPG signal from the PPG signal detection ring through a terminal, and the terminal includes a sensor selection component configured to select, from among the plurality of sensors, as a sensor for measuring the PPG signal, a sensor that has measured a test PPG signal having a highest signal quality among a plurality of test PPG signals.",20241128,SKY LABS INC,CHANG HYUNG MIN,A61B5/02416
CN-114058699-A,Application of PPDPF in pancreatic cancer diagnosis and medicine preparation,"The invention provides application of a pancreatic progenitor cell differentiation and proliferation factor (PPDPF) in pancreatic cancer diagnosis and medicine preparation. The invention discloses that PPDPPF is highly expressed in pancreatic cancer and promotes the progression of pancreatic cancer, and the PPDPF can be used as a novel target for diagnosis or treatment. The compound can be used as a target to develop a medicament for inhibiting pancreatic cancer, diagnose and prognosticate pancreatic cancer or symptoms, and screen therapeutic medicaments and diagnostic reagents.",20220218,SHANGHAI INST OF NUTRITION AND HEALTH CAS,LI JINGJING,G01N33/5758
CN-114098782-A,Film shooting machine for medical image radiodiagnosis,"The invention discloses a photographic film machine for medical image radiodiagnosis, which relates to the technical field of medical image radiodiagnosis and comprises a main body device, a lifting device, an auxiliary device, a photographic film device and a movable supporting device, wherein the main body device comprises a control box, a fixing plate, a handrail rod and a bearing table, the lifting device comprises a carrier column, a concave connector, a connecting column, a stabilizing sleeve, a telescopic column, a column sleeve and a base, the carrier column is arranged on one surface of the bearing table, the concave connector is in sliding fit with the concave chute, one end of the connecting column is connected with one surface of the concave connector, one end of the stabilizing sleeve is connected with the one surface of the connecting column, one end of the column sleeve is connected with the one surface of the stabilizing sleeve, the telescopic column is in sliding fit with the column sleeve, and one end of the telescopic column is connected with the one surface of the base. In the invention, the lifting handrail and the rotating handrail which are arranged in the shooting device are both provided with the adjusting buttons, and the purpose of the best shooting effect is achieved through adjustment.",20220301,HENAN LUOYANG BONE SETTING HOSPITAL HENAN ORTHOPEDICS HOSPITAL,CHEN WEI,A61B6/4452
US-2018008650-A1,Barrier layer,"A barrier layer and corresponding method of making provide anti-inflammatory, non-inflammatory, and anti-adhesion functionality for a medical device implantable in a patient. The barrier layer can be combined with a medical device structure to provide anti-adhesion characteristics, in addition to improved healing, non-inflammatory, and anti-inflammatory response. The barrier layer is generally formed of a naturally occurring oil, or an oil composition formed in part of a naturally occurring oil, that is at least partially cured forming a cross-linked gel. In addition, the oil composition can include a therapeutic agent component, such as a drug or other bioactive agent.",20180111,ATRIUM MEDICAL CORP,FERRARO JOSEPH,A61F13/02
US-2024366235-A1,Systems and methods to display endoscopic video including image analysis and reduction of latency,"Systems, methods and techniques are disclosed to reduce video latency in real-time endoscopic procedures when additional image analysis, artificial intelligence models, and other image processing are used. Real-time video and/or images can be mixed with overlay data generated by analysis of one or more images or frames of video. The video mixing functionality can be performed within one or more components of an endoscopic system, or can be in an external component. The composite output video can be sent to a primary display and one or more secondary displays, and can also be recorded for later use and improvement of functionality.",20241107,KUNNSKAP MEDICAL LLC,HOLMSTROM MICHAEL C,A61B1/045
US-2024390197-A1,Body-wearable medical device comprising a superabsorbent substance,"A body-wearable medical device has a medical device housing having a transcutaneous element configured for being at least partially inserted into a patient&#39;s body at an insertion site during use of the body-wearable medical device. A base is configured for reversibly attaching the body-wearable medical device during its use to a patient&#39;s skin. The base has a first side that faces the patient&#39;s body and that also has an adhesive for adhering the body-wearable medical device to a patient&#39;s skin. For reducing a likelihood of contamination by body fluid flowing out of the insertion lesion, the base on its first side also has a superabsorbent substance and at least one fluid channel. The fluid channel is configured to guide body fluid from the insertion site to the superabsorbent substance.",20241128,ROCHE DIABETES CARE INC,ROSCHER OLAF,A61M5/1723
US-2023285639-A1,"Medical devices having an immediately detachable, permanently proliferation-inhibiting coating comprising at least one limus substance and method of production","In order to provide medical devices having a coating for local prophylaxis and treatment of undesirable cell proliferation and vasoconstriction, a medical device comprising a coating on at least a portion of the surface is proposed, said coating comprising at least one limus substance in non-encapsulated crystalline form, wherein the at least one non-encapsulated limus substance is applied directly from a solvent mixture of at least one organic solvent and water. The formation of crystals of the limus substance can be brought about or enhanced by slowing down the evaporation of the solvent mixture. 
     In addition, a method for preparing the medical devices is proposed.",20230914,INNORA GMBH,SCHURMANN-KAUFELD SEBASTIAN,A61P43/00
US-2024013875-A1,System for manufacturing coverings for anatomical surfaces,A system for manufacturing an artificial covering includes a 3D surface scanning module and a 3D printing module where an anatomical surface is imaged and the image is processed for manufacturing and embedding a sensor or device in the covering which can be used for diagnosis or sensing medical issues in the user.,20240111,H3ALTH TECH INC,GEDAMU ELIAS,G16H10/65
US-2018243571-A1,Fixation of a Removable Magnet or a Similar Element in an Elastic Implant Material,"A magnet arrangement for an implantable medical device is described. An implantable coil case contains a communications coil and is made of biocompatible resilient material with a top lateral surface and an opposing bottom medial surface. A magnet receptacle is located within the coil case and has opposing receptacle openings in the top lateral surface and the bottom medial surface. An implant magnet fits within the magnet receptacle and has opposing end surfaces, and a center body region located between the end surfaces. The center body diameter is larger than the end diameters. The implant magnet and the magnet receptacle are configured to cooperate to permit the implant magnet to be inserted into or removed from the magnet receptacle through either of the receptacle openings.",20180830,MED EL ELEKTROMEDIZINISCHE GERAETE GMBH,ZIMMERLING MARTIN,A61N1/36038
US-2019126004-A1,Medical Device Package with a Twist Cap,A package for a medical device such as an intermittent catheter has a case and a cap connected by threads. The case includes a hollow tube which is closed at one end and open at the other. A shoulder is formed near one end of the case. Above the shoulder is a cylindrical ferrule that includes external threads. The cap has internal threads selectably engageable with the threads on the ferrule to form a liquid-tight seal between the cap and case when the cap is installed on the case.,20190502,HOLLISTER INC,O'BRIEN DANIEL E,A61M25/0017
US-2019227065-A1,Method for the immunological diagnosis of a sample with a potential infection with an arbovirus and test kits suitable for this purpose,"The present invention relates to a method for the immunological diagnosis of a sample from a patient with a potential infection with an arbovirus, wherein
         a) a sample is brought into contact with a plurality of antigens that, separated from each other, are applied to a solid phase, wherein at least the following antigens are used:
           aa) the “non-structural protein 1” of a first arbovirus or an immunologically reactive part thereof having at least 8 amino acids,   bb) an “envelope protein” of a first arbovirus or an immunologically reactive part thereof having at least 8 amino acids,   cc) an “envelope protein” of a second arbovirus or an immunologically reactive part thereof having at least 8 amino acids,   dd) the “non-structural protein 1” of a third arbovirus or an immunologically reactive part thereof having at least 8 amino acids and   ee) an “envelope protein” of a third arbovirus or an immunologically reactive part thereof having at least 8 amino acids,   
           b) the solid phase is washed to separate non-specific bindings,   c) the immune complex formed on the solid phase is converted into a signal and   d) the test method is evaluated by comparing the relative signal strengths.",20190725,MIKROGEN GMBH,SOUTSCHEK ERWIN,G01N33/56983
US-2022301717-A1,Artificial intelligence-based difficult airway evaluation method and device,"The disclosure relates to an artificial intelligence-based difficult airway evaluation method and device. The method includes the following steps: acquiring facial images of various postures; constructing a feature extraction network based on facial recognition, and extracting feature information of the facial images through the trained feature extraction network; and constructing a difficult airway classifier based on a machine learning algorithm, and performing difficult airway severity scoring on the extracted feature information of the facial images through the trained difficult airway classifier to obtain an evaluation result of a difficult airway. According to the present disclosure, early warning can be accurately provided for difficult airways in clinical anesthesia.",20220922,SHANGHAI NINTH PEOPLE’S HOSPITAL SHANGHAI JIAO TONG UNIV SCHOOL OF MEDICINE,XIA MING,A61B5/7267
US-2022313648-A1,Biofilm disruption,"The present invention relates to methods of dispersing biofilms comprising Gram-negative bacteria, the methods comprising exposing the biofilm to an epoxytiglienone compound or a salt thereof. Methods of treating infections comprising the localised administration, for example, topically or by injection, of an epoxytiglienone compound into or onto an established biofilm comprising Gram-negative bacteria to disrupt the structure of that biofilm and methods of preventing biofilms comprising Gram-negative bacteria forming or dispersing biofilms comprising Gram-negative biofilms that have formed on medical devices are also described.",20221006,QBiotics Pty Ltd,THOMAS DAVID WILLIAM,A61P31/04
US-2022392018-A1,Motion artifacts simulation,"Motion contaminated magnetic resonance (MR) images for training an artificial neural network to remove motion artifacts from the MR images are difficult to obtain. Described herein are systems, methods, and instrumentalities for injecting motion artifacts into clean MR images and using the artificially contaminated images for machine learning and neural network training. The motion contaminated MR images may be created based on clean source MR images that are associated with multiple physiological cycles of a scanned object, and by deriving MR data segments for the multiple physiological cycles based on the source MR images. The MR data segments thus derived may be combined to obtain a simulated MR data set, from which one or more target MR images may be generated to exhibit a motion artifact. The motion artifact may be created by manipulating the source MR images and/or controlling the manner in which the MR data set or the target MR images are generated.",20221208,SHANGHAI UNITED IMAGING INTELLIGENCE CO LTD,CHEN XIAO,G16H30/40
US-2023019820-A1,Medicament injector and interchangeable cartridges therefor,"The present invention relates to a medicament injector including an applicator with a cartridge-accepting receptacle, and interchangeable, pre-filled medicament-containing cartridges. Each cartridge includes a barrier member having a closed position in which access to the medicament is inhibited. The barrier member is movable from the closed position to an open position, in which the medicament is accessible via the applicator for administration, when the cartridge is inserted into the receptacle. The barrier member is moves back to the closed position when the cartridge is automatically removed from the receptacle once the medication is delivered. This allows for plurality of pre-filled medicament cartridges to be selected on demand via a need-based scenario for quick assembly with the medicament injector for use in various clinical scenarios to reduce the bulk, errors, complexity, and steps in medicament delivery while increasing the versatility, safety, and speed of medicament delivery in time critical situations.",20230119,DIFINITY SOLUTIONS INC,KIM DAVID SANGHYUCK,A61M2005/2433
US-2021134445-A1,Methods and systems for facilitating managing facilities for patients,"Disclosed herein is a method of facilitating managing facilities for patients, in accordance with some embodiments. Accordingly, the method comprises receiving an identifier from a first device, analyzing the identifier, retrieving clinical data and patient data based on the analyzing, analyzing the clinical data and the patient data, determining a patient characteristic based on the analyzing of the clinical data and the patient data, identifying a second facility based on the determining, transmitting the second facility to a second device, initiating a timer based on the transmitting, generating an indication corresponding to a response receivable from the second device prior to the expiring of the timer, determining a primary second facility of the second facility based on the generating of the indication, generating referral data of the patient based on the determining of the primary second facility, and transmitting the referral data to a primary third device.",20210506,PANDYA SUNIL RAMESH,PANDYA SUNIL RAMESH,G16H10/60
US-2022008569-A1,Pet tracer for imaging of neuroendocrine tumors,"There is provided a radiolabelled peptide-based compound for diagnostic imaging using positron emission tomography (PET). The compound may thus be used for diagnosis of malignant diseases. The compound is particularly useful for imaging of somatostatin overexpression in tumors, wherein the compound is capable of being imaged by PET when administered with a target dose in the range of 150-350 MBq, such as 150-250 MBq, preferable in the range of 191-210 MBq.",20220113,SOMSCAN APS,KJAER ANDREAS,A61K51/083
US-9868939-B2,Generating vasculogenic cell populations,"The present invention relates generally to methods and compositions useful for therapeutic vascular tissue engineering. In particular, the present invention provides methods for generating substantially pure populations of vasculogenic cells from human mesenchymal progenitors, and methods and compositions for clinical applications in the field of regenerative medicine.",20180116,WISCONSIN ALUMNI RES FOUND,SLUKVIN IGOR,C12N2506/45
US-9988635-B2,Modulation of growth hormone receptor expression and insulin-like growth factor expression,"Compounds, compositions and methods are provided for modulating the expression of growth hormone receptor and/or insulin like growth factor-I (IGF-I). The compositions comprise oligonucleotides, targeted to nucleic acid encoding growth hormone receptor. Methods of using these compounds for modulation of growth hormone receptor expression and for diagnosis and treatment of disease associated with expression of growth hormone receptor and/or insulin-like growth factor-I are provided. Diagnostic methods and kits are also provided.",20180605,ANTISENSE THERAPEUTICS LTD,TACHAS GEORGE,A61P5/00
WO-2018055559-A1,Method and system for visualization of heart tissue at risk,"Exemplified methods and systems facilitate presentation of data derived from measurements of the heart in a non-invasive procedure (e.g., via phase space tomography analysis). In particular, the exemplified methods and systems facilitate presentation of such measurements in a graphical user interface, or &#34;GUI&#34; (e.g., associated with a healthcare provider web portal to be used by physicians, researchers, or patients, and etc.) and/or in a report for diagnosis of heart pathologies and disease. The presentation facilitates a unified and intuitive visualization that includes three-dimensional visualizations and two-dimensional visualizations that are concurrently presented within a single interactive interface and/or report.",20180329,ANALYTICS FOR LIFE,SHADFORTH IAN,A61B5/0036
WO-2018219590-A1,Dispositif médical implantable,"The invention broadly provides an implantable medical device comprising a liquid rope coil scaffold. The implant may consist essentially of the scaffold, where the scaffold is the implant and pores in the scaffold may incorporates one or more agents (i.e. drugs, growth factors), or the scaffold may comprise only part of the medical device, for example an implant that is partly or fully covered with a layer of the scaffold. The porosity of the scaffold may be tailored to suit the application, for example a porosity that is tailored to hold and release drug or biological molecules in vivo, a porosity to provide a surface roughness that is conducive to promotion of in-vivo bio-integration (for example vascularisation) or prevention of fibrosis, or a porosity that provides structural strength. The scaffold may be essentially tubular, or may be provided as a planar structure, or may be any shape and can be used to coat, fully or partially any shape or size of medical implant.",20181206,UNIV COLLEGE DUBLIN NAT UNIV IRELAND DUBLIN,O'CEARBHAILL EOIN,A61L2300/62
US-2018156448-A1,Positionable Tool Light,"A positionable lighting unit for tools may have an LED light source powered by a battery with a control switch, all mounted upon a circuit board encased within a translucent and flexible casing. The control switch may then be activated though the casing without breaching the same so that a more sterile unit may be presented in those situations requiring sterility. The tool light also may have an adhesive, so it may be temporarily positioned according to a user&#39;s liking on a given tool. Emphasis is given to medical devices where a small field of vision and little room for movement may be prohibitive of desired lighting placement, but the light may be used on any suitable tool in any suitable medical or non-medical situation.",20180607,GREEN LITE INNOVATIONS LLC,PHILLIPS JR GREGORY DOUGLAS,A61B1/06
US-2018313843-A1,Samhd1 modulation for treating resistance to cancer therapy,"The present invention pertains to novel treatments for cancer diseases. Treatment of cancers with nucleoside analogs (NA), which specifically inhibit rapidly dividing cells, may face preexisting NA resistance or development of resistant cancer cells resulting in poor clinical prognosis. Treatment of cancers with oncolytic herpes simplex viruses (HSV) may face preexisting resistance or development of resistant cancer cells resulting in poor clinical prognosis. The invention overcomes chemotherapy resistance or resistance to oncolytic HSV by providing methods for detecting the resistance in a cancer disease based on the expression of SAM domain and HD domain-containing protein 1 (SAMHD1) in cancer cells. Furthermore provided are treatment options addressing the chemotherapy resistance such as a combination of a SAMHD1 inhibitor with a NA. Moreover, provided are treatment options addressing the resistance to oncolytic HSV such as a combination of a SAMHD1 inhibitor or depletion of SAMHD1 with an oncolytic HSV. The combination in some embodiments may furthermore include an inhibitor of CTP-synthetase. The invention provides new medicines and companion diagnostics supporting clinical treatment decisions.",20181101,JOHANN WOLFGANG GOETHE UNIV FRANKFURT AM MAIN,KEPPLER OLIVER TILL,G01N33/57505
US-2019059780-A1,Magnetic resonance imaging apparatus and method of reconstructing mr image by using neural network,"A magnetic resonance imaging (MRI) apparatus includes a processor, and a memory storing a program including instructions that, when executed by the processor, cause the processor to acquire first data of a subsampled magnetic resonance (MR) image, acquire, based on a learning model using a neural network, first reconstructed data with respect to rows of pixels in a first phase encoding direction of the first data of the subsampled MR image, and obtain a reconstructed image corresponding to the subsampled MR image, using the first reconstructed data.",20190228,SAMSUNG ELECTRONICS CO LTD,LEE DAE-HO,G06N3/084
ZA-201700341-B,Site directed mutagenesis of trem-1 antibodies for decreasing viscosity,"Antibodies that are capable of specifically binding and preventing the activation of TREM-1, a protein expressed on monocytes, macrophages and neutrophils with both good affinity and low viscosity at clinically relevant concentrations are described. Such antibodies find utility in the treatment of individuals with an inflammatory disease, such as rheumatoid arthritis and inflammatory bowel disease.",20241030,NOVO NORDISK AS,HENRIKSEN ANETTE,C07K2317/76
US-2021361708-A1,Methods for the production of tcr gamma delta + t cells,The present invention relates to novel methods for the isolation and the selective ex vivo expansion of V32′ TCRy6+ T cells and to their clinical application.,20211125,LYMPHACT LYMPHOCYTE ACTIVATION TECH S A,ANJOS DIOGO ANTONIO REMECHIDO,C12N2506/115
US-2022227870-A1,"Triple-chain antibody, method for preparation and use thereof","The present invention provides a novel artificial triple-chain antibody comprising three polypeptide chains, wherein a first polypeptide chain comprises a first heavy-chain variable domain, a second polypeptide chain comprises a first light-chain variable domain that is paired with the first heavy-chain variable domain to form a first antigen-binding site; and a third polypeptide chain comprises a second single-domain antigen-binding site and a third single-domain antigen-binding site. The present invention also provides a polynucleotide encoding the triple-chain antibody, a vector comprising the polynucleotide, a host cell comprising the polynucleotide or vector, an immunoconjugate comprising the triple-chain antibody and a pharmaceutical composition comprising the triple-chain antibody or the immunoconjugate thereof, and use of the triple-chain antibody in immunotherapy, prevention and/or diagnosis of diseases.",20220721,INNOVENT BIOLOGICS SUZHOU CO LTD,MIAO XIAONIU,C07K2317/52
US-2022265143-A1,Ambulatory medicament pumps with selective alarm muting,"Ambulatory medicament devices that provide therapy to a subject, such as blood glucose control, are disclosed. Disclosed systems and methods can implement one or more features that improve the user experience, by modifying delivery of therapy to a subject after determining that a possible occlusion exists in a medicament delivery system, monitoring the status of an ambulatory medical device and the health condition of a subject that receives therapy from the ambulatory medical device and annunciating alarm condition when necessary, selectively muting alarm annunciations while a Do Not Disturb mode is activated, implementing various power saving modes to save power, controlling operation of the device and medicament delivery based on the user gesture controls, and controlling medicament delivery based on a condition of the ambulatory medicament device.",20220825,BETA BIONICS INC,ROSINKO MICHAEL J,G16H20/17
US-2020237580-A1,Hydrophilic medical devices,"A medical device including a plasma-treated porous substrate that is functionalized to provide a hydrophilic surface, and a process for preparing such a medical device, are disclosed. The method includes plasma treating at least a portion of a surface of a porous substrate with a gas species selected from oxygen, nitrogen, argon, and combination thereof. The gas species is configured to functionalize the surface of the medical device and form a hydrophilic surface.",20200730,COVIDIEN LP,HODGKINSON GERALD N,A61L31/14
US-2020363431-A1,Diagnosing and treating alzheimers disease,"Described herein are methods, systems and compositions for the diagnosis, prognosis and treatment of dementia and Alzheimer&#39;s disease. Also described are methods, systems and compositions to distinguish between Alzheimer&#39;s disease and Parkinson&#39;s disease. In various embodiments levels of PACAP and/or SIRT3 are analyzed for the diagnosis, prognosis and treatment of dementia and Alzheimer&#39;s disease.",20201119,DIGNITY HEALTH,SHI JIONG,G01N33/6896
US-2018228732-A1,Sustained-release formulation,"The present invention relates to a sustained-release formulation comprising a metastin derivative and a lactic acid-glycolic acid copolymer having a weight average molecular weight of about 5,000 to about 40,000 or a salt thereof. The sustained-release formulation of the present invention slowly and stably release compound (I) or a salt thereof for a long time and exerts a medicinal effect of compound (1) or a salt thereof for a long time. Furthermore, the sustained-release formulation of the present invention, which improves patient&#39;s convenience by reducing the number of administration times, is an excellent formulation as a clinical medicine.",20180816,TAKEDA PHARMACEUTICALS CO,FUTO TOMOMICHI,A61P35/00
US-2018237358-A1,"Radioisotope 18f substituted thiamine, and synthesis method and use thereof","The synthesis method comprises radiochemical synthesis by using existing precursors. In the present invention, the hydroxyl in the hydroxyethyl on the thiazole cycle of thiamine is replaced by radioisotope 18F, to prepare a PET tracer. The radioisotope 18F substituted thiamine of the present invention successfully enters the brains of various strains of mice, and the uptake in the brains of thiamine-deficient mice is obviously greater than that in normal control. The present invention is useful in the preparation of a brain imaging tracer for clinical trials of Alzheimer&#39;s disease and tumors.",20180823,ZHONGSHAN HOSPITAL FUDAN UNIV,WANG CHANGPENG,A61K51/0459
US-2018133393-A1,Hospital support poles with onboard power units,"Embodiments of the invention relate to poles with wheels with an onboard power unit that be longitudinally fixed in place and positioned about a medial position of the pole or may be configured to rise and lower in concert with wheels supporting the floor when on the floor and that can hold medical and/or accessory equipment, typically in a clinical or hospital environment.",20180517,SKYTRON LLC,BLANKENSHIP SAMUEL A,A61M5/1415
US-2018080089-A1,Methods for breast cancer risk assessment,"The present invention relates to methods and systems for assessing the overall risk of a human female subject for developing a breast cancer phenotype. In particular, the present invention relates to combining clinical risk assessment and genetic risk assessment to improve risk analysis.",20180322,HINDS DAVID A,HINDS DAVID A,A61P35/00
US-2019060410-A1,Pharmaceutical Formulation Comprising GLP-1 Analogue and Preparation Method Thereof,"The present invention discloses a pharmaceutical composition comprising GLP-1 analogs. In one embodiment, the composition further comprises buffers, stabilizers, isotonic agents, preservatives, or a mixture thereof. The present invention has the advantage of providing a highly stabilized pharmaceutical formulation of a GLP-1 analog suitable for long-term shelf-life and distribution in the commercial pharmaceutical supply chain. The disclosed formulations effectively protect the active ingredient GLP-1 analogs from degradation, oxidation, precipitation, crystallization, and other factors leading to loss of clinical efficacy.",20190228,LIU XIAONI,LIU XIAONI,A61K38/26
US-2019175767-A1,Modified dextran conjugates comprising a lysine-urea-glutamate pharmacophore,"The present invention is related to modified dextran conjugates, such as guanidine-dextran conjugates, comprising a PSMA binding tripeptide. The present invention further discloses a method for preparation of said conjugates as well as their use. The conjugate of the present invention can be used for treating or diagnosis of a disease or a condition associated with expression of prostate specific membrane antigen (PSMA).",20190613,DEXTECH MEDICAL AB,HOLMBERG ANDERS R,A61K51/121
US-2018028146-A1,Automated breast ultrasound equipment and methods using enhanced navigator aids,"A method and system acquiring, processing and displaying breast ultrasound images in a way that makes breast ultrasound screening more practical and thus more widely used, and reduces the occurrence of missing cancers in screening and diagnosis, using automated scanning of chestwardly compressed breasts with ultrasound. Enhanced, whole-breast navigator overview images are produced from scanning breasts with ultrasound that emphasize abnormalities in the breast while excluding obscuring influences of non-breast structures, particularly those external to the breast such as ribs and chest wall, and differentiating between likely malignant and likely benign abnormalities and otherwise enhancing the navigator overview image and other images, thereby reducing the time to read, screen, and/or diagnose to practical time limits and also reduce screening or diagnostic errors.",20180201,QVIEW MEDICAL INC,ZHANG WEI,A61B8/4494
US-11370113-B2,Systems and methods for prevention of surgical mistakes,"An apparatus, system and process for guiding a surgeon during a medical procedure to prevent surgical mistakes are described. The system may include a machine learning medical procedure server that generates one or more machine learning medical procedure models using, at least, medical procedure data captured during medical procedures performed at a plurality of different medical procedure systems. The system may also include a medical procedure system communicably coupled with the machine learning medical procedure server that receives a selected machine learning medical procedure model from the machine learning medical procedure server, and utilizes the selected machine learning medical procedure model during a corresponding medical procedure to control one or more operations of the medical procedure system.",20220628,VERILY LIFE SCIENCES LLC,BARRAL JOËLLE,A61B34/30
US-10874875-B2,Irradiation device,"An irradiation device for insertion into an orifice of the body for providing photodynamic therapy or diagnosis comprises: a housing  1, 21, 31, 51, 61, 71  adapted to be fully inserted and secured in the orifice, the housing  1, 21, 31, 51, 61, 71  enclosing an LED lamp system  5, 25, 35, 45, 54, 62, 72  and a power source  41, 68, 78 , for powering the LED lamp system  5, 25, 35, 45, 54, 62, 72 , wherein the device is independently operational while located within the orifice.",20201229,PHOTOCURE ASA,KLEM BJORN,A61N2005/0645
US-11274161-B2,Monoclonal antibodies that specifically recognize canine DLA-DR antigen and their uses,"Disclosed are monoclonal antibodies and their fragments that specifically recognize canine DLA-DR antigen and their use in the treatment, prevention, or diagnosis of leukemias and lymphomas, especially canine.",20220315,INST IMMUNOLOGII I TERAPII DOSWIADCZANEJ POLSKIEJ AKADEMII NAUK,MIĄŻEK ARKADIUSZ,G01N33/57557
US-2018215816-A1,Anti-cgrp compositions and use thereof,"The present invention is directed to antibodies and fragments thereof having binding specificity for CGRP. Another embodiment of this invention relates to the antibodies described herein, and binding fragments thereof, comprising the sequences of the V H , V L  and CDR polypeptides described herein, and the polynucleotides encoding them. The invention also contemplates conjugates of anti-CGRP antibodies and binding fragments thereof conjugated to one or more functional or detectable moieties. The invention also contemplates methods of making said anti-CGRP antibodies and binding fragments thereof. Embodiments of the invention also pertain to the use of anti-CGRP antibodies, and binding fragments thereof, for the diagnosis, assessment and treatment of diseases and disorders associated with CGRP.",20180802,ALDERBIO HOLDINGS LLC,KOVACEVICH BRIAN ROBERT,A61P25/00
US-2018282400-A1,Broadly-Neutralizing ANTI-HIV Antibodies,"The present invention relates to anti-HIV antibodies. Also disclosed are related methods and compositions. HIV causes acquired immunodeficiency syndrome (AIDS), a condition in humans characterized by clinical features including wasting syndromes, central nervous system degeneration and profound immunosuppression that results in life-threatening opportunistic infections and malignancies. Since its discovery in 1981, HIV type 1 (HIV-1) has led to the death of at least 25 million people worldwide.",20181004,The Rockefeller Universtiy,MOUQUET HUGO,C07K2317/565
US-2018161285-A1,Composition and Method For Treating Seizure Disorders,"The invention provides compositions and methods for treating seizure disorders such as epilepsy in humans and animals using, in a first embodiment, the combination of (i) an effective amount of a barbiturate drug, such as phenobarbital or primidone, which solely enhances GABAergic inhibition in a patient suffering a seizure disorder; and (ii) phytocannabinoid cannabidiol (CBD) in a dosage amount sufficient to overcome the hepatic metabolic effect stimulated by the barbiturate drug and provide bioavailable CBD to the patient in clinically efficacious amounts.",20180614,INDIA GLOBALIZATION CAPITAL INC,MUKUNDA RAMACHANDRA,A61P25/08
EP-3769312-A1,Systems and methods for personalized medication therapy management,"A computational therapeutic management system and associated method for providing personalised therapy management for a patient comprise a therapeutic analytics engine configured to build a personalized physiology signature using multivariate data, including physiological data, contextual data and clinical data. The personalized physiology signature along with the drug-specific and individual-specific knowledge bases enables the system to evaluate and quantify the therapeutic and adverse effects of drugs on patients. Further, the system monitors the patient&#39;s health condition, predicts changes, and provides alarms and reports in a user interface. The clinical annotations by the caregiver/clinician in the interface are considered as feedback to update the knowledge bases and personalized physiology signature.",20210127,BIOSIGNS PTE LTD,RAJPUT KULDEEP SINGH,G16H70/40
EP-3795562-A1,Dérivés de prostaglandine f2alpha destinés à réduire la pression intraoculaire,"The invention relates to clinical chemistry, in particular, to new biologically active compounds - amide derivatives of prostaglandin F2α. These compounds have low cytotoxicity and are capable of stimulating formation of endogenous nitrogen oxide in mammal cells. Synthesis of such compounds promotes expansion of nomenclature of biologically active derivatives of prostaglandin F 2α  capable of reducing intraocular pressure.",20210324,GURUS BIOPHARM LLC,BEZUGLOV VLADIMIR VILENOVICH,A61K31/5575
US-2023091240-A1,System and method of monitoring mental health conditions,"Systems and methods for assessing mental health of a person, including: recording digital activity data of the user on the mobile device, wherein the digital activity data does not include personal content of the user, applying the digital activity data to a plurality of machine learning models, wherein each of the machine learning models represents a digital phenotype for a different mental health condition, determining a similarity score for each mental health condition corresponding to each of the plurality of machine learning models based on comparing an output of the respective machine learning model to a digital phenotype for the corresponding mental health condition, outputting, at a user&#39;s display, the at least one mental health similarity score, and predicting, by the processor, at least one mental health condition of the user based on the calculated similarity scores.",20230323,BEHAVIDENCE INC,COHEN ROY,A61B5/165
US-2023330095-A1,Pharmaceutical composition for anti-cancer comprising nupr1 isoform a inhibitor,"The present disclosure provides a pharmaceutical composition for preventing or treating cancer comprising a NUPR1 isoform A inhibitor as an active ingredient, a composition for diagnosing or predicting prognosis of cancer comprising an agent for measuring an expression or activity level of a NUPR1 isoform A, a kit for diagnosing or predicting prognosis of cancer comprising the composition, a method for screening a substance for inhibiting cancer cell proliferation or metastasis, a method for providing information for cancer cell proliferation or metastasis, a food composition for preventing or improving cancer comprising a NUPR1 isoform A inhibitor as an active ingredient, and a feed composition for preventing or improving cancer comprising a NUPR1 isoform A inhibitor as an active ingredient. 
     Since a NUPR1 isoform A inhibitor according to the present disclosure has an anticancer effect, pharmaceutical compositions, food compositions, and feed compositions comprising the NUPR1 isoform A inhibitor may be usefully used for preventing, treating, or improving cancer. In addition, by measuring the expression or activity level of a NUPR1 isoform A, cancer diagnosis or prognosis may be predicted, substances for inhibiting cancer growth or metastasis may be screened, and information for cancer growth or metastasis may be provided to a subject.",20231019,SEOUL NAT UNIV R&DB FOUNDATION,PAEK SUN HA,G01N33/5758
US-2021250526-A1,Device for capturing a hyperspectral image,"The invention relates to a device for capturing a hyperspectral image, comprising: means for acquiring a diffracted image of a focal plane; means for acquiring at least two non-diffracted images of the focal plane, obtained with different chromatography filters; and means for constructing a hyperspectral image from the different diffractions, comprising a neural network configured to calculate the intensity of each voxel of the hyperspectral image according to: the light intensity in each of the non-diffracted images at coordinates x and y, the weight of each intensity depending on the closeness of the desired wavelength to the colour of the chromatography filter of said non-diffracted image; and light intensities in each of the diffractions of the diffracted image in which the x, y coordinates are dependent on coordinates x, y and λ of the voxel.",20210812,CARBON BEE,GERMAIN GÉRALD,G01J3/2823
US-2021275311-A1,Combination intra-medullary and extra-medullary fracture stabilization with aligning arm,"A device provides a variety of fracture fixation options should a fracture occur after total hip arthroplasty or total knee arthroplasty, and provides associated methods and apparatus for application of provided fixation. The ability to pre-engineer fracture fixation contingent solutions into femoral or tibial components provides for a distinct clinical advantage in the planning and execution for periprosthetic fracture fixation. Said methods and apparatus include targeting devices which allow for intimate association of fixed angle locking screws in pre-drilled holes in an existing prosthetic, femoral nail, or other components including additional fixation components. Such apparatus and methods further include the use of alignment devices and other components to allow for ease of repair of fractures utilizing the pre-engineered solutions.",20210909,GENESIS MEDICAL DEVICES LLC,SEGINA DANIEL NICK,A61B17/8061
US-2022064282-A1,"Antibody binding to human il-1 beta, preparation method therefor and use thereof","Disclosed is an antibody of an entirely new structure that can bind to human IL-1β, or an antigen binding fragment thereof, which has a good biological function of blocking the binding of IL-1β to receptors thereof and thereby down regulate the activity of IL-1β, and can be used to prepare drugs for the treatment of immune diseases (such as arthritis, osteoporosis, and tumor necrosis factor receptor-associated periodic syndrome) mediated by IL-1β overexpression, and so has good prospects for clinical application.",20220303,ZEDA BIOPHARMACEUTICALS INC,XIA YU,A61P37/06
US-11780889-B2,Porcine circovirus type 3 immunogenic compositions and methods of making and using the same,"A new species of circovirus, porcine circovirus type 3 (PCV3), was identified from sows with clinical symptoms normally associated with porcine circovirus type 2 (PCV2) infection and in aborted fetuses. Molecular and serological analyses suggest PCV3 commonly circulates in U.S. swine. The present disclosure provides immunological compositions and methods related to the production and administration of such compositions.",20231010,UNIV KANSAS STATE,HAUSE BEN,C07K14/005
US-10940251-B2,Mechanical gauge for estimating inductance changes in resonant power transfer systems with flexible coils for use with implanted medical devices,"Systems and devices for improving wireless power transmission are disclosed herein. The system can include an implantable medical device that can include an energy storage component and a secondary coil electrically coupled to the energy storage component. The system can include a charging device. The charging device can include a flexible housing defining an internal volume, a resonant circuit, a plurality of sensors coupled to the primary coil, and processor. The resonant circuit can include a deformable primary coil located within the internal volume of the housing. The processor can determine a deformation of the primary coil based on at least one signal received from at least one of the plurality of sensors.",20210309,TC1 LLC,HANSEN JOHN FREDDY,H02J2105/46
US-10779890-B2,System and method for performing joint replacement surgery using artificial neural network,"This disclosure relates to a system and method for performing joint replacement surgery, and in particular relates to an artificial neural network that uses machine learning to improve patient outcomes. In an example method, the method includes the step of predicting a patient score indicative of a success of a surgical procedure as perceived by a patient using a neural network. Based on the predicted patient score, a surgeon may update a treatment plan in a way that improves the patient&#39;s outcome. These and other benefits will be appreciated from the following description.",20200922,WEIR JARED,WEIR JARED,G06N3/0475
US-9884188-B2,Coil assembly in an implantable medical device,"According to an embodiment, a receiver coil assembly for an implantable medical device is disclosed. The receiver coil assembly includes at least two spatially separated coil units comprised by a housing of an internal component. The spatial separation is along a thickness of the housing.",20180206,OTICON MEDICAL AS,TOURREL GUILLAUME,H02J7/70
US-2018099125-A1,Apparatus and method for navigating a medical device,"The present disclosure provides apparatuses and methods for navigating a medical device into the body of a patient during an intracoronary or other medical procedure. In many embodiments, the present disclosure includes the use of a guidewire managing assembly that may be used in combination with a guidewire that includes a medical positioning system sensor. This guidewire managing assembly and sensor enabled guidewire are used in combination with a medical positioning system to determine the position of a medical device, such as a catheter or catheter sheath, and specifically the tip of the catheter or catheter sheath, that is threaded over the guidewire during a procedure. The present disclosure further relates to methods of tracking a medical device, such as a catheter tip, inside the body of a subject during a procedure.",20180412,ST JUDE MEDICAL CARDIOLOGY DIV INC,RICHER LOUIS-PHILIPPE,A61B2090/062
US-2019088355-A1,Modifying characteristics of a medical device utilizing a mobile device,"Methods, computer systems and computer readable media for modifying characteristics of a medical device via a mobile device are provided. In embodiments, data communicated by a medical device used to treat a patient is provided to a mobile device associated with a clinician. A notification associated with the medical device is received and communicated to the mobile device. Confirmation of the notification is received from the clinician via the mobile device and the notification is communicated to the medical device. Characteristics of the execution of the previously input order are automatically modified in accordance with the notification.",20190321,CERNER INNOVATION INC,KELLY LISA,A61M2205/18
US-2019261858-A1,Imaging method for acute lymphoblastic leukemia using an imaging agent and method of producing an imaging agent,"The present invention provides an in vivo imaging method that facilitates the diagnosis of Acute Lymphoblastic Leukemia (ALL) at an early stage. Early diagnosis is particularly advantageous as a tool to select more aggressive therapy, to estimate the success rate for visualizing ALL at the time of diagnosis.",20190829,SATZ STANLEY,SATZ STANLEY,G01N33/57505
EP-3286218-A1,"Agents se liant spécifiquement au motif rgd de la cadhérine 17 humaine, de la cadhérine 5 humaine, de la cadhérine 6 humaine et de la cadhérine 20 humaine","The disclosure relates to agents binding specifically to human cadherin 17 (CDH17), and/or to human cadherin 5 (CDH5), and/or to human cadherin 6 (CDH6), and/or to human cadherin 20 (CDH20). The disclosure also relates to the use of these agents in therapy, methods for diagnosis and/or prognosis and/or stratification of a cancer in a subject, and pharmaceutical compositions comprising said agents. The disclosure also relates to cancer markers and markers of metastasis.",20180228,CONSEJO SUPERIOR INVESTIGACION,CASAL ÁLVAREZ JOSÉ IGNACIO,G01N33/57525
EP-3360516-A3,Procédé de sertissage uniforme et d&#39;expansion de dispositifs médicaux,"A medical device-includes a scaffold crimped to a catheter having an expansion balloon. The scaffold is crimped to the balloon by a process that includes one or more balloon pressurization steps. The balloon pressurization steps are selected to enhance scaffold retention to the balloon, maintain a relatively uniform arrangement of balloon folds about the inner surface of the crimped scaffold so that the scaffold expands in a uniform manner when the balloon is inflated, and to avoid any possible over-stretching of balloon material.",20180829,ABBOTT CARDIOVASCULAR SYSTEMS INC,WANG YUNBING,A61F2/91
EP-3366306-A3,"Verwendung einiger peptide bei der diagnose und behandlung von diabetes, fettleibigkeit und damit verbundenen stoffwechselerkrankungen","The present invention is related with the use of E3 ubiquitin-protein ligase RNF181, UPF0361 protein C3orf37 homolog, Inhibin beta B chain, Aryl-hydrocarbon-interacting-protein-like 1, Ras-related protein Ral-B, STAM-binding protein, Steroid hormone receptor ERR1, Brain-specific angiogenesis inhibitor 1-associated protein 2-like protein 1, NADH dehydrogenase (ubiquinone) iron-sulfur protein 6 mitochondrial, Platelet glycoprotein lb beta chain, Bifunctional protein NCOAT, Aldolase B, D-beta-hydroxybutirate dehydrogenase mitochondrial, ATP synthase subunit b mitochondrial, Betaine-homocysteine S-methyltransferase 1, Guanine deaminase and Alpha-1-acid glycoprotein in diagnosis and treatment of diabetes, obesity and metabolic diseases associated thereto.",20181128,ISTANBUL UNIV REKTORLUGU,OKTAYOGLU SELDA,A61K38/1796
EP-3454893-A1,Composition comprenant des antigènes et un adjuvant pour les muqueuses et méthode d&#39;utilisation,"The majority of the mortality observed in young pigs occurs between three and five weeks post-weaning for S. suis infections and between four and six weeks post- weaning for H. parasuis and Actinobacillus suis infections. Control of clinical disease associated with S. suis, A. suis and with H. parasuis has been attempted by means of antibiotic treatment, by controlled exposure with live organisms, and by vaccination, using either inactivated commercial or autogenous bacterins administered parenterally. Disclosed herein is an immunogenic composition comprising antigens and a mucosal adjuvant. The composition may be administered to subjects, such as animals, particularly piglets from pre-weaning through the nursery phase, such as from birth or from three to five days of age, to protect from these diseases.",20190320,PHIBRO ANIMAL HEALTH CORPORATION,WEAVER GRANT,A61K2039/552
EP-3756687-A3,Peptides cibles pour la thérapie et le diagnostic du cancer de l&#39;ovaire,"A set of target peptides are presented by HLA A*0201 on the surface of ovarian cancer cells. They are envisioned to among other things (a) stimulate an immune response to the proliferative disease, e.g., ovarian cancer, (b) function as immunotherapeutics in adoptive T-cell therapy or as a vaccine, (c) facilitate antibody recognition of tumor boundaries in surgical pathology samples, (d) act as biomarkers for early detection and/or diagnosis of the disease, and (e) act as targets in the generation antibody-like molecules which recognize the target-peptide/MHC complex.",20210324,UNIV VIRGINIA PATENT FOUNDATION,HUNT DONALD F,A61K40/42
EP-3858298-A1,Verzweigte ballonexpandierbare stentanordnung,"The invention relates to a medical device, the medical device comprising a balloon catheter, a first stent, and a second stent; the balloon catheter having a shaft and an inflatable balloon mounted to the shaft at the distal end the balloon having a distal portion having a first outer diameter and a proximal portion having a second outer diameter, wherein the first diameter is smaller than the second diameter and a transition region located between the distal portion and the proximal portion, a first stent having a first nominal diameter mounted on the distal portion of the balloon and a second stent having a second nominal diameter mounted on the proximal portion of the balloon, a distal portion of the second stent overlapping a proximal portion of the first stent, wherein the proximal end of the first stent is positioned proximal to the distal end of the second stent, the medical device further comprising a pre-cannulation means providing a passage from the interior of the second stent to the exterior of the first stent passing the stent overlapping portion between the inner surface of the second stent and the outer surface of the first stent.",20210804,BENTLEY INNOMED GMBH,REIJNEN MICHEL M P J,A61F2/852
EP-3883464-A1,Integrierte bildgebungs- und medizinproduktfreisetzungsvorrichtung und verfahren zur verwendung,"The present invention concerns an integrated imaging and medical device delivery apparatus comprising retaining means for retaining a deployable medical device (5); and an imaging probe lumen (10) defining a navigation pathway through the apparatus, the navigation pathway allowing an imaging probe (11) to be reciprocally axially movable through the apparatus, the apparatus further comprising one or more reference points (7) along the navigation pathway, providing positional information relative to a retained deployable medical device (5).",20210929,VASCUTEK LTD,RUMBLES ROBERT,A61F2/95
EP-4119053-A1,Rauschverminderung von intrakardialen elektrokardiogrammen unter verwendung eines autocodierers und verwendung und verfeinerung von intrakardialen und körperoberflächen-elektrokardiogrammen unter verwendung von tiefenlern-trainingsverlustfunktionen,"A system and method include a memory storing processor executable code for a denoised autoencoder, and one or more processors coupled to the memory to execute the processor executable code to receive raw signal data comprising signal noise, encode, by the denoised autoencoder, the raw signal data by performing a denoising autoencoder operation to produce a latent representation, and decode, by the denoised autoencoder, the latent representation to produce clean signal data reconstructed without the signal noise. A first filter is applied to a signal to emphasize activity within the signal and to produce a first modified signal, a rectifier and a second filter are applied to the first modified signal to smooth areas of the first modified signal with clinical importance and to produce a second modified signal, and high frequency energy zones of the second modified signal are automatically detected using an energy threshold to produce a weights vector.",20230118,BIOSENSE WEBSTER ISRAEL LTD,AMOS YARIV AVRAHAM,A61B5/287
EP-4163372-A1,Nukleinsäuremolekül mit verbesserter stabilität und verwendung davon,"Provided are structural properties of double-stranded RNA molecules for inducing RNA interference, and more specifically, a novel nucleic acid molecule structure for inducing RNAi with improved stability, and a use thereof. A nucleic acid molecule for inducing RNAi provided herein is capable of significantly improving stability of a double-stranded RNA molecule  in vivo  while maintaining inhibition efficiency for a target gene, and therefore, as a expandable platform for targeting various genes, the RNA nucleic acid molecule is expected to replace siRNA molecules in the art, and be usefully utilized in the field of diagnosis or treatment of various diseases in research and clinical fields.",20230412,IMNEWRUN INC,KIM YONG HO,C12N2310/344
EP-4325591-A3,Casque d&#39;écoute et électrodes pour détecter un potentiel bioélectrique et leurs procédés de fonctionnement,"Disclosed are medical devices for sensing bioelectrical potential including an electroencephalography (EEG) headset, electrodes compatible therewith, and methods of operation thereof. The headset can comprise a left junction and a right junction, a plurality of length-adjustable bands connecting the left junction and the right junction, and a number of electrodes. Each of the electrodes can comprise an electrode body coupled to one of the plurality of length-adjustable bands and a detachable electrode tip configured to be detachably coupled to the electrode body. The electrode tip can comprise an electrode tip body, one or more deflectable electrode legs coupled to the electrode tip body, and a conductive cushioning material coupled to a segment of at least one of the one or more electrode legs. The conductive cushioning material can retain or be saturated with one or more conductors.",20240501,ZETO INC,GUNASEKAR ASWIN,A61B5/291
US-10019794-B2,Method and apparatus for breast lesion diagnosis,"Provided herein is an image interpretation auxiliary method for breast lesion diagnosis, the method including obtaining, by an image interpretation auxiliary apparatus, a plurality of 3D images photographed from a breast; determining, by the image interpretation auxiliary apparatus, a first image of among the plurality of 3D images as a basic image; and creating an image for interpretation, by the image interpretation auxiliary apparatus, by combining information related to a second image of among the plurality of 3D images with the first image.",20180710,ELECTRONICS & TELECOMMUNICATIONS RES INST,JEONG JI WOOK,A61B6/025
US-10420810-B2,Traditional Chinese medicine composition for the treatment of diabetic retinopathy,"The present invention provides a traditional Chinese medicine (TCM) composition for the treatment of diabetic retinopathy, wherein the active pharmaceutical ingredients (APIs) of the said TCM composition are:  Astragali Radix  10-80 parts by weight,  Pseudostellariae Radix  5-30 parts by weight,  Cinnamomi Ramulus  3-25 parts by weight,  Angelicae Sinensis Radix  8-60 parts by weight,  Notoginseng Radix  ET  Rhizoma  2-15 parts by weight,  Dioscoreae Rhizoma  10-80 parts by weight,  Salviae Miltiorrhizae Radix  ET  Rhizoma  10-80 parts by weight,  Pheretima  2-15 parts by weight,  Rehmanniae Radix  8-60 parts by weight, and  Atractylodis Macrocephalae Rhizoma  8-60 parts by weight. It has been shown by clinical experiments that, the invented TCM composition has an exact efficacy in patients with macular edema and can effectively improve the patients&#39; visual acuity and visual field and relieve ocular fundus diseases, playing an active role in alleviating macular edema.",20190924,JIN MING,JIN MING,A61K36/8945
US-10653653-B2,Salts of 5-aminolevulinic acid and derivatives,"The present disclosure provides new salts of 5-aminolevulinic acid (5-ALA) and new salts of 5-ALA esters, their preparation, formulation and use as photosensitizing agents in photodynamic therapy, diagnosis and cosmetic cares.",20200519,ZHAO MING,ZHAO MING,A61K9/0009
US-2023134195-A1,Systems and methods for video and audio analysis,"Systems and methods for video analysis are provided. The systems and methods may utilize machine learning to recognize steps of a medical procedure as they are being performed, and compare them with expected steps. The systems and methods may aid in supporting a medical practitioner before the procedure, during the procedure, as well as providing feedback after the procedure has been completed.",20230504,AVAIL MEDSYSTEMS INC,HAWKINS DANIEL,G06N3/0464
US-2023290053-A1,Systems and methods for subject positioning,The present disclosure is related to systems and methods for subject positioning. The method includes generating a reference subject model of a subject to be scanned by a medical device based on feature information of the subject and a scan protocol of the subject. The method includes generating a target subject model by performing one or more rendering operations on the reference subject model based on at least one rendering parameter associated with an image capturing device. The method includes generating a positioning result by integrating the target subject model with image data related to a scan scene of the subject captured by the image capturing device. The method includes positioning the subject based on the positioning result.,20230914,SHANGHAI UNITED IMAGING HEALTHCARE CO LTD,BU YANG,A61B6/04
US-2023329909-A1,Systems and methods for determining the characteristics of structures of the eye including shape and positions,"Systems, devices and methods for performing deep learning process to determine the characteristics of structures of the eye. Deep leaning, imaging devices and methods for laser and phacoemulsification operations. An integrated imaging device, laser-ultrasound, including femto-phaco, system and a computer vision device. Methods of training and using computer vision devices in ophthalmic treatment systems and therapies.",20231019,LENSAR INC,MORELY DUSTIN,G06N3/0464
US-2023389851-A1,Systems and methods for controlling a device based on detection of transient oscillatory or pseudo-oscillatory bursts,"Systems, methods, and apparatus for controlling a device based on the detection of transient oscillatory or pseudo-oscillatory bursts are disclosed. For example, a method can comprise detecting one or more transient oscillatory or pseudo-oscillatory bursts from an ongoing neural signal recording of a subject. The method can also comprise extracting one or more burst features from the one or more transient oscillatory or pseudo-oscillatory bursts detected within a detection period. The method can also comprise predicting a thought generated or conjured by the subject or a change in mental state evoked by the subject by applying at least one of a machine learning algorithm and a feature threshold to the one or more burst features extracted within the detection period. An input command associated with the prediction can be transmitted to the device in order to control the device.",20231207,SYNCHRON AUSTRALIA PTY LTD,TAL IDAN,A61N1/36135
US-2024041814-A1,Use of reagent for detecting retinol metabolite in preparation of tool for diagnosing and/or treating pneumoconiosis,"The present disclosure provides use of a reagent for detecting retinol metabolites in preparation of a tool for diagnosing and/or treating pneumoconiosis, and relates to the technical field of biomedicine. The present disclosure verifies that retinol metabolism disturbance and all-trans retinoic acid (ATRA) deficiency are closely related to the pathogenesis of pneumoconiosis. Therefore, the present disclosure sets forth use of retinol and ATRA as biomarkers for screening the pneumoconiosis and use thereof in preparation of products related to the diagnosis of the pneumoconiosis; meanwhile, intervention of the pneumoconiosis with the ATRA can effectively delay the progression of the pneumoconiosis. Therefore, the present disclosure first sets forth use of the ATRA as a medicament for treating the pneumoconiosis.",20240208,INST OF BASIC MEDICAL SCIENCES OF CHINESE ACADEMY OF MEDICAL SCIENCES,WANG JING,Y02A50/30
US-2024058439-A1,"Nanoemulsion compositions for preventing, suppressing or eliminating allergic and inflammatory disease","The present invention provides methods and compositions for the stimulation of immune responses and for treating or preventing allergic disease and responses and inflammatory disease and responses. In particular, the present invention provides nanoemulsion compositions and methods of using the same for the induction of immune responses that prevent or treat allergic disease by reducing allergic response. Compositions and methods of the invention find use in, among other things, clinical (e.g. therapeutic and preventative medicine (e.g., vaccination)) and research applications.",20240222,UNIV MICHIGAN REGENTS,BAKER JR JAMES R,A61K39/35
US-2024112799-A1,Training domain-based ai boosting of an iol determination,"A computer implemented method for determining a refractive power value of an intraocular lens to be inserted is described. The method includes measuring ophthalmological patient data, receiving a target refraction value, determining a first refractive power value of an intraocular lens to be inserted, with the measured ophthalmological patient data and the target refraction value being used as input data, determining, by means of a trained machine learning system, a second refractive power value of the intraocular lens to be inserted, the measured ophthalmological patient data and the received target refraction value being used as input data for the trained machine learning system, and determining the final refractive power value of the intraocular lens to be inserted from the first refractive power value and the second refractive power value by means of an individual boosting factor value.",20240404,ZEISS CARL MEDITEC AG,BURWINKEL HENDRIK,A61B3/0025
US-2024281966-A1,"Machine learning systems and methods for assessment, healing prediction, and treatment of wounds","Machine learning systems and methods are disclosed for prediction of wound healing, such as for diabetic foot ulcers or other wounds, and for assessment implementations such as segmentation of images into wound regions and non-wound regions. Systems for assessing or predicting wound healing can include a light detection element configured to collect light of at least a first wavelength reflected from a tissue region including a wound, and one or more processors configured to generate an image based on a signal from the light detection element having pixels depicting the tissue region, determine reflectance intensity values for at least a subset of the pixels, determine one or more quantitative features of the subset of the plurality of pixels based on the reflectance intensity values, and generate a predicted or assessed healing parameter associated with the wound over a predetermined time interval.",20240822,SPECTRAL MD INC,FAN WENSHENG,G06N3/09
US-12171542-B2,Systems and methods for estimating histological features from medical images using a trained model,"Systems and methods for estimating quantitative histological features of a subject&#39;s tissue based on medical images of the subject are provided. For instance, quantitative histological features of a tissue are estimated by comparing medical images of the subject to a trained model that relates histological features to multiple different medical image contrast types, whether from one medical imaging modality or multiple different medical imaging modalities. In general, the trained model is generated based on medical images of ex vivo samples, in vitro samples, in vivo samples or combinations thereof, and is based on histological features extracted from those samples. A machine learning algorithm, or other suitable learning algorithm, is used to generate the trained model. The trained model is not patient-specific and thus, once generated, can be applied to any number of different individual subjects.",20241224,MEDICAL COLLEGE WISCONSIN INC,LAVIOLETTE PETER SHERMAN,A61B5/055
US-2018199923-A9,Percutaneous Aspirating Cannula,"The dual syringe with percutaneous cannula is a medical device for harvesting and transferring cells for autologous transplantation without the requirement of a surgical setting or ambulatory care. The dual syringe is a closed sterile system that allows for the harvesting syringe to harvest the cells/tissue from a first location of a patient which is then centrifuged to aggregate the cells. The aggregated cell pellet is transferred to a transfer syringe. The cell pellet is then reinjected by the transfer syringe into the patient at a second location for therapeutic purpose. The percutaneous cannula permits insertion of a cannula, with the assistance of a needle, without the need of a surgical incision or trocar.",20180719,ADIMEND BIOSCIENCES LLC,GOLDEN JOE,A61B10/0283
US-2019054266-A1,Endotracheal Intubation and Supraglottic Airway Device,"An intubation and supraglottic airway medical device. The device includes an air tube for ventilation, and a tube for guiding a fiber-optic-probe-scope to the distal end of the device. The distal end of the device is configured with a balloon around the tube system and between a bottom plate and the tube system such that when inflated the distal end of the air-tube is moved and thereby positioning the air-tube distal opening in front of a laryngeal inlet. Additionally, the balloon forms a seal with the surrounding tissue. The device includes a drainage loop and an esophageal blocker preventing aspiration. The air tube distal end can include a lifting plate configured to lift an epiglottis when the balloon is inflated.",20190221,SUN YANG,SUN YANG,A61B1/00135
US-2018174068-A1,Method and process for providing a subject-specific computational model used for treatment of cardiovascular diseases,"A subject-specific simulation model of at least one component in the cardiovascular system for simulating blood flow and/or structural features. This simulation model can be used as a tool for cardiovascular diagnostic and/or treatment planning. The invention also regards non-invasive medical imaging of the cardiovascular system. The simulation model of a component in the cardiovascular system, for instance a pumping heart, is reconstructed by combining computational fluid dynamics (CFD) and/or fluid structure interaction (FSI) algorithms with medical imaging, such as for example ultrasound, MRI or CT. Such models make it possible to describe the complex flow phenomenon and provide flow details. The subject-specific model is a tool for clinical decision-making, an objective support for health care professionals in making decisions prior to surgery.",20180621,SINTEF TTO AS,DAHL SIGRID KAARSTAD,A61B5/0044
US-2018326211-A1,Methods and devices for adapting charge initiation for an implantable defibrillator,"Adaptive methods for initiating charging of the high power capacitors of an implantable medical device for therapy delivery after the patient experiences a non-sustained arrhythmia, and devices that perform such methods. The adaptive methods and devices adjust persistence criteria used to analyze an arrhythmia prior to initiating a charging sequence to deliver therapy. Some embodiments apply a specific sequence of X-out-of-Y criteria, persistence criteria and last even criteria before starting charging for therapy delivery.",20181115,CAMERON HEALTH INC,WARREN JAY A,A61N1/3956
US-2024008850-A1,Ultrasound remote diagnosis system and method thereof,"An ultrasound remote diagnosis system according to an embodiment of the present disclosure includes a main body including a main panel, a touch panel, and a control panel, and a remote device in communication with the main body, wherein the remote device is configured to: independently receive, among display data which is real-time image information of the main panel, first control data which is real-time image information of the touch panel, and second control data which is a virtual control panel corresponding to the control panel, at least each information corresponding to the display data and the first control data, from the main body; and the main body is configured to receive a marker information for measurement input to at least one of the display part, the first controller, and the second controller of the remote device and display on the main panel.",20240111,SAMSUNG MEDISON CO LTD,LEE SEUNG JU,A61B8/465
US-2024010638-A1,Improved synthesis of crac channel inhibitors,Provided herein is an improved synthetic method for the production of CRAC channel inhibitors. The synthetic method provides a method for producing highly pure CRAC channel inhibitors for clinical testing.,20240111,CALCIMEDICA INC,STAUDERMAN KENNETH,C07D405/04
US-2024257342-A1,Three-dimensional dental model segmentation quality assessment,"Provided herein are apparatuses (e.g., systems) and methods for automatically assessing a segmented 3D dental model. The segmented 3D dental model may be classified by a trained machine learning classifier (a trained neural network). In some cases, the segmented 3D dental model may be classified as a passing (acceptable) or failing (unacceptable) model. The machine learning classifier may be trained with labeled 3D dental models that illustrate passing and failing segmented 3D dental models.",20240801,ALIGN TECHNOLOGY INC,SEMENOV ANDREI,G06T19/20
US-2024281971-A1,Systems and methods for detecting cardiovascular anomalies using spatiotemporal neural networks,"Systems and methods are provided for processing image data generated by a medical imaging device such as an ultrasound or echocardiogram device and processing the image data using artificial intelligence and machine learning to determine a presence of one or more congenital heart defects (CHDs) and/or other cardiovascular anomalies in the image data and/or to determine key-point and/or contour detection. The image processing system may be used to detect CHDs and/or other cardiovascular anomalies in a fetus. The image data may be processed using a spatiotemporal convolutional neural network (CNN). The spatiotemporal CNN may include a spatial CNN for image recognition and a temporal CNN for processing optical flow data based on the image data. The outputs of the spatial CNN and the temporal CNN may be fused (e.g., using late fusion) to generate a likelihood of CHDs and/or other cardiovascular anomalies.",20240822,BrightHeart SAS,GARDELLA CHRISTOPHE,A61B8/488
US-2024299132-A1,Visualization of clinical orthodontic assets and occlusion contact shape,"Methods of representing user edits or modifications of a treatment plan for a dental apparatus (e.g., one or a series of aligners) by managing an original clinical data set and a set of modifications of the clinical data set. Also described herein are methods of displaying, condensing, storing and reconstructing collision regions between two or more teeth.",20240912,ALIGN TECHNOLOGY INC,YURYEV KONSTANTIN,G06T17/10
US-2024366183-A1,Real-time super-resolution ultrasound microvessel imaging and velocimetry,Described here are systems and methods for super-resolution ultrasound microvessel imaging and velocimetry. The systems and methods utilize deep learning and parallel computing to realize real-time super-resolution microvascular imaging and quantitative analysis and display.,20241107,UNIV ILLINOIS,SONG PENGFEI,A61B8/5207
US-2022211776-A1,Bifidobacterium Breve capable of relieving rheumatoid arthritis and application thereof,"The disclosure discloses a B. breve strain capable of relieving rheumatoid arthritis and application thereof, and belongs to the technical field of microorganisms. The disclosure screens out a B. breve strain CCFM1078, and the B. breve CCFM1078 has the effect of relieving rheumatoid arthritis, being specifically embodied in: significantly promoting secretion of anti-inflammatory factor IL-10 from RAW264.7 cells; significantly reducing the joint thickness, clinical score and incidence of rats with rheumatoid arthritis; significantly decreasing the levels of pro-inflammatory cytokines TNFα and IL-1β in the serum of rats with rheumatoid arthritis; significantly regulating the content of short-chain fatty acids in the feces of rats with rheumatoid arthritis; significantly decreasing the proportion of Th17 cells in the mesenteric lymph nodes of rats with rheumatoid arthritis; and significantly reducing secretion of pro-inflammatory factor IL-6 from synovial cells.",20220707,UNIV JIANGNAN,YANG BO,A61K35/745
US-2022386853-A1,Imaging catheter and imaging device,"An imaging catheter and an imaging device relate to a technical field of medical devices. The imaging catheter includes a metal wire tube, a tip and a retaining ring. A metal wire exposed at one end of the metal wire tube forms a conductive end, which is electrically connected with the tip so as to allow the metal wire to be used as a conductive medium to lead static electricity out of the tip, thereby reducing effects of static electricity on a photographing assembly at the tip, and the harm of static electricity to human body. The retaining ring covers the conductive end and is connected with the tip, so as to make the metal wire tube fixedly connected with the tip.",20221208,MICRO TECH NANJING CO LTD,LI XIAOCHUN,A61B1/05
US-2023000352-A1,"Device, system and method for real time monitoring and analysis of health parameters relating to non-communicable diseases","Present invention provide a system and a method for recording, evaluating, screening and monitoring life style associated Non-communicable diseases related data of a subject via an Integrated Medical Device (IMD) in real time, and sharing the same on a server, either local or cloud based, for fast, active sharing of data by remote users anytime anywhere.",20230105,ALL INDIA INST OF MEDICAL SCIENCES NEW DELHI,MITRA DIPENDRA KUMAR,A61B5/28
US-2023125604-A1,Anti-pacap antibodies and uses thereof,"The present invention is directed to antibodies and antigen binding fragments thereof having binding specificity for PACAP. The antibodies and antigen binding fragments thereof comprise the sequences of the VH, VL, and CDR polypeptides described herein, and the polynucleotides encoding them. Antibodies and antigen binding fragments described herein bind to and/or compete for binding to the same linear or conformational epitope(s) on human PACAP as an anti-PACAP antibody. The invention contemplates conjugates of anti-PACAP antibodies and binding fragments thereof conjugated to one or more functional or detectable moieties. Methods of making said anti-PACAP antibodies and antigen binding fragments thereof are also contemplated. Other embodiments of the invention contemplate using anti-PACAP antibodies, and binding fragments thereof, for the diagnosis, assessment, and treatment of diseases and disorders associated with PACAP and conditions where antagonism of PACAP-related activities, such as vasodilation, photophobia, mast cell degranulation, and/or neuronal activation, would be therapeutically beneficial.",20230427,H LUNDBECK AS,LOOMIS MARIA-CRISTINA,C07K14/70503
US-2023210435-A1,"Solid body of a biomedical device for acquiring physiological parameters of a patient, and related biomedical device","The present disclosure is directed to a solid body for a biomedical device, wearable by a patient and configured to acquire one or more physiological parameters of the patient. The solid body includes a first rigid portion, a second rigid portion and a connection portion of flexible type which couples the first and the second rigid portions to each other; and a control circuitry accommodated inside the first and/or the second rigid portions. The connection portion is interposed between the first and the second rigid portions, is integral therewith and is deformable so as to allow a relative movement of the first and the second rigid portions. The first and the second rigid portions are physically couplable to a first and to a second ECG electrode to couple the solid body to the torso of the patient. When the rigid portions are coupled to the ECG electrodes, the control circuitry is electrically coupled to the ECG electrodes and is configured to acquire, through the ECG electrodes, respective electrical signals indicative of said one or more physiological parameters.",20230706,ST MICROELECTRONICS SRL,GUMIERO ALESSANDRO,A61B5/282
US-2018237784-A1,Therapeutic Agents,"The present invention relates to identification of therapeutic agents for the treatment, diagnosis, and prevention of pulmonary hypertension.",20180823,IMPERIAL INNOVATIONS LTD,OLIVER-PEREZ EDUARDO,G01N2800/12
US-2018256537-A1,Methods for survival and rejuvenation of dermal fibroblasts using pkc activators,"The PKC activator bryostatin-1 and its analogs increase the survival of dermal fibroblast cells. Bryostatin and picolog, a synthetic analog, are used as candidate therapeutic agents for improving the appearance of aging skin, reducing scar tissue formation, and improving the acceptance of a clinical skin grafts.",20180913,KHAN TAPAN K,KHAN TAPAN K,A61K8/4973
US-2018362628-A1,Anti-malarial antibodies that bind circumsporozoite protein,"Antibodies that bind to the circumsporozoite protein (CSP) of Plasmodium falciparum. Use of such antibodies as anti-malarial agents, to confer protection against infection by malarial parasites such as P. falciparum by insect vector transmission. Diagnosis of malaria using anti-CSP antibodies. Methods of determining efficacy of candidate vaccine compositions in development and testing of anti-malarial vaccines.",20181220,KYMAB LTD,LIANG QI,C07K2317/92
US-2020069854-A1,Total heart assistance device,"The present invention relates generally to the field of cardiac, vascular system, and heart assistance devices. It provides the energy required to keep the blood flowing in the pulmonary and systemic circuits to a desired level, acting on one or more chambers. Actual problems of Total Artificial Heart pumping blood are design limitations, infection, hemorrhage, end organ failure, thromboembolism, device dysfunction, life span of diaphragms, and impossibility to restore the heart but with a transplant. The device is external and has four units replicating the natural heart and its dynamics, driving by a pneumatic transcutaneous system to provide the energy needed up to the desired working level of a healthy organ. Applications are on those types of surgical or clinical treatment of patients with Diastolic Heart Failure or used to treat Heart Failure with Reduced Ejection Fraction (Systolic Heart Failure), the device can be left connected permanently or for healing.",20200305,GUELLER SAMUEL,GUELLER SAMUEL,A61M2205/0216
US-2020261096-A1,Medical devices,"In at least one embodiment, a medical device can comprise an elongate outer sheath that extends along a sheath longitudinal axis and defines a central lumen extending therethrough, the elongate outer sheath can comprise a proximal sheath portion and a distal sheath portion. A first guidewire can comprise a first guidewire end and a second guidewire end, the first guidewire can extend from the first and second guidewire ends through the central lumen and can form a distal looped portion. An occlusion device can be disposed at a distal end of an elongate flexible shaft. The elongate flexible shaft can extend from the proximal sheath portion through the central lumen. The occlusion device can include a guide lumen through which the first guide wire passes.",20200820,ATRICURE INC,IBRAHIM TAMER,A61B2218/007
US-2021000880-A1,Methods of use of islet cells,"Type 2 diabetes (T2D) is a clinical syndrome caused by insufficient insulin secretion for insulin requirements. described herein are compositions and methods for microphysiological MPS models of disease (MODs) for diabetes. These platforms allow one to compare the effect of chronic β-cell stimulation in the presence and absence of patient specific immune cells in IPSC-derived islets from each group. Additionally, one can reproduce the T2D β-cell phenotype, using islets-on-chips will also be exposed to gluco-lipotoxicity. Likewise, skeletal muscle-on-chips are exposed to patient specific activated immune cells, variable motor neuron innervation and lipids characteristic of T2D.",20210107,CEDARS SINAI MEDICAL CENTER,SVENDSEN CLIVE,C12N2502/22
US-2021158511-A1,Hierarchical systems and methods for image segmentation,"Described herein are systems, methods and instrumentalities associated with image segmentation. The systems, methods and instrumentalities have a hierarchical structure for producing a coarse segmentation of an anatomical structure and then refining the coarse segmentation based on a shape prior of the anatomical structure. The coarse segmentation may be generated using a multi-task neural network and based on both a segmentation loss and a regression loss. The refined segmentation may be obtained by deforming the shape prior using one or more of a shape-based model or a learning-based model.",20210527,SHANGHAI UNITED IMAGING INTELLIGENCE CO LTD,GUO YIMO,G06T11/26
US-10112992-B2,"Antigens associated with endometriosis, psoriatic arthritis and psoriasis","Specific binding members that bind the ED-A isoform of fibronectin for use in methods of diagnosis, detection, imaging and/or treatment of endometriosis, and/or for use in delivery to the neovasculature of endometriotic tissue of a molecule conjugated to the specific binding member. Specific binding members that bind tenascin-C, especially the A1, A2, A3, A4 and/or D domain tenascin-C large isoform, for use in methods of diagnosis, detection, imaging and/or treatment of endometriosis, psoriatic arthritis or psoriasis, and/or for use in delivery to the neovasculature of endometriotic, psoriatic arthritic or psoriatic tissue of a molecule conjugated to the specific binding member.",20181030,PHILOGEN SPA,SCHWAGER KATHRIN,A61P29/00
US-10266647-B2,Biocompatible iodinated diphenol monomers and polymers,"Disclosed are monomeric compounds which may be polymerized to form novel biodegradable and bioresorbable polymers and co-polymers. These polymers and co-polymers, while not limited thereto, may be adapted for radiopacity and are useful for medical device applications and controlled release therapeutic formulations.",20190423,UNIV RUTGERS,BOLIKAL DURGADAS,C08G63/64
US-10653828-B2,Sealed infusion device with electrical connector port,"A portable medical device includes an interface for accepting a power supply and enabling data transfer while still connected to a human body. The interface may include a universal serial bus interface and may be coupled to a data isolation chip and a power isolation chip. A power controlling processor may determine how the supplied power, e.g., voltage, is supplied to other components within the infusion device. Additional circuitry within the system may provide a secure power transfer within the device to ensure user safety and ensure that a high frequency noise is properly attenuated.",20200519,TANDEM DIABETES CARE INC,BROWN JUSTIN,A61M2205/3569
US-2023070019-A1,Medical apparatus,"Medical apparatuses for securing, protecting, retaining, and/or concealing various medical devices such as catheters or electrical leads are disclosed herein. The medical apparatus can be a garment which for use by a patient having a central venous catheter in place. Medical garments as disclosed herein can be used for a wide variety of medical devices attached to a patient, by implantation or otherwise, for varying lengths of time. Medical garments described herein may be used with any of a variety of medical devices which include or comprise one or more conduits used for medical treatment or diagnosis, including conduits which comprise catheters as well as electrical conduits such as electrical leads.",20230309,Ben Guard Healthcare Solutions LLC,BENTLEY RHONDA MCPARTLAND,A61M2025/0206
US-2023360768-A1,Planning spinal surgery using patient-specific biomechanical parameters,"Methods and systems for evaluating the biomechanical properties of a subject&#39;s spine for the purpose of optimizing a potential surgical intervention by selecting or designing surgical hardware fora spinal correction procedure. The system uses a simulated dynamic analysis configured to analyze, predict and improve the outcome of the surgical procedure by taking into account physiological, biomechanical, and anatomical factors. Machine learning algorithms use the computed distribution of forces and moments on the subject&#39;s spine, and compare the subject&#39;s results with those of patients from a reference population. By analyzing the biomechanical parameters of individuals in the reference population and distinguishing those whose procedure succeeded versus those whose procedure failed, and comparing their biomechanical parameters to these of the individual under evaluation for a spinal surgery, the method is able to predict the chances for a successful surgery, recommend an optimal procedure and/or the optimal implant(s) configuration.",20231109,AGADA MEDICAL LTD,SHANNON SAMUEL,A61B2034/102
US-2024058001-A1,Surgical instrument battery pack with voltage polling,"A method of operating a medical device comprises electrically connecting a power device to the medical device. The method further comprises sensing at least one characteristic of one of the medical device with the power device. The method further comprises adjusting or maintaining one or more characteristics of an electrical connection feature the power device according to the at least one observed characteristic such that the electrical connection features of the power device and medical device are operationally compatible, and operating the power device according to an operational profile associated with the medical device.",20240222,CILAG GMBH INT,YATES DAVID C,H02J7/585
US-2022395222-A1,Systems and methods for detection and prevention of emergence of agitation,"Disclosed in the present disclosure is a method, system and apparatus for prediction, estimation and prevention of occurrence of agitation episode in a subject predisposed to agitation. The method comprises receiving, from a first monitoring device attached to a subject, physiological data of sympathetic nervous system activity in the subject and activity data of the subject; receiving, from a computing device, a plurality of indications associated with a plurality of agitation episodes of the subject; analyzing, using at least one machine learning model, the physiological data, the activity data, and the plurality of indications to determine a probability of an occurrence of an agitation episode of the subject; and sending a signal to a second monitoring device to notify the second monitoring device of the probability of the occurrence of the agitation episode of the subject such that treatment can be provided to the subject to decrease sympathetic nervous system activity in the subject.",20221215,BIOXCEL THERAPEUTICS INC,YOCCA FRANK D,A61B5/384
US-2020310098-A1,Method and apparatus for diagnostic analysis of the function and morphology of microcirculation alterations,"An intelligent vital microscopy, IVM, device is described. The IVM device includes: a receiver configured to receive at least one IVM image of a human microcirculation, MC, of an organ surface; a learning processor coupled to the receiver and configured to: process the at least one IVM image and extract at least one MC variable therefrom, and identify from the extracted at least one MC variable of the at least one IVM image at least one of: an underlying cause for an observed abnormality, an intervention, a disease state, a disease diagnosis, a medical state of the human; a presence of a pathogen; and an output coupled to the learning processor and configured to output the identification.",20201001,INCE CAN,INCE CAN,G06N3/0464
US-2018215813-A1,Anti-cgrp compositions and use thereof,"The present invention is directed to antibodies and fragments thereof having binding specificity for CGRP. Another embodiment of this invention relates to the antibodies described herein, and binding fragments thereof, comprising the sequences of the V H , V L  and CDR polypeptides described herein, and the polynucleotides encoding them. The invention also contemplates conjugates of anti-CGRP antibodies and binding fragments thereof conjugated to one or more functional or detectable moieties. The invention also contemplates methods of making said anti-CGRP antibodies and binding fragments thereof. Embodiments of the invention also pertain to the use of anti-CGRP antibodies, and binding fragments thereof, for the diagnosis, assessment and treatment of diseases and disorders associated with CGRP.",20180802,ALDERBIO HOLDINGS LLC,KOVACEVICH BRIAN ROBERT,A61P25/00
US-2018360372-A1,Method of identifying epileptic brain regions,"This disclosure provides methods, reagents, and diagnostic and prognostic markers useful for non-invasive identification, diagnosis, and therapeutic intervention in individuals with epilepsy. More particularly, the disclosure uses specific metabolites measured by magnetic resonance spectroscopy in brain tissue to detect epileptic brain regions.",20181220,UNIV ILLINOIS,LOEB JEFFREY A,A61B5/055
US-2018372722-A1,"METHOD FOR DETECTING miRNA-206 FOR ANALYZING THE DIAGNOSIS OR PROGNOSIS OF A MENTAL ILLNESS BY A MOOD DISORDER, METHOD FOR PROVIDING INFORMATION FOR THE DIAGNOSIS, AND A COMPOSITION FOR TARGETING miRNA-206","The present invention relates to a method for detecting miRNA-206 for analyzing the diagnosis or prognosis of a mental illness by a mood disorder, a method for providing information for the diagnosis, and a composition for targeting miRNA-206, more specifically, the present invention can detect diagnosis or prognostic analysis marker of the said mental illness by a mood disorder, enable a more accurate diagnosis of a mental illness by a mood disorder by measuring the expression level of miR-206 from a tissue sample of a patient, provide a diagnostic composition capable of measuring the expression level of the said miR-206, and furthermore provide a pharmaceutical composition capable of treating and preventing a mental illness by a mood disorder by using an oligonucleotide that can bind complementary to microRNA-206.",20181227,ADVANCED NT,CHU KON,A61P25/24
US-2019167721-A1,"Single-chain antibody specifically binding mg7, highly glycosylated cea and use thereof in detection and therapy","The present invention provides a glycosylated CEA-specific single-chain antibody, and a chimeric antigen receptor (CAR) targeting a glycosylated CEA, which can be used in manufacture of an agent or a medicament for diagnosis or treatment of a tumor overexpressing glycosylated CEA.",20190606,CHINESE PEOPLE'S LIBERATION ARMY AIR FORCE MILITARY MEDICAL UNIV,FAN DAIMING,G01N33/575
US-2023068832-A1,Curcuminoid chemotherapeutic drug carrier composition,"Silica nanocarriers hybridized with superparamagnetic iron oxide nanoparticles (“SPIONs”) and curcumin through equilibrium or enforced adsorption technique. Methods for dual delivery of SPIONs and curcumin to a target for diagnosis or therapy, for example, for SPION-based magnetic resonance imaging or for targeted delivery of curcumin to a cell or tissue. The technique can be extend to co-precipitation of mixed metal oxide involving Ni, Mn, Co and Cu oxide. The calcination temperature can be varied from 500-900° C. The nanocombination is functionalized with chitosan, polyacrylic acid, PLGA or another agent to increase its biocompatibility in vivo.",20230302,UNIV IMAM ABDULRAHMAN BIN FAISAL,JERMY B RABINDRAN,A61K49/0428
US-2023371857-A1,Detecting an analyte in a body fluid,"A medical device for detecting at least one analyte in a body fluid is disclosed. The medical device comprises:
         at least one analyte sensor having an insertable portion adapted for at least partially being inserted into a body tissue of a user,   at least one insertion cannula, wherein the analyte sensor at least partially is placed inside the insertion cannula;   at least one housing, wherein the housing comprises at least one sensor compartment, wherein the sensor compartment forms a sealed compartment receiving at least the insertable portion of the analyte sensor, wherein the sealed compartment comprises at least one detachable upper cap and at least one detachable lower cap, wherein the detachable lower cap is configured for detachment before insertion, thereby opening the insertable portion for insertion, wherein the insertion cannula is attached to the detachable upper cap, wherein the detachable upper cap is configured for detachment after insertion, thereby removing the insertion cannula; and   at least one electronics unit, wherein the analyte sensor is operably connected to the electronics unit, wherein the electronics unit comprises at least one interconnect device with at least one electronic component attached thereto, wherein the interconnect device fully or partially surrounds the housing.",20231123,ROCHE DIABETES CARE INC,WALTER HELMUT,A61B5/1473
CN-113144319-A,Intelligent blood activating instrument,"The intelligent blood activating instrument is short for medical intelligent ultraviolet irradiation oxygenation autoblood transfusion therapy (UBIO). Can be used for clinical treatment of bacterial, fungal and viral infection, immunologic hypofunction, poisoning, etc. The novel coronavirus (COVID-19) is a virus, a re-mutation or a virus, and is effective for ultraviolet irradiation treatment according to the characteristics of the virus. UBIO is also effective in treating ischemia, hypoxic diseases, diabetes and complications. The invention is composed of a reciprocating blood circulation system; an oxygen delivery exhaust system; an ultraviolet irradiation system; a bracket system of the movable blood activation chamber and a software working program system of the intelligent blood activation instrument. The invention is characterized in that the closed blood reciprocating circulation ultraviolet irradiation is automatically and continuously carried out, which is more in line with the medical specification.",20210723,PENG LUOMIN,PENG LUOMIN,A61M1/3621
CN-113271985-A,Method for diagnosing dopaminergic and movement disorders,The present disclosure relates to methods of using radiolabeled DatT020 or a derivative thereof to determine whether a subject not exhibiting any clinical symptom of a dopaminergic disorder has the dopaminergic disorder.,20210817,LIKEMINDS INC,RICE KENNETH L,A61K51/0448
US-2018251436-A1,"Certain (2s)-n-[(1s)-1-cyano-2-phenylethyl]-1,4-oxazepane-2-carboxamides as dipeptidyl peptidase 1 inhibitors","The present disclosure relates to certain (2S)-N-[(1S)-1-cyano-2-phenylethyl]-1,4-oxazepane-2-carboxamide compounds (including pharmaceutically acceptable salts thereof), 
     
       
         
         
             
             
         
       
     
     that inhibit dipeptidyl peptidase 1 (DPP1) activity, to their utility in treating and/or preventing clinical conditions including respiratory diseases, such as asthma and chronic obstructive pulmonary disease (COPD), to their use in therapy, to pharmaceutical compositions containing them and to processes for preparing such compounds.",20180906,ASTRAZENECA AB,LONN HANS ROLAND,A61P43/00
US-2020221951-A1,Methods and systems for an integrated telehealth platform,"In one aspect, a computerized method useful for implementing a language neutral virtual assistant includes the step of providing a set of digital medical devices. The set of digital medical devices obtains a specified medical sensor information from a patient and communicates the specified medical sensor information to one or more remote entities. The method includes the step of providing a set of tele-health devices. The set of tele-health devices communicates an audio-video data of a tele-health session to the one or more remote entities. The method includes the step of creating an open Device Integration Layer (DIL), wherein the DIL communicates with the set of digital medical devices. The DIL communicates with the set of tele-health devices in a tele-health session. The method includes the step of with the DIL, parsing and translating a digital output of the medical device data of the set of digital medical devices and the set of tele-health devices. The method includes the step of with the DIL, optimizing and compressing the translated digital output of the medical device data of the set of digital medical devices and the set of tele-health devices. The method includes the step of with the DIL, integrating the translated digital output of the set of digital medical devices regardless of any output format of any of the digital medical devices. The method includes the step of providing a user interface of a medical provider&#39;s computing system. The integrated data of the set of digital medical devices is represent by each type of digital medical devices in a canonical form with the audio-video data of the tele-health session.",20200716,AMBLE RAVI,AMBLE RAVI,G16H80/00
US-2020299530-A1,Thermoplastic polyurethane compositions for solid freeform fabrication of oral care and medical devices and components,"The invention relates to compositions and methods for solid freeform fabrication of oral care or medical devices, components and applications, in which the composition includes a thermoplastic polyurethane which is particularly suited for such processing. The useful thermoplastic polyurethanes are derived from (a) an aromatic diisocyanate component, (b) a chain extender component, and an optional polyol component.",20200924,LUBRIZOL ADVANCED MAT INC,GREEN JENNIFER,C09D11/30
US-2021000375-A1,"Systems, methods and devices for sensing emg activity","Some embodiments of the present disclosure are directed to methods, systems and probe devices for detecting EMG activity. In some embodiments, such methods, systems and devices are used in aiding the diagnosis of Obstruction Sleep Apnea (OSA). In some embodiments, a probe is provided and comprises an elongated member configured with a size and shape for placement adjacent at least one of the soft palate and pharyngeal wall of the patient after insertion of the probe into the patient. The probe may also include at least one sensor configured to sense at least EMG activity of muscle layers of at least one of the soft palate and pharyngeal wall and output sensor signals corresponding thereto. The signals may be monitored for EMG activity, and based on such activity, in some embodiments, a determination of whether the sensor signals of the detected EMG activity correspond to spontaneous EMG activity and/or abnormal motor unit potentials (MUPs).",20210107,POWELL MANSFIELD INC,POWELL NELSON,A61B5/397
US-2021045723-A1,Sheath-dilator system and uses thereof,"A medical device includes a sheath having a proximal end and a distal end, the sheath having an opening at both the proximal end and the distal end, and a removable dilator having a distal end and a proximal end, the dilator having at least one blood detector disposed on a tapered portion of the distal end of the dilator, the dilator positionable within the sheath such that the tapered portion of the distal end of the dilator extends through the opening in the distal end of the sheath, the proximal end of the dilator extends through the opening in the proximal end of the sheath, and at least a portion of the at least one blood detector is adjacent to the distal end of the sheath.",20210218,VIVASURE MEDICAL LTD,MARTIN CHRISTOPHER,A61M25/0662
US-2021077304-A1,Functional fabric devices having integrated sensors,"Provided herein are smart functional fabrics and therapeutic/diagnostic garments which utilize flexible wireless electronic devices to enhance functionality, for example, by measuring key therapy parameters and providing data to clinicians, and methods utilizing such devices. The provided methods are designed to avoid patient discomfort and decrease harm or irritation caused by garments which utilize bulkier, more rigid sensors. Additionally, the described devices are multiplexed to allow for sensing of multiple parameters of therapeutic interest and combinations of measured data for new clinical metrics.",20210318,UNIV NORTHWESTERN,XU SHUAI,H04B5/26
US-2021095044-A1,Motile sperm domain containing protein 2 and cancer,"Disclosed herein are methods of treating, reducing the incidence of, or preventing one or more activities in or of a cancer cell, methods of treating, reducing the incidence of, or preventing migration or metastasis of a cancer cell, methods of treating, reducing the incidence of, or preventing a cancer by reducing tumor associated macrophages (TAMs) or their migration, and methods of treating, reducing the incidence of, or preventing a cancer (including metastatic cancer), for example, with an inhibitor of Motile Sperm Domain containing Protein 2 (MOSPD2). Also disclosed are inhibitors of MOSPD2 (e.g., anti-MOSPD2 antibodies or antigen binding fragments thereof) and pharmaceutical compositions containing MOSPD2 inhibitors. Also disclosed are methods for the prediction, diagnosis, or prognosis of cancer, cancer metastasis, tumor progression, or tumor invasiveness in a subject.",20210401,VASCULAR BIOGENICS LTD,MENDEL ITZHAK,G01N33/5759
US-2021153853-A1,"Manual operation unit, and manual operation group for a medical device","A manual operation unit and a manual operation group of a medical device (D), which can be used on an endoscope (E); wherein the operation unit ( 2 ) has a supporting body ( 7; 121; 121′; 121   b ′), which is configured to adhere, in use, to an area of the user&#39;s hand, in particular a finger; and a retaining portion ( 8; 122   a;    122   a′;    122   b ′), which is connected to said supporting body ( 7; 121; 121′; 121   b ′) and configured to be hooked, in use, to the medical device (D).",20210527,ENDOKEY S R L,CENNAMO VINCENZO,A61B2017/00818
WO-2022118939-A1,カメラ、呼吸器感染症に関する学習済みモデルの生成方法、呼吸器感染症に関する学習済モデル、呼吸器感染症に関する自動診断方法、並びにコンピュータプログラム,"Provided is a camera which can capture an image that is usable for image diagnosis for a respiratory infection.　The camera comprises a lens 11, an imaging element 12, a first light source 31a, a second light source 31b, a first polarization plate 32, and a second polarization plate 33. Illumination light output from the first light source 31a passes through the first polarization plate 32 and becomes polarization light, and image light generated by hitting an object to be imaged passes through the lens 11 and the second polarization plate 33 and is imaged by the imaging element 12. Illumination light output from the second light source 31b does not pass the first polarization plate 33 and remains as natural light, and the image light passes through the lens 11 and the second polarization plate 33 and is imaged by the imaging element 12. An imaging range of the imaging element 12 is a range including a posterior wall portion of a pharynx, left and right anterior faucial arch, and the uvula.",20220609,YAMAMOTO MASAO,YAMAMOTO MASAO,G01N21/27
WO-2023186155-A1,Digestive tract simulation capsule and preparation method therefor,"The present application provides a digestive tract simulation capsule and a preparation method therefor. The digestive tract simulation capsule comprises a core layer located in the middle, and a coating layer wrapping the core layer. The core layer is composed of a pharmaceutical excipient and a disintegrant, the pharmaceutical excipient and the disintegrant being both dissolved in a digestive juice; the coating layer is composed of a filler, a sustained-release agent, an adhesive, a flow enhancer and a lubricant, the adhesive being composed of a water-soluble polymer. Under the action of the digestive juice, the adhesive is dissolved so as to form pore microchannels communicating the inside and the outside of the coating layer. The digestive tract simulation capsule is simple, easy to implement, safe and harmless, and a patient can use the digestive tract simulation capsule to detect the smoothness of small intestine before capsule endoscopy examination, thereby providing a powerful support for clinical use of the capsule endoscope.",20231005,ANKON MEDICAL TECH SHANGHAI CO LTD,SONG HONGJIAO,A61K49/00
WO-2024194421-A1,Formulations comprising polysorbate,"Formulations comprising polysorbate and citrate are disclosed. Also disclosed are uses of citrate to prevent degradation of polysorbate in an aqueous formulation and methods for preparing a composition, for example a composition comprising peptide/polypeptide for use in therapy, prophylaxis and/or diagnosis.",20240926,BOEHRINGER INGELHEIM INT,SCHMID KATRIN,C07K2317/94
WO-2024206972-A1,Compounds and combinations for diagnosing and treating melanoma and methods related to the same,"The present inventive concept relates to compounds and combinations for diagnosing and treating melanoma and methods related to the same involving combining MC1R-TRT and ICIs for melanoma treatment and provide novel treatments for metastatic melanoma. This inventive concept provides clinicians with novel valuable imaging tools to identify MC1R-positive patients who will benefit from the treatments, determine patient-specific dosimetry for safe and efficacious doses, and monitor patient responses to MC1R-TRT and ICIs treatments. This inventive concept will pave the way for use of this novel treatment in FDA-approved clinical trials, provide patients with personalized diagnoses and treatments, enhance diagnosis, treatment, and a cure for metastatic melanoma patients.",20241003,UNIV COLORADO REGENTS,MIAO YUBIN,A61K2039/507
US-9926380-B2,Monoclonal antibodies for use in diagnosis and therapy of cancers and autoimmune disease,The specification describes the sequences for antibodies that recognize the HLA-A2-restricted peptide PR-1 in the context of HLA presentation on the surface of cancer cells. Use of these antibodies in the diagnosis and treatment of cancer and immune-related diseases are also provided.,20180327,UNIV TEXAS,MOLLDREM JEFFREY,A61P35/02
US-11282605-B2,Intraocular lenses that improve post-surgical spectacle independent and methods of manufacturing thereof,"A Bayesian model for predicting spectacle independence of one or more IOLs based on pre-clinical data (e.g., visual acuity value for one or more defocus values) of an IOL. The Bayesian model is trained to assign appropriate weights for different combinations of defocus values.",20220322,AMO GRONINGEN BV,ROSÉN ROBERT,A61F2/16
US-11724008-B2,Hydrophilic medical device,"A medical device, such as a catheter, is disclosed, comprising a substrate and having on its surface, on at least a part thereof, a hydrophilic surface layer providing low-friction surface character of the medical device when wetted by a wetting fluid. At least one base layer of the substrate, including the hydrophilic surface layer, is made of a polymer blend comprising at least one base polymer and at least one hydrophilic polymer, and wherein the concentration of the at least one hydrophilic polymer is higher in the hydrophilic surface layer than in the rest of the base layer. A method for producing such a medical device is also disclosed.",20230815,DENTSPLY IH AB,LUNDAHL JOHAN,A61L29/085
US-2024023858-A1,Systems and methods for human-machine partnered ptsd prediction,"Provided is a method for predicting a PTSD diagnosis in a patient comprising receiving audio input data from a patient; determining one or more audio input indicators based on the audio input data, wherein each audio input indicator of the one or more audio input indicators represents a likelihood of a positive PTSD diagnosis based on the audio input data; receiving clinical assessment data from the patient; determining one or more clinical assessment indicators based on the clinical assessment data, wherein each clinical assessment indicator of the one or more clinical assessment indicators represents a likelihood of a positive PTSD diagnosis based on the clinical assessment data; combining the one or more audio input indicators and the one or more clinical assessment indicators using a prediction model chosen by a clinician; and determining a PTSD diagnosis in the patient based on the audio input data and the clinical assessment data.",20240125,MITRE CORP,HU QIAN,A61B5/165
US-2024173130-A1,Rotational Detachable Outer Catheter,"A delivery system for delivering an implantable medical device, such as a prosthetic heart valve, intravascularly to a target site, such as a heart valve annulus in a patient. The system includes an outer sheath, a connecting arm connected to the outer sheath, a valve cover at the distal end of the outer sheath and a steering catheter within the outer sheath. A handle is connected to the steering catheter so that rotation of the handle rotates the steering catheter. A coupling mechanism has a first condition rotationally coupling the outer sheath to the steering catheter, and a second condition in which the outer sheath is rotationally uncouple from the steering catheter.",20240530,CEPHEA VALVE TECH INC,MCNIVEN SEAN A,A61F2/2439
US-2024225768-A9,Packaging System With Folded Sidewalls,"A packaging system utilizing a thin, planar sheet of material that is folded to have a base and at least three sidewalls. At least one mounting feature is integrated into at least one sidewall to secure at least one medical device component, wherein the at least one medical device component is mountable onto the at least one sidewall.",20240711,WORLDWIDE INNOVATIVE HEALTHCARE INC,ZUROVCIK DANIELLE R,B65D5/5007
US-2024145142-A1,Magnetic retention device,"An apparatus, including an external component of a medical device configured to generate a magnetic flux that removably retains, via a resulting magnetic retention force, the external component to a recipient thereof, wherein the external component is configured to enable the adjustment of a path of the generated magnetic flux so as to vary the resulting magnetic retention force.",20240502,GUSTAFSSON JOHAN,GUSTAFSSON JOHAN,H01F7/02
US-2024285529-A1,Methods of creating a slurry using liposome emulsions,"Disclosed herein is a composition comprising: an amount of water; a non-water-soluble substance; and a first excipient, wherein the composition is configured to form a flowable ice slurry when exposed to freezing temperatures. Also disclosed herein is a method of preparing a cold slurry for administration to a patient at a clinical point of care, the method comprising: preparing a composition comprising a plurality of lipid particles; adding an excipient to the composition, wherein the excipient is configured to reduce the freezing point of a volume external to the plurality of lipid particles and of a volume internal to the plurality of lipid particles; and cooling the composition to a predetermined temperature such that the cold slurry is formed, wherein the cold slurry comprises a plurality of ice particles.",20240829,BRIXTON BIOSCIENCES INC,SABIR SAMEER,A61B18/02
US-2024293530-A1,Multivalent influenza nanoparticle vaccines,Disclosed herein are multivalent nanoparticle vaccine compositions suitable for use in influenza vaccines. The nanoparticles include effective amounts of influenza glycoproteins that provide increased immune responses compared to a commercially available influenza vaccine composition. The present disclosure also provides vaccine formulation strategies that are cost effective and are convenient for clinical use. Methods of administering the nanoparticle vaccine compositions to a subject are also disclosed.,20240905,NOVAVAX INC,BODDAPATI SARATHI,A61K2039/5258
US-2024302373-A1,Cytomics-on-a-chip tool and diagnostic model for oral lichenoid conditions,"Aspects of the present invention relate to a method of assessing disease in a subject comprising identifying at least one cellular phenotype characteristic of one or more cells in a sample of the subject, identifying at least one clinical characteristic of the subject, using the at least one cellular phenotype characteristic and the at least one clinical characteristic to assess a presence of oral lichenoid conditions (OLC) in the subject. In some embodiments, the OLC is oral lichen planus (OLP) and oral lichenoid lesions (OLL). In some embodiments, the at least one clinical characteristic is selected from the group consisting of: lesion involvement, lesion appearance, lesion area, lesion color and lesion location.",20240912,UNIV NEW YORK,MCDEVITT JOHN T,G01N33/57557
US-2024352120-A1,Costimulatory b7-h1 in renal cell carcinoma patients: indicator of tumor aggressiveness and potential therapeutic target,"The invention features methods of diagnosis by assessing B7-H1 expression in a tissue from a subject that has, or is suspected of having, cancer, methods of treatment with agents that interfere with B7-H1-receptor interaction, methods of selecting candidate subjects likely to benefit from cancer immunotherapy, and methods of inhibiting expression of B7-H1.",20241024,MAYO FOUND MEDICAL EDUCATION & RES,CHEN LIEPING,G01N33/57557
US-2022338923-A1,Personalized heart rhythm therapy,"Disclosed includes a body surface device for diagnosing locations associated with electrical rhythm disorders to guide therapy. The device can sense electrical signals and determine multiple sites that may be operative in that patient. The patch may encompass the heart regions from where the heart rhythm disorder originates. The patch comprises an array of electrodes configured to detect electrical signals generated by a heart. A controller may determine the locations of interest based on detected electrical signals. The controller is configured to locate these regions relative to the surface patch. The system may be coupled to a sensor or therapy device inside the heart, to guide this device to a region of interest. The controller is further configured to instruct the operator to use the trigger or source information to treat the heart rhythm disorder in an individual using additional clinical data and methods for personalization such as machine learning.",20221027,PHYSCADE INC,BORT MIGUEL RODRIGO,A61B5/341
US-2020121893-A1,Medical device,"The invention provides a medical device or the like including an elongated medical device body; a first operating line and a second operating line that are inserted in an axial direction of the medical device body; and a bending operating part for performing a bending operation of a distal end part of the medical device body by pulling the first operating line and the second operating line, at an intermediate part and a proximal end part in the axial direction of the medical device body, the first operating line and the second operating line extending in parallel so as to be spaced apart from each other in a circumferential direction of the medical device body, and at a distal end part in the axial direction of the medical device body, the first operating line and the second operating line being curved and joined together so as to approach each other in the circumferential direction of the medical device body gradually toward a distal end side.",20200423,SUMITOMO BAKELITE CO,KANEMASA KENICHI,A61M2025/015
US-2020248205-A1,Adeno-associated virus variant capsids and methods of use thereof,"Provided herein are variant adeno-associated virus (AAV) capsid proteins having one or more modifications in amino acid sequence relative to a parental AAV capsid protein, which, when present in an AAV virion, confer increased infectivity of one or more types of muscle cells as compared to the infectivity of the muscle cells by an AAV virion comprising the unmodified parental AAV capsid protein. Also provided are recombinant AAV virions and pharmaceutical compositions thereof comprising a variant AAV capsid protein as described herein, methods of making these rAAV capsid proteins and virions, and methods for using these rAAV capsid proteins and virions in research and in clinical practice, for example in, e.g., the delivery of nucleic acid sequences to one or more muscle cells for the treatment of muscle disorders and diseases.",20200806,4D MOLECULAR THERAPEUTICS INC,KIRN DAVID H,C12N2750/14122
US-2020305917-A1,Nested forceps subassemblies and methods of assembly,"Methods of assembling a medical device including pivotably connecting a coupling link to a first lever. The coupling link including a main body and a tab extending away from the main body. The first lever having a first pivot and a boss. The method further including nesting the first lever and the coupling link with a second lever such that a recess in the second lever is supported by the boss, and such that an inner surface of the second lever is supported by the coupling link to provide a portion of the medical device in a sub-assembled state.",20201001,GYRUS ACMI INC DBA OLYMPUS SURGICAL TECHNOLOGIES AMERICA,WARD ZANE R,A61B2017/2916
US-2020397779-A1,Methods for the Administration of Certain VMAT2 Inhibitors,"Provided is a method of administering a vesicular monoamine transport 2 (VMAT2) inhibitor to a patient in need thereof, wherein the patient experiences one or more clinically significant parkinson-like signs or symptoms.",20201224,NEUROCRINE BIOSCIENCES INC,LIANG GRACE S,A61K31/4745
US-2021407077-A1,Information processing device and model generation method,"To provide an information processing device and the like for presenting a determination reason together with a determination result regarding a disease. The information processing device includes: an image acquisition unit that acquires an endoscope image; a first acquisition unit that inputs the endoscope image acquired by the image acquisition unit to a first model that outputs diagnosis criteria prediction regarding diagnostic criteria of disease when the endoscope image is input, and acquires the output diagnosis criteria prediction; and an output unit that outputs the diagnosis criteria prediction acquired by the first acquisition unit in association with the diagnosis prediction regarding a state of the disease acquired based on the endoscope image.",20211230,HOYA CORP,MAKINO TAKAO,G06N3/0464
US-2022226510-A1,Stimuli-responsive nanoparticles for biomedical applications,"Stimuli-responsive NPs with excellent stability, high loading efficiency, encapsulation of multiple agents, targeting to certain cells, tissues or organs of the body, can be used as delivery tools. These NPs contain a hydrophobic inner core and hydrophilic outer shell, which endows them with high stability and the ability to load therapeutic agents with high encapsulation efficiency. The NPs are preferably formed from amphiphilic stimulus-responsive polymers or a mixture of amphiphilic and hydrophobic polymers or compounds, at least one type of which is stimuli-responsive. These NPs can be made so that their cargo is released primarily within target certain cells, tissues or organs of the body, upon exposure to endogenous or exogenous stimuli. The rate of release can be controlled so that it may be a burst, sustained, delayed, or a combination thereof. The NPs have utility as research tools or for clinical applications including diagnostics, therapeutics, or combination of both.",20220721,BRIGHAM & WOMENS HOSPITAL INC,XU XIAODING,A61K9/1273
US-2021330409-A1,Surgical Robot and Method for Setting Pivot Position,"In a surgical robot, a pivot position teaching button is pressed with a tip end of a medical device moved to a position corresponding to an insertion position of a trocar inserted into a body surface of a patient such that a pivot position is stored in a storage.",20211028,KAWASAKI HEAVY IND LTD,KITATSUJI HIROAKI,A61B2034/2059
US-2021365815-A1,Artificial intelligence and/or virtual reality for activity optimization/personalization,Optimizing and/or personalizing activities to a user through artificial intelligence and/or virtual reality.,20211125,P TECH LLC,BONUTTI PETER M,G06N3/045
US-11859234-B2,Method of monitoring RNase L activity,"The present disclosure relates, in general, to a method for generating chimeric DNA derived from RNase L cleavage products in a sample, and detection of such RNase L cleavage products for diagnosis and treatment of inflammation and infection in a subject.",20240102,UNIV PRINCETON,KORENNYKH ALEXEI,C12Q1/44
US-11986268-B2,System and method for the discrimination of tissues using a fast infrared cancer probe,"Disclosed are systems and methods utilizing an infrared probe and discriminating software to rapidly discriminate abnormal tissue processes from normal tissue during surgery, physical examination of in-situ lesions, and in the assessment of biopsy and resected tissue specimens. Examples demonstrate discrimination of cancerous from noncancerous tissues. The discriminating software, i.e. the metrics, algorithms, calibrant spectra, and decision equations, allows tissue to be identified as abnormal or normal using a minimum of infrared (IR) wavelengths in order to be measured rapidly. The probe records IR metrics approximately 1000 times faster than current commercial instruments, i.e. on a timescale fast enough for clinical use. The probe uses a tunable mid-infrared laser with a small set of selected wavelengths that are optimized for detecting the chemical and molecular signatures of tissue specific lesions to include, but not limited to, cancer, preneoplasia, intracellular accumulations (e.g. steatosis), inflammation, and wound healing.",20240521,OHIO STATE INNOVATION FOUNDATION,COE JAMES,A61B5/0075
US-12096981-B2,Ophthalmologic image processing device and non-transitory computer-readable storage medium storing computer-readable instructions,"A processor of an ophthalmologic image processing device acquires an ophthalmologic image photographed by an ophthalmologic image photographing device. The processor inputs the ophthalmologic image into a mathematical model trained by a machine learning algorithm to acquire a result of an analysis relating to at least one of a specific disease and a specific structure of a subject eye. The processor acquires information of a distribution of weight relating to an analysis by a mathematical model, as supplemental distribution information, for which an image area of the ophthalmologic image input into the mathematical model is set as a variable. The processor sets a part of the image area of the ophthalmologic image, as an attention area, based on the supplemental distribution information. The processor acquires an image of a tissue including the attention area among a tissue of the subject eye and displays the image on a display unit.",20240924,NIDEK KK,TAKENO NAOKI,G06T2207/30041
US-12178616-B2,Method of determining brain activity and electronic device performing the method,"An electronic device according to an example embodiment includes a processor, and a memory operatively connected to the processor and including instructions executable by the processor, wherein when the instructions are executed, the processor is configured to collect an EEG signal measuring brain activity and an fNIRS signal measuring the brain activity, and output a result of determining a type of the brain activity from a trained neural network model using the EEG signal and the fNIRS signal, and the neural network model may be trained to, extract an EEG feature from the EEG signal, extract an fNIRS feature from the fNIRS signal, extract a fusion feature based on the EEG signal and the fNIRS signal, and output the result of determining the type of the brain activity based on the EEG feature and the fusion feature.",20241231,FOUND RES & BUSINESS SEOUL NAT UNIV SCI & TECH,KIM SEONG EUN,A61B5/0075
US-2022152271-A1,Compositions and methods for 3d printed fibrous scaffolds with antimicrobial properties incorporating graphene oxide and poly(e-caprolactone),"A composition of Poly(e-caprolactone)—PLC—and Graphene Oxide (GO) for use in killing bacteria that cause infections in patients implanted with medical devices, for example Staphylococcus epidermidis and Escherichia coli. Also disclosed is a method for constructing PLC/GO fibers and fibrous scaffolds by additive manufacturing and wet spinning, employing the composition and for example 3D printing. The method and compositions can be developed to produce a fibrous scaffold in which fiber diameter and PLC/GO concentrations are such that GO sheets are incorporated but at the same time exposed at the polymer surface, coffering bactericidal properties to the material, while keeping biocompatibility. Also disclosed is a fibrous PLC/GO bactericidal scaffold and the implanted medical devices having such scaffold. The composition, method, scaffold and medical devices may be used to achieve PLC/GO scaffolds and medical devices with bactericidal properties that have reduced risk of implant-associated infections.",20220519,INST DE ENGENHARIA BIOMEDICA INEB,FERREIRA MELO SOFIA,B29L2031/7532
US-2021238152-A1,"Certain (2s)-n-[(1s)-1-cyano-2-phenylethyl]-1,4-oxazepane-2-carboxamides as dipeptidyl peptidase 1 inhibitors","The present disclosure relates to certain (2S)—N-[(1S)-1-cyano-2-phenylethyl]-1,4-oxazepane-2-carboxamide compounds (including pharmaceutically acceptable salts thereof),that inhibit dipeptidyl peptidase 1 (DPP1) activity, to their utility in treating and/or preventing clinical conditions including respiratory diseases, such as asthma and chronic obstructive pulmonary disease (COPD), to their use in therapy, to pharmaceutical compositions containing them and to processes for preparing such compounds.",20210805,ASTRAZENECA AB,LÖNN Hans Roland,A61P11/14
US-2019282190-A1,Radiographic Imaging Apparatus,"[Solving Means] A region-of-interest extraction unit 39 extracts a predetermined region as a region-of-interest from each of a series of two-dimensional images. The reconstruction unit 41 reconstructs a three-dimensional image of a region including a stent based on each of the images of the portion corresponding to the region-of-interest. That is, since the reconstruction unit 41 reconstructs each of a series of two-dimensional images P using an image of the region-of-interest corresponding to a part of the whole, the time required to reconstruct the three-dimensional image of the region including the stent can be shortened. As a result, since three-dimensional image data can be quickly obtained for the region requiring the reconstruction, the time required for diagnosis can be greatly shortened, which can reduce the burden on a surgeon and a subject.",20190919,SHIMADZU CORP,DARGIS MICHEL,G06T2207/10081
CN-118079002-A,抑制Rap1a基因表达的试剂在制备预防应激性情绪损伤的药物中的应用,"The invention discloses application of an agent for inhibiting Rap1a gene expression in preparation of a medicament for preventing stress emotion injury, and relates to the fields of biotechnology and medicine. The invention successfully constructs adeno-associated virus AAV-shRap a for knocking down the Rap1a gene, and a mouse experiment proves that the Rap1a can be knocked down to regulate the expression of neuroinflammation factors, and further can improve stress-induced emotional injury by weakening neuroinflammation, thereby playing a role in resisting and treating stress-induced emotional injury. The invention proves that the reagent for inhibiting the expression of the Rap1a gene can be used for preparing the medicine for treating the stress emotion injury, and simultaneously, the invention provides a theoretical basis for clinically treating the stress emotion injury.",20240528,INST MILITARY MEDICINE ACADEMY MILITARY SCIENCES PLA,QIAN LINGJIA,A61P25/00
CN-118105051-A,一种心肺功能监测的康复云平台系统,"The invention relates to the technical field of neural network model monitoring, in particular to a rehabilitation cloud platform system for monitoring cardiopulmonary function. The system comprises an acquisition module, a processing module and a processing module, wherein the acquisition module is used for acquiring heart rate data and other physical characteristic data affecting heart rate variation and determining the noise degree of the heart rate data at each moment; the heart rate prediction module is used for determining a prediction error coefficient of each moment except the first moment, and the analysis module is used for constructing a time sequence heart rate fluctuation model and determining a predicted heart rate of the moment next to the current moment based on the neural network model and the time sequence heart rate fluctuation model; and the monitoring module is used for determining a corrected predicted heart rate and taking the corrected predicted heart rate as a heart and lung function monitoring result. The heart-lung function monitoring method and device can combine the change of other physical characteristic data, the neighborhood numerical fluctuation of heart rate data and the fluctuation analysis of whole heart rate data, improve the accuracy of correcting and predicting heart rate, improve the objectivity and reliability of heart-lung function monitoring results and enhance the heart-lung function monitoring effect.",20240531,ZHIXINJIAN NANJING TECH CO LTD,LI HUI,G06N3/08
CN-118178436-A,三七皂苷r1在制备预防或治疗非酒精性脂肪肝病药物中的应用,"The invention relates to notoginsenoside R1, in particular to application of notoginsenoside R1 in preparation of a medicine for preventing or treating non-alcoholic fatty liver disease. Experiments prove that the notoginsenoside R1 has a remarkable improvement effect on a mouse NAFLD model induced by methionine high-fat diet (CDAHFD) with deficiency of choline. The notoginsenoside R1 can effectively relieve liver morphological changes such as liver volume increase, surface roughness and the like, and improve liver lipid drop increase and fibrosis symptoms. In addition, notoginsenoside R1 can obviously reduce liver index; reducing serum transaminase (AST and ALT) levels, ameliorating liver damage; reducing liver lipid (TG and NEFA) content, and improving liver lipid accumulation. Meanwhile, notoginsenoside R1 exhibits strong anti-inflammatory and anti-fibrotic effects by inhibiting the expression of inflammation-related genes (Tgf-beta, il-1 beta and Tnf-alpha) and fibrosis-related genes (Acta 2 and Col1a 1). The invention provides a new strategy and thought for clinical treatment of NAFLD by using the notoginsenoside R1.",20240614,UNIV CHINA PHARMA,ZHANG QIAN,A61P1/16
CN-118648927-A,一种用于肿瘤病理诊断的探针及使用方法,"The invention discloses a probe for tumor pathological diagnosis and a use method thereof, and in particular relates to the technical field of tumor pathological diagnosis, which comprises a supporting frame, wherein an outer cylinder is embedded and installed on the upper surface of the supporting frame, a probe is arranged in the outer cylinder in a sliding manner, a pushing block is arranged outside the probe and inside the outer cylinder, a puncture head is arranged at the bottom end of the probe, the probe is hollow, two rubber pad grooves are formed in the inner wall of the probe, balls are rotatably arranged between the two rubber pad grooves, a connecting rod is arranged at the top of each ball, and a probe head is arranged at the bottom of each ball. The invention is convenient for medical staff to puncture and scrape the skin of a patient, the puncture depth and the force are controllable, the probe does not need to be continuously pressed and supported, the hands of the medical staff are liberated, in addition, the miniature camera, the illuminating lamp and the scraping groove can be respectively purged, cleaned and flushed, and meanwhile, the risk that the scraped tissue falls can be avoided.",20240917,SHIYAN PEOPLES HOSPITAL THE AFFILIATED PEOPLES HOSPITAL OF HUBEI UNIVERISTY OF MEDICINE,WANG QI,A61B10/0283
CN-119025823-A,一种针对多通道脑电信号的任务驱动动态插值方法,"The invention relates to the field of medical signal processing and artificial intelligence, in particular to a task driving dynamic interpolation method aiming at multichannel electroencephalogram signals. By constructing an electroencephalogram signal interpolation network, characteristics of the electroencephalogram signal in space and time dimensions are extracted, and new loss functions are designed to optimize network weights and improve interpolation performance. Training the network based on the new loss function to obtain a task-driven dynamic interpolation network model, and then completing the reconstruction of the brain electrical signal to be processed by using the task-driven dynamic interpolation network model. The loss function constructed by the invention combines the data processing capacity of deep learning and EEG signal characteristics related to specific task states, integrates priori knowledge related to tasks, performs error analysis by utilizing the inter-channel relation and historical task state information, improves the accuracy of reconstructed EEG signals, reproduces the task state characteristics of real EEG signals, and provides powerful assistance for decoding and analysis of subsequent EEG signals.",20241126,UNIV ELECTRONIC SCI & TECH CHINA,HUANG RUI,G06F2218/08
US-11633230-B2,Intracardiac tools and methods for delivery of electroporation therapies,"A medical system, including a medical device having a plurality of deployable arms, and at least one electrode on at least one of the plurality of arms; and an electric signal generator in communication with the medical device, the electric signal generator programmed to deliver pulsed energy to the medical device sufficient to induce irreversible electroporation ablation.",20230425,MEDTRONIC ABLATION FRONTIERS,STEWART MARK T,A61B2018/00267
US-12004841-B2,Systems and methods for estimation of blood flow characteristics using reduced order model and/or machine learning,"Systems and methods are disclosed for determining blood flow characteristics of a patient. One method includes: receiving, in an electronic storage medium, patient-specific image data of at least a portion of vasculature of the patient having geometric features at one or more points; generating a patient-specific reduced order model from the received image data, the patient-specific reduced order model comprising estimates of impedance values and a simplification of the geometric features at the one or more points of the vasculature of the patient; creating a feature vector comprising the estimates of impedance values and geometric features for each of the one or more points of the patient-specific reduced order model; and determining blood flow characteristics at the one or more points of the patient-specific reduced order model using a machine learning algorithm trained to predict blood flow characteristics based on the created feature vectors at the one or more points.",20240611,HEARTFLOW INC,Sanders Travis Michael,A61B5/026
US-12029467-B2,Real-time lesion formation assessment,"A method and system for creating permanent lesions in an area of target tissue, such as tissue at or proximate a junction between a pulmonary vein and the left atrium. The method may generally include positioning a medical device in contact with a pulmonary vein ostium, ablating the tissue, and recording a plurality of temperature measurements from one or more of three temperature sensors. The device may include an occlusion element in communication with a coolant source, a first sensor located distal of the occlusion element, a second sensor located proximal of the occlusion element, and a third sensor located in the occlusion element. One or more temperature measurements may be compared with each other to assess occlusion of the pulmonary vein, and/or may be compared with a set of reference temperatures to predict a real-time temperature within the target tissue.",20240709,MEDTRONIC CRYOCATH LP,WITTENBERGER DAN,A61B2018/0293
US-11319363-B2,Humanized tau antibodies in Alzheimer&#39;s disease,"The present invention is in the fields of biochemistry, molecular biology, and Alzheimer&#39;s disease diagnosis, prevention, and treatment. Provided herein are humanized antibodies against human tau that are capable of discriminating between normal (healthy) and pathological (disease-associated) tau.",20220503,AXON NEUROSCIENCE SE,NOVAK MICHAL,A61P25/28
US-11511020-B2,Charged grafts and methods for using them,"A system for preventing thrombosis in an implantable medical device includes an implantable medical device sized for implantation at least partially within a patient&#39;s body. The device includes an at least partially electrically conductive portion that is disposed within a patient&#39;s body upon implantation, an electrode coupled to the electrically conductive portion of the device; and a power source coupled to the electrode. The power source provides a negative electric charge to the at least partially electrically conductive portion for an indefinite period of time. The device may be configured to resist thrombosis, infection, and/or undesired tissue growth via the charged conductive portion once implanted. Exemplary embodiments of the implantable medical device include a hemodialysis vasculature graft, a dialysis catheter, a coronary artery, and a heart valve.",20221129,RYAN TIMOTHY J,RYAN TIMOTHY J,A61F2/89
US-11857197-B2,Adjustable implantable devices and associated methods,"The present technology includes systems and methods for invasively adjusting implantable devices for selectively controlling fluid flow between a first body region and a second body region of a patient. For example, in many of the embodiments described herein, a catheter can be used to mechanically and/or electrically engage an implanted medical device. Once the catheter engages the medical device, the catheter can (i) increase a dimension associated with the medical device, such as through mechanical expansion forces, and/or (ii) decrease a dimension associated with the medical device, such as by heating a shape memory component of the medical device above a phase transition temperature.",20240102,SHIFAMED HOLDINGS LLC,ALEXANDER MILES,A61B17/12177
US-12084489-B2,"Antibodies and methods for the diagnosis, prevention, and treatment of Epstein Barr virus infection","Anti-EBV gH antibodies, anti-EBV gL antibodies, anti-EBV gH/gL antibodies, and compositions of matter useful for the detection, diagnosis, prevention, and treatment of Epstein Barr Virus infection in humans, and methods of using those compositions of matter for the same.",20240910,US HEALTH,KANEKIYO MASARU,A61K47/6803
US-12109384-B2,Hemostasis valves and methods of use,"Devices, systems, and methods for sealing medical devices, particularly during intravascular access, are disclosed herein. Some aspects relate to a hemostatic valve for sealing a wide range of medical devices, such as catheters, wires, embolectomy systems. The valve can include an elongate member having a first end, a second end, and a central lumen extending therebetween. A reinforcement structure extends along at least a portion of the elongate member and is coupled to the elongate member. A shell defining a first aperture and a second aperture may be included, which first and second apertures can be fluidly coupled by the elongate member. A tensioning mechanism is coupled to the shell and to the elongate member, the tensioning mechanism can be moveable between a first configuration wherein the tensioning mechanism is collapsed and the central lumen is sealed and a second configuration wherein the central lumen is open.",20241008,INARI MEDICAL INC,MERRITT BENJAMIN E,A61M2039/062
CA-3242303-A1,Systeme d&#39;angioplastie,"An angioplasty system (1) is provided. The system comprises an inflation device for angioplasty devices within a blood vessel presenting stenosis, and includes a contrast fluid reservoir (2) with a pressure-adjusting device; a connector (4,5); a pressure sensor (6); an electronic-actuation valve (7); safety means (10); powering means; a digital interface; a microprocessor with a first software; a memory; connection means of the microprocessor to the Internet or an intranet; a second artificial intelligence software; a database (20); and a radiological arch (30) to acquire and process images of the blood vessel or the area where the blood vessel is located. The microprocessor is connected to the radiological arch and to the database, in such a way that the inflation device may learn to operate autonomously and adjust itself automatically taking into account previous data or treatment models.",20230720,FUNDACION UNIV MIGUEL HERNANDEZ DE LA COMUNITAT VALENCIANA,MARTINEZ MARIN DAVID,A61B2017/22051
US-2024021313-A1,System and a method for detecting and quantifying electroencephalographic biomarkers in alzheimer&#39;s disease,"The present disclosure relates to a system and method capable of capturing, processing and analyzing electroencephalography (EEG) signals to deliver or support an expert interpreter in delivering a clinically-relevant interpretation for patients with Alzheimer&#39;s disease. Such interpretations include identification of diagnostic, prognostic or risk stratification neurobiomarkers to evaluate subjects for suitability in clinical trials, monitor for clinical conditions, detect adverse effects of interventions, identify efficacy of interventions or identify subjects that are more or less likely to respond to therapeutic interventions in a specified manner.",20240118,BEACON BIOSIGNALS INC,ALKAITIS MATTHEW S,G06F16/35
US-2024074754-A1,"Clips, appliers, and cartridges","A medical device forming method, an applier for manipulating clips, and a cartridge for holding clips are disclosed herein.",20240307,NEURAMEDICA INC,DREILINGER RACHEL,A61B17/083
US-2024127384-A1,Cooperative health intelligent emergency response system for cooperative intelligent transport systems,"A system, method and computer readable medium for emergency health response, including sensors for measuring health conditions of a user, a local machine learning device to predict abnormalities in health status of the user based on the measurements, a communications device for transmitting an emergency alert message to emergency response providers that are within range of the communications device, and for receiving response messages from emergency response providers that are available to provide emergency treatment. A health condition controller selecting a provider. When the provider is a hospital, the subject vehicle will set its destination to the hospital and will transmit health status information of the user to the provider. When the provider is an emergency response vehicle, the subject vehicle will communicate coordinates as a meeting destination for meeting the provider response vehicle and will transmit health status information of the user to the provider response vehicle.",20240418,MOHAMED BIN ZAYED UNIV OF ARTIFICIAL INTELLIGENCE,ALOQAILY MOAYAD,G06Q50/265
AU-2016248230-B2,Docking systems for medical devices and related devices,"Embodiments of the invention relate to docking systems for poles or other devices that can hold medical and/or accessory equipment, typically in a clinical or hospital environment, and can include associated docking systems for various devices such as beds, wheelchairs, walkers, wagons, and the like.",20210107,SKYTRON LLC,BLANKENSHIP SAMUEL A,A61G7/0503
AU-2017203439-B2,"Use of amino acid sequences from Mycobacterium tuberculosis or corresponding nucleic acids thereof for diagnosis and prevention of tubercular infection, diagnostic kit and vaccine therefrom","11:\fit\Interwovn\NRPortbl\DCC\FMT\14560830_ l.docx-23 05/2017 The present invention refers to the use of gene sequences or portions thereof characterized in that the same belong to the classes of in vitro and ex vivo induced, repressed or conserved genes in Mycobacterium tuberculosis currently infected human macrophages and to corresponding peptides or consensus peptides or proteins for the preparation of specific bio-markers for the diagnosis and prevention of active or latent disease.",20190314,QIAGEN SCIENCES LLC,AMICOSANTE MASSIMO,A61P31/06
AU-2020210171-A1,Customized surgical guide and customized surgical guide generating method and generating program,"CUSTOMIZED SURGICAL GUIDE AND CUSTOMIZED SURGICAL 
GUIDE GENERATING METHOD AND GENERATING PROGRAM 
CROSS-REFERENCE TO RELATED APPLICATIONS 
5 [0001] The present application is a divisional application of Australian Patent 
2017361460, which is a continuation of International Patent Application No.  
PCT/KR2017/012906, filed November 15, 2017, which is based upon and claims the 
benefit of priority to Korean Patent Application No. 10-2016-0152885, filed on 
November 16, 2016. The disclosures of the above-listed applications are hereby 
10 incorporated by reference herein in their entirety.  
BACKGROUND 
[0002] Embodiments of the inventive concept described herein relate to a 
customized surgical guide, and a customized surgical guide producing method, and a 
15 producing program, and more particularly, to a customized surgical guide, a 
customized surgical guide producing method, and a producing program by which 
surgery is performed in accordance with a state of a treatment target region of a 
specific patient during the specific patient&#39;s surgery.  
[0003] In surgery, medical staffs measure a region to be subjected to surgery 
20 based on medical images. In this process, the region measurement is dependent on 
the surgeon&#39;s eye-based measurement and experience. Thus, it may happen that a 
region to be removed is not completely removed. Further, a region to be removed is 
not accurately measured such that a large region than the region to be removed is cut 
off.  
25 [0004] Further, a removal area on a skin surface is marked before surgery is 
1
performed. However, when the surgery starts and the body portion is excised, a 
marker on the surface of the skin may not match an inner portion to be removed, 
such that an accuracy at which the scope of surgery within the body portion is 
determined is lowered. In order to mark a certain point inside the body, an ultrasonic 
5 or mammography guide H-wire is inserted to remove a corresponding body portion.  
This may have marking inaccuracy. Further, this takes pain and long surgery time.  
Occasionally, a part of the H-wire is cut off or left in the body during surgery.  
SUMMARY 
10 [0005] Embodiments of the inventive concept provide a customized surgical 
guide, and a customized surgical guide producing method, and a producing program 
by which a removal region in a body portion subjected to surgery is three
dimensionally displayed, and, thus, accurate visual identification of the removal 
region (i.e., treatment target region) is realized during the surgery of the removal 
15 region.  
[0006] Further, embodiments of the inventive concept provide a customized 
surgical guide produced based on a treatment plan that allows a medical instrument 
to reach a plurality of target points within a body portion for treatment of the 
treatment target region at a minimal treatment procedure, and a customized surgical 
20 guide producing method, and a producing program.  
[0007] The purposes to be achieved by the inventive concept are not limited 
to the purposes mentioned above, and other purposes not mentioned may be clearly 
understood by those skilled in the art from the following descriptions.  
[0008] According to an exemplary embodiment, a customized surgical guide 
25 includes at least one guide tube through which a medical instrument is insertable; and 
2
a body portion cover covering a surface of a specific body portion, wherein the body 
portion cover is coupled to the at least one guide tube. The body portion cover has a 
hole defined therein through which the medical instrument passes. The medical 
instrument passes through the guide tube and then through the hole toward the body 
5 portion. The body portion cover is shaped to conform to a surface of the body portion 
of a patient. The body portion cover defines a position of the guide tube such that the 
medical instrument reaches a target point within the body portion. The guide tube has 
a larger inner diameter than an outer diameter of the medical instrument. The guide 
tube has a length sized such that an insertable depth of the medical instrument into 
10 the body is limited to a set depth from a first point to the target point. The first point 
is present on the surface of the body portion, and the guide tube is coupled to the 
body portion cover at a position thereof corresponding to the first point. The target 
point is present on a surface of or inside a treatment target region, or is spaced by a 
specific distance from the treatment target region.  
15 [0009] According to the inventive concept as defined above, following 
various effects may be realized.  
[0010] First, using the customized surgical guide that assists in performing 
patient-customized surgery may allow optimal surgery for the patient. For example, 
when a to-be-removed lesion (for example, tumor) within the affected portion should 
20 be removed, the patient-customized surgical guide is used to produce at least one dye 
column in the body portion. The dye column may be used to allow the medical staff 
to visually check the to-be-removed region during surgery. Thus, the medical staff 
may remove a minimal tissue via two-or three-dimensional marking using the dye 
column.  
25 [0011] Second, since the guide tube is produced by calculating a depth to the 
3
target point based on the medical image data, the medical staff may perform the 
surgery without paying attention to the depth of insertion of the medical instrument, 
(for example, syringe). In other words, when the medical instrument is fully inserted 
into the guide tube of the customized surgery guide, the medical instrument reaches 
5 the target point, so that the surgery can be easily performed.  
[0012] Third, the body portion cover is shaped to conform to the body 
portion shape, and the body portion cover defines a position of the guide tube such 
that the medical instrument accurately reaches the target point within the body 
portion. This prevents treatment from being performed on a wrong target point or 
10 prevents erroneously marking in the body portion.  
[0013] Fourth, even when there is a difference between a posture of the 
patient at which the medical image data is obtained and a posture of the patient at 
which the surgery is performed, the customized surgical guide may allow the medical 
instrument to accurately reach the target point.  
15 
BRIEF DESCRIPTION OF THE FIGURES 
[0014] The above and other objects and features will become apparent from 
the following description with reference to the following figures, wherein like 
reference numerals refer to like parts throughout the various figures unless otherwise 
20 specified, and wherein: 
[0015] FIG. 1 is a perspective view of a customized surgical guide according 
to one embodiment of the inventive concept.  
[0016] FIG. 2 is an illustration of a customized surgical guide attached to a 
body portion according to one embodiment of the inventive concept.  
25 [0017] FIG. 3 is an illustration of forming a dye column from a target point 
4
of a treatment target region surface through a guide tube according to one 
embodiment of the inventive concept.  
[0018] FIG. 4 is a flowchart of a customized surgical guide producing 
method according to one embodiment of the inventive concept.  
5 [0019] FIG. 5 is a flowchart of a customized surgical guide producing 
method further including calculating a position change of a treatment target region in 
a second posture using first posture-based medical image data, according to one 
embodiment of the inventive concept.  
[0020] FIG. 6 is a flowchart of a customized surgical guide producing 
10 method further including requesting injection based on last shape data according to 
one embodiment of the inventive concept.  
[0021] FIG. 7 is a flowchart illustrating a process of producing a body 
portion cover shape covering an entire body portion according to one embodiment of 
the inventive concept.  
15 
DETAILED DESCRIPTION 
[0022] A customized surgical guide according to one embodiment of the 
inventive concept includes at least one guide tube through which a medical 
instrument is insertable; and a body portion cover covering a surface of a specific 
20 body portion. The body portion cover is coupled to the at least one guide tube. The 
body portion cover has a hole defined therein through which the medical instrument 
passes. The medical instrument passes through the guide tube and then through the 
hole toward the body portion. The body portion cover is shaped to conform to a 
surface of the body portion of a patient. The body portion cover defines a position of 
25 the guide tube such that the medical instrument reaches a target point within the body 
5
portion. The guide tube has a larger inner diameter than an outer diameter of the 
medical instrument. The guide tube has a length sized such that an insertable depth of 
the medical instrument into the body is limited to a set depth from a first point to the 
target point. The first point is present on the surface of the body portion, and the 
5 guide tube is coupled to the body portion cover at a position thereof corresponding to 
the first point. The target point is present on a surface of or inside a treatment target 
region, or is spaced by a specific distance from the treatment target region.  
[0023] Further, when the medical instrument is a syringe with a specific 
needle length, the guide tube may be formed so that the syringe needle reaches the 
10 target point, and the target point may be a specific point on a surface of the treatment 
target region in the body portion. While the syringe is removed away from the target 
point through the guide tube, the syringe may supply dye to form a dye column in the 
body portion.  
[0024] Further, when the medical instrument performs treatment on a 
15 treatment range defined as a specific range from a specific point which the inserted 
medical instrument reaches, the target point may be at least one specific point located 
within the treatment target region, and the at least one specific point may define at 
least one treatment range covering the treatment target region. A number of the guide 
tubes may be equal to a number of the target points, and each guide tube may be 
20 formed on the first point of the body portion cover and extends in a direction from 
the first point toward each target point.  
[0025] Further, the body portion cover may be formed to conform to body 
surface acquired based on medical image data. The guide tube may have a length set 
based on a distance on the medical image data from the first point on the body 
25 surface to the target point that the medical instrument should reach.  
6
[0026] Further, the customized surgical guide may be made of deformable 
material and may be inserted using a laparoscope into the body and then be placed on 
the body portion surface.  
[0027] Further, when the body portion including the treatment target region 
5 has a shape varying according to a posture of the patient, the body portion cover may 
cover the body portion and may fix a shape of the body portion into a specific shape.  
[0028] Further, when a distal end of the medical instrument reaches the target 
point, the guide tube may be fitted with the medical instrument.  
[0029] A method of producing a customized surgical guide according to 
10 another embodiment of the inventive concept, the guide including a guide tube 
through which a medical instrument is inserted, and a body portion cover contacting 
a body surface, includes acquiring, by a computer, body surface data and treatment 
region data from medical image data; generating, by the computer, first shape data 
based on the body surface data, the first shape data defining a shape of the body 
15 portion cover; setting, by the computer, at least one target point, the target point 
being present on a surface of or inside a treatment target region; setting, by the 
computer, each first point on the body surface from which the medical instrument is 
accessible to the target point; setting, by the computer, a length of the guide tube 
based on a distance from the first point to the target point; and applying, by the 
20 computer, the guide tube length to the first point to generate last shape data as a 
combination between the first shape data and shape data of at least one guide tube.  
[0030] Further, when the medical instrument is a syringe with a specific 
needle length, the target point may be a specific point on a surface of the treatment 
target region in the body portion. While the syringe may be removed away from the 
25 target point through the guide tube, the syringe may supply dye to form a dye column 
7
in the body portion.  
[0031] Further, when the medical instrument performs treatment on a 
treatment range defined as a specific range from a specific point which the inserted 
medical instrument reaches, the target point may be at least one specific point located 
5 within the treatment target region. The setting of the at least one target point may 
include setting at least one target point to define at least one treatment range covering 
the treatment target region.  
[0032] Further, the generating of the first shape data may include: obtaining 
entire shape data of the body portion; and generating shape data of the body portion 
10 cover covering a specific body portion based on the entire shape data. The body 
portion cover may cover the body portion and fixes a shape of the body portion into a 
specific shape.  
[0033] Further, when a first posture of a patient at which the medical image 
data is taken and a second posture of the patient at which surgery is performed are 
15 different, the method may further include calculating a positional change of the 
treatment target region when a posture of the patient changes from the first posture to 
the second posture. The setting of the at least one target point, the setting of each first 
point, and the setting of the length of the guide tube may be performed based on the 
changed position of the treatment target region.  
20 [0034] Further, the setting of the first point may include setting the first point 
from which the medical instrument reaches the target point without passing through 
the treatment target region.  
[0035] Further, when the medical instrument is curved at a specific curvature, 
the setting of the first point may include setting the first point from which the 
25 medical instrument reaches the target point while moving along a curved path having 
8
the specific curvature within the body. The generating of the last shape data may 
include generating curvature data of the guide tube equal to the curvature of the 
medical instrument.  
[0036] A customized surgical guide producing program according to still 
5 another embodiment of the inventive concept may be stored in a medium for carrying 
out the customized surgical guide producing method in combination with a computer 
as hardware.  
[0037] Hereinafter, preferred embodiments of the inventive concept will be 
described in detail with reference to the accompanying drawings. Advantages and 
10 features of the inventive concept, and methods of accomplishing the same, will 
become apparent with reference to the embodiments described in detail below with 
reference to the accompanying drawings. However, the inventive concept is not 
limited to the embodiments disclosed below, but may be embodied in various forms.  
These embodiments are provided so that the disclosure of the inventive concept is 
15 complete and that it is believed that the disclosure is intended to be completely 
understood by those skilled in the art to which the inventive concept belongs. The 
inventive concept is only defined by the scope of the claim. Like reference numerals 
refer to like elements throughout the specification.  
[0038] Unless otherwise defined, all terms including technical and scientific 
20 terms used herein have the same meaning as commonly understood by one of 
ordinary skill in the art to which this inventive concept belongs. It will be further 
understood that terms, such as those defined in commonly used dictionaries, should 
be interpreted as having a meaning that is consistent with their meaning in the 
context of the relevant art and will not be interpreted in an idealized or overly formal 
25 sense unless expressly so defined herein.  
9
[0039] The terminology used herein is for the purpose of describing 
particular embodiments only and is not intended to be limiting of the present 
disclosure. As used herein, the singular forms &#34;a&#34; and &#34;an&#34; are intended to include 
the plural forms as well, unless the context clearly indicates otherwise. It will be 
5 further understood that the terms &#34;comprises&#34;, &#34;comprising&#34;, &#34;includes&#34;, and 
&#34;including&#34; when used in this specification, specify the presence of the stated 
features, integers, operations, elements, and/or components, but do not preclude the 
presence or addition of one or more other features, integers, operations, elements, 
components, and/or portions thereof.  
10 [0040] As used herein, a term &#34;computer&#34; includes all of various devices that 
can perform computational processing and present the results visually to the user. For 
example, the computer may include a desktop PC, a notebook, a smartphone, a tablet 
PC, a cellular phone, a PCS phone (Personal Communication Service phone), 
synchronous/asynchronous IMT-2000 (International Mobile Telecommunication
15 2000) mobile terminal, a palm personal computer, personal digital assistant (PDA), 
and so on. Further, a computer may be a medical device that acquires or observes an 
angiographic image.  
[0041] As used herein, a term &#34;medical image data&#34; means image data 
obtained by medical imaging devices such as Computed Tomography (CT) device, 
20 MRI (Magnetic Resonance Imaging) device or the like.  
[0042] As used herein, a term &#34;treatment target region&#34; refers to a region to 
be treated within a specific body portion. For example, in patients with breast cancer, 
the treatment target region corresponds to a tumor region in the breast as the body 
portion. The treatment target region may coincide with an affected region or may be 
25 actually larger than the affected region with considering an error range.  
10
[0043] As used herein, a term &#34;medical instrument&#34; refers to a tool which is 
used for surgery, treatment, or examination, and is inserted or invaded into the body.  
For example, the medical instrument may be a syringe with a needle of a specific 
length. Further, for example, the medical instrument may be a device that is inserted 
5 into a specific body portion and applies electrical stimulation to a specific range.  
[0044] As used herein, a term &#34;target point&#34; refers to a point reached by the 
medical instrument inserted through a customized surgical guide. In other words, the 
target point means a point of maximum depth reached by the medical instrument 
while movement of the medical instrument is limited by the guide tube. The target 
10 point may be a point located on the surface of or interior in the treatment target 
region, or a point separated by a certain distance from the treatment target region.  
[0045] As used herein, a term &#34;first point&#34; refers to a point on the body 
portion surface from which the medical instrument is inserted to reach the target 
point. That is, the first point refers to the point on the body portion surface where the 
15 guide tube is placed when placing a customized surgical guide in the body portion.  
[0046] Hereinafter, a customized surgical guide, a customized surgical guide 
producing method and a producing program according to embodiments of the 
inventive concept will be described in detail.  
[0047] FIG. 1 is an illustration of a customized surgical guide 10 according to 
20 one embodiment of the inventive concept.  
[0048] Referring to FIG. 1, the customized surgical guide 10 according to 
one embodiment of the inventive concept includes a guide tube 100 and a body 
portion cover 200.  
[0049] The guide tube 100 refers to a tube into which a medical instrument 
25 can be inserted. The guide tube 100 has a larger diameter than that of a portion of the 
11
medical instrument that is inserted into the body. Since the portion of the medical 
instrument is inserted into the body, it may be dangerous when the portion of the 
medical instrument contacts a wall surface of the guide tube 100 and thus foreign 
matter is attached to the portion of the medical instrument. Therefore, the guide tube 
5 100 has a larger diameter than that of the portion of the medical instrument such that 
the portion of the medical instrument is not in contact with the wall surface of the 
guide tube 100. For example, when the medical instrument is a syringe with a needle, 
the guide tube 100 has a larger diameter than that of the needle, and supports the 
syringe body and is oriented to an orientation of the syringe body such that the 
10 needle is inserted at an accurate angle. The guide tube 100 is formed with a length 
that limits a depth at which the medical instrument can be inserted into the body to a 
set depth from the first point to a target point 40. For example, when the medical 
instrument is a syringe with a needle, the guide tube 100 is formed such that the 
needle is inserted into the guide tube 100 and then the syringe is stopped by the guide 
15 tube 100 so that the needle enters the body only at a certain depth. For example, 
when the length of the needle is A, and the length of the guide tube 100 is B, the 
needle enters the body only as long as a length corresponding to &#34;A - B&#34; as the 
syringe is stopped by the guide tube 100. Thus, the guide tube 100 of the customized 
surgical guide 10 limits the depth at which the medical instrument is inserted into the 
20 body.  
[0050] The length of the guide tube 100 is set based on a distance from the 
first point on the body surface to the target point 40 which the medical instrument 
should reach, on the medical image data. In one embodiment, when the customized 
surgical guide 10 is injected by a 3D printer, the computer analyzes a CT image or 
25 MRI image to calculate the distance from the specific first point on the surface of the 
12
body portion to the specific target point 40. Thereafter, the length of the guide tube 
100 is calculated by subtracting the calculated distance from the length (for example, 
the length of the syringe needle) of the medical instrument used during the surgery.  
This allows the computer to set the length of the guide tube 100 of the customized 
5 surgical guide 10 based on the patient&#39;s treatment target region 20.  
[0051] The customized surgical guide 10 according to one embodiment of the 
inventive concept has a number of guide tubes 100 corresponding to the number of 
target points 40 in the body. Since each guide tube 100 is produced to have a length 
and direction to reach from the first point to the target point 40, the number of the 
10 guide tubes 100 as produced may correspond to the number of the target points 40.  
[0052] The body portion cover 200 is coupled to at least one guide tube 100, 
as in FIG. 1. That is, the body portion cover 200 has a hole defined therein through 
which the medical instrument inserted through the guide tube 100 passes toward the 
body portion. In this way, the medical instrument inserted through the guide tube 100 
15 is invaded or inserted into the body portion along an extension of the guide tube 100.  
[0053] The body portion cover 200 covers a surface of a specific body 
portion. Specifically, the body portion cover 200 is formed to conform to the surface 
of the body portion of the patient. In one embodiment, the body portion cover 200 is 
produced based on body surface data obtained based on the medical image data. For 
20 example, when the body portion cover 200 is injected using a 3D printer and the 
breast of a breast cancer patient is set as a body portion, shape data of the body 
portion cover 200 conforming to a surface of the patient&#39;s breast shape in capturing 
the MRI image or CT image is produced based on the MRI image or the CT image.  
Thus, the body portion cover 200 conforms to the body portion surface. Thus, when 
25 the medical instrument is inserted into the guide tube 100 of the customized surgical 
13
guide 10 produced based on the medical image data, the medical instrument reaches 
the target point 40 in the body portion accurately. That is, the body portion cover 200 
allows the guide tube 100 to be positioned at the first point set in a treatment 
planning process based on the medical image data.  
5 [0054] Further, in another embodiment, the customized surgical guide 10 
includes a reference point 300 for precise positioning of the customized surgical 
guide 10 when applied to the patient, as shown in FIG. 2. The reference point 300 
corresponds to a specific location of the body portion to allow the customized 
surgical guide 10 to be placed at the exact location set in the surgery planning or 
10 modeling. For example, when the body portion is a breast, the customized surgical 
guide 10 has a hole with the same size as a nipple at a point corresponding to the 
nipple. Thus, the accurate attachment position is set on the body portion surface 
while the nipple is set as the reference point 300.  
[0055] In yet another embodiment, when a body portion including the 
15 treatment target region 20 has a shape changing depending on a posture of the 
patient, the body portion cover 200 of the customized surgical guide 10 covers the 
body portion and fixes the body portion into a specific shape. For example, when the 
body portion is the breast, a shape of the breast may change depending on a posture 
of the patient. Therefore, when the breast has the same shape at the breast shape in 
20 setting the target point 40 based on the medical image data, the medical instrument 
can reach the target point 40 through the customized surgical guide 10 accurately.  
Accordingly, the body portion cover 200 may be formed to cover the entire body 
portion, and thus to deform and retain the body portion into and as a shape obtained 
at imaging of the medical image data. For example, when the body portion is a 
25 breast, the body portion cover 200 may be made in the same shape as a brassiere, and 
14
may be worn on the patient during breast cancer surgery.  
[0056] The customized surgical guide 10 according to one embodiment of the 
inventive concept may be implemented in various forms according to use purposes 
and may be used in various ways. In one embodiment, when the medical instrument 
5 is a syringe with a specific needle length, the guide tube 100 is formed such that the 
syringe needle reaches the target point 40. In this connection, the target point 40 is 
the specific point on the surface of the treatment target region 20 in the body portion.  
That is, the customized surgical guide 10 is formed such that the specific point on a 
surface of the treatment target region 20 (the specific point on an interface between 
10 the treatment target region 20 and a normal region) is the target point 40. The 
plurality of target points 40 may be indicated as points on a plane corresponding to 
the interface between the treatment target region 20 and normal region or may be 
indicated as a plurality of points on the three-dimensional space of the treatment 
target region 20 having a three-dimensional shape.  
15 [0057] Specifically, as shown in FIG. 3, a syringe filled with a dye is 
inserted through the customized surgical guide 10 to a distal end thereof to reach the 
target point 40. While the syringe is removed out of the guide, the dye is slightly 
discharged from the syringe to dye an inside of the body portion. Thus, a dye column 
30 is formed to extend from the target point 40 in the body portion to the first point 
20 of the body portion surface.  
[0058] Forming a plurality of dye columns 30 through each guide tube 100 of 
the customized surgical guide 10 may allow an accurate to-be-removed region (that 
is, treatment target region 20) to be grasped. Even when the medical team cuts away 
the affected portion, the dye column 30 is continuously present from the target point 
25 40. Thus, the point corresponding to the boundary of the treatment target region 20 
15
may be confirmed in the surgical procedure.  
[0059] Further, in another embodiment, when the medical instrument is of a 
tool for performing treatment while setting, as a treatment range, a specific range 
from a specific point which the medical instrument reaches, the target point 40 is at 
5 least one specific point located within the treatment target region 20 to form at least 
one treatment range that encompasses the treatment target region 20. That is, the 
target point 40 reached by the medical instrument through the guide tube 100 
becomes a specific point within the treatment target region 20, while the medical 
instrument treats the treatment range centered on the target point 40 by providing 
10 electricity thereto.  
[0060] In this connection, the number of the guide tubes 100 corresponds to 
the number of the target points 40. Each of the number of the guide tubes 100 is 
formed on the first point of the body portion cover 200 and extends in a direction 
from the first point toward the target point 40. When the treatment target region 20 is 
15 larger than the treatment range, the customized surgical guide 10 includes a specific 
number of guide tubes 100 such that treatment ranges formed around target points 40 
of the guide tubes 100 respectively may overlap to cover the treatment target region 
20. Thus, the surgeon can perform the surgery simply by inserting the medical 
instrument(s) into the guide tubes 100 which respectively guide the medical 
20 instrument to the target points 40 set according to the patient surgery plan.  
[0061] Further, in another embodiment, the customized surgical guide 10 is 
formed of a deformable material, and is inserted using a laparoscope into the body, 
and then placed on the body portion surface. The customized surgical guide 10 may 
be placed on an internal organ surface that is not exposed to the outside. To this end, 
25 the customized surgical guide 10 is made of a material that can be deformed in shape 
16
and is inserted to a specific body portion inside the body using the laparoscope while 
the guide is folded or wound.  
[0062] Further, in another embodiment, the guide tube 100 may be fitted with 
the medical instrument when a distal end of the medical instrument reaches the target 
5 point 40. This allows the medical staff to recognize that the medical instrument has 
reached the target point 40. For example, a body of the guide tube 100 may be 
formed with a first diameter that allows only the needle to enter thereto, while the 
distal end of the guide tube 100 has a second diameter that conforms to the syringe 
tip. As the syringe tip is fitted in the second diameter portion of the guide tube 100 
10 and no longer enters the body of the guide tube 100 having the first diameter. Thus, 
the medical staff may recognize that the target point 40 has been reached by the 
medical instrument. Further, when a medical instrument must apply stimulation, for 
example, electrical stimulation to the target point 40 for a duration longer than or 
equal to a specific time, the fitting between the guide tube 100 and the medical 
15 instrument maintains a state in which the medical instrument reaches the target point 
40 and is fixed thereto.  
[0063] FIG. 4 is a flowchart of a producing method of a customized surgical 
guide 10 according to one embodiment of the inventive concept.  
[0064] Referring to FIG. 4, a producing method of a customized surgical 
20 guide 10 according to one embodiment of the inventive concept may include 
operation Si00 in which a computer acquires body surface data and treatment region 
data from medical image data; first shape data generating operation S300 in which 
the first shape data is generated based on the body surface data by the computer, 
wherein the first shape data is data corresponding to a shape of the body portion 
25 cover 200; target point setting operation S500 in which at least one target point 40 is 
17
set by the computer, wherein the target point40isapoint corresponding to the 
interior or surface of the treatment target region 20; operation S700 in which each 
first point on the body surface is set by the computer, wherein the medical instrument 
is accessible from the first point to the target point 40; operation S900 in which a 
5 length of the guide tube 100 is set by the computer based on a distance from the first 
point to the target point 40; and operation S1100 in which last shape data is 
generated by the computer by applying the length of the guide tube 100 to the first 
point, wherein the last shape data include a combination of shape data of at least one 
guide tube 100 and the first shape data. Hereinafter, a detailed description of each 
10 operation will be described.  
[0065] The computer acquires body surface data and treatment region data 
from medical image data (S100). That is, the computer obtains the medical image 
data of the specific patient (for example, the MR image of the patient), and obtains, 
from the medical image data, the body surface data for forming the body portion 
15 cover 200 and the treatment region data corresponding to the treatment target region 
20. Specifically, when the treatment target region 20 is a tumor, the computer 
extracts the tumor region from the medical image data.  
[0066] The computer produces the first shape data based on the body surface 
data (S300: first shape data generating operation). The first shape data is data 
20 corresponding to the shape of the body portion cover 200. That is, the computer 
performs 3D modeling into the shape corresponding to the patient&#39;s affected surface.  
Thus, the customized surgical guide 10 having the body portion cover 200 that fits in 
the body portion of the patient may be manufactured.  
[0067] Further, the computer sets, as the reference point 300, a point on the 
25 first shape data corresponding to a specific point on the body surface data. For 
18
example, when the body part to be treated (that is, the affected portion) is the breast, 
the computer forms a nipple hole 300 based on the nipple position on the body 
surface data. Thus, the computer may use the nipple hole 300 as a reference when 
positioning the customized surgical guide 10 on the body portion surface.  
5 [0068] Further, in another embodiment, as in FIG. 7, the first shape data 
generating operation S300 includes operation S310 for obtaining the entire shape 
data of the body portion; and operation S320 for producing a shape of the body 
portion cover 200 covering the specific body portion based on the entire shape data.  
When the body portion has a shape changing according to the posture of the patient, 
10 for example, the body portion is a breast, the body portion cover should be formed to 
cover the entire body portion, and thus to deform and retain the body portion into and 
as a shape obtained at imaging of the medical image data, thereby to perform precise 
surgery using the customized surgical guide 10 as produced based on the medical 
image data. Thus, the computer acquires the entire shape of the body portion from 
15 the medical image data, and then models the body portion cover 200 into a shape 
covering the entire body portion.  
[0069] For example, an MR imaging of the breast of a breast cancer patient is 
performed while the patient lies down at a state in which her face faces downwardly, 
whereas a breast cancer tumor removal surgery is performed while the patient lies 
20 down at a state in which her face faces upwardly. Because the shape of the breast 
changes due to the difference between the posture in the MR image and the posture 
in the surgery, the tumor position inside the breast may change. Thus, to accurately 
mark the tumor region inside the body via dying, the breast shape should be fixed 
and maintained to and as the breast shape obtained at the imaging of the medical 
25 image data during surgery. Therefore, the computer models the cover into the shape 
19
covering the entire breast, and produces the cover via injection. Then, the body 
portion cover 200 is placed on the breast and fixes and maintains the breast shape 
into that obtained at the imaging of the medical image data during surgery.  
[0070] The computer sets at least one target point 40 (S500: target point 
5 setting operation). The target point 40 is the point corresponding to the interior or 
surface of the treatment target region 20. Specifically, the computer models the 
treatment target region 20 (that is, the to-be-removed region) based on the calculated 
target region (for example, the tumor region) with considering the error range. The 
computer then extracts at least one point in and on the treatment target region 2 as 
10 the target point 40.  
[0071] In one embodiment, when the medical instrument is a syringe with a 
specific needle length, the target point 40 is set to the specific point on the surface of 
the treatment target region 20. That is, the target point 40 is the point on a boundary 
face defining a tissue to be removed via surgical surgery (that is, the tumor tissue).  
15 [0072] Further, in another embodiment, when the medical instrument is a tool 
that performs treatment while a treatment range is set to a specific range around a 
point of a specific depth which the medical instrument reaches, the target point 40 is 
a specific point within the treatment target region 20. In the target point setting 
operation S500, the computer sets at least one target point 40 to define at least one 
20 treatment region covering the treatment target region 20. That is, the computer 
extracts a plurality of a specific medical instrument-based treatment ranges capable 
of covering the treatment target region 20 and extract multiple target points 40 
defining the treatment ranges respectively which the medical instrument should 
reach.  
25 [0073] The computer sets each first point on the body surface, wherein the 
20
medical instrument is accessible from the first point to the target point 40 (S700: first 
point set operation). For example, when the treatment target region 20 is a tumor 
region, the computer determines the position (that is, the three-dimensional position) 
on the body portion surface from which the needle may be injected toward a 
5 boundary of the tumor region.  
[0074] Further, when the target point 40 is set to a point in the boundary 
between the treatment target region 20 and the normal tissue region, the computer 
sets a first point from which the medical instrument reaches the target point 40 
without passing through the treatment target region 20. For example, when the 
10 treatment target region 20 is a tumor region, and when a medical instrument (such as 
a syringe needle) is inserted from the skin surface through the tumor region to reach 
the target point 40, the tumor region is damaged, such that cancer cells may be 
transferred to other body portions. Thus, the computer extracts the first point from 
which the medical instrument reaches the target point 40 without penetrating the 
15 treatment target region 20. To this end, when the target point 40 is located deeply 
within the body in the treatment target region 20, the computer sets the first point 
from which the medical instrument is accessible to the target point 40 in a lateral 
direction.  
[0075] Further, the computer sets an orientation angle of the guide tube 100 
20 according to the position of the first point set in association with the target point 40.  
For example, when the medical instrument has a straight line shape, the guide tube 
100 is oriented in a direction of an extension of a straight line connecting the target 
point 40 and the first point. Thus, when the medical staff merely inserts the medical 
instrument into the guide tube 100, the medical instrument may reach the target point 
25 40.  
21
[0076] The computer sets the length of the guide tube 100 based on the 
distance from the first point to the target point 40 (S900: guide tube 100 length 
setting operation). The computer forms the guide tube 100 having a length such that 
a depth at which the medical instrument can be inserted into the body is limited to a 
5 set depth from the first point to the target point 40. For example, when the medical 
instrument is a syringe with a needle, the guide tube 100 is formed such that the 
needle is inserted into the guide tube 100 sand then the syringe is stopped by the 
guide tube 100 so that the needle can only enter the body by the specific depth. That 
is, when the length of the needle is A, and the length of the guide tube 100 is B, the 
10 needle enters the body only as long as the length corresponding to &#34;A - B&#34; as the 
syringe is stopped by the guide tube 100. Therefore, the computer sets the length of 
the guide tube 100 to a value calculated based on the length of the medical 
instrument and the distance between the target point 40 and the first point (that is, to 
the difference between the length of the medical instrument and the distance between 
15 the target point 40 and the first point).  
[0077] The computer applies the length of the guide tube 100 to the first 
point to generate the last shape data as combination of shape data of at least one 
guide tube 100 with the first shape data (S1100: last shape data generating 
operation). That is, the computer generates the last shape data as the combination 
20 between the shape data of at least one guide tube 100 and the shape data of the body 
portion cover 200. The last shape data indicates that the guide tube 100 having a 
specific length and orientation is coupled to the body portion cover 200 at a specific 
position thereof. In other words, the computer adjusts and models the length of each 
of the columns of the guide tubes 100 so that the needle can reach the boundary of 
25 the tumor region accurately when the needle is inserted through each of the guide 
22
tubes.  
[0078] The guide tube 100 of the customized surgical guide 10 as thus
formed performs various roles. In one embodiment, when the medical instrument is a 
syringe with a specific needle length, the guide tube 100 serves to assist in producing 
5 the dye column 30 in the body when the syringe supplies a dye into the body while 
the syringe is removed away from the target point after the syringe needle reaches 
the target point 40. Further, in another embodiment, the guide tube 100 plays a role 
in raising the accuracy of the surgery by allowing the medical instrument to reach 
precisely the target point 40 to be treated based on the surgery plan.  
10 [0079] Further, in another embodiment, as shown in FIG. 5, when a first 
posture of the patient at which the medical image data is taken is different from a 
second posture of the patient at which surgery is performed, the method further 
includes operation S200 for calculating the positional change of the treatment target 
region 20 when the posture changes from the first posture to the second posture.  
15 When the medical image data is taken at a posture at which surgery is performed, the 
customized surgical guide 10 may be modelled based on the medical image data.  
However, there may be cases where a posture taken for imaging a medical image and 
a posture taken for surgery are different. In this case, in order to produce the 
customized surgical guide 10 corresponding to the second posture taken at the time 
20 of surgery, that is, in order to produce a customized surgical guide 10 that 
corresponds to the second posture for the surgery based on the medical image data 
taken at the first posture, the computer calculates the positional change of the 
treatment target region 20 when the posture of the body portion of the patient 
changes from the first posture to the second posture.  
25 [0080] For example, among the body portions, the breast changes the shape 
23
thereof flexibly according to the posture of the patient. The MR image is taken at the 
first posture in which the patient lies down with her face facing downwardly, 
whereas the surgery is performed at the second posture in which the patient lies 
down with her face facing upwardly. Therefore, the breast shape may vary between 
5 the MR image capture and the surgery. As the breast shape changes, a position of the 
tumor tissue in the breast in the three-dimensional space may vary. Therefore, the 
computer identifies the breast shape in the second posture based on the size of the 
breast, and the breast shape in the first posture, and calculates the position of the 
tumor in the breast shape in the second posture (that is, calculates the position of the 
10 treatment target region 20).  
[0081] Further, when a medical image is taken at the first posture and then 
the customized surgical guide 10 corresponding to the second posture is modeled, the 
target point setting operation S500, the first point setting operation S700, and the 
guide tube length setting operation S900 may be performed based on the changed 
15 position of the treatment target region 20.  
[0082] In yet another embodiment, the first shape data generating operation 
S300 calculates the shape of the body portion in the second posture based on the 
medical image data obtained in the first posture, and models the shape data of the 
body portion cover 200 (that is, the first shape data) based on the calculated shape 
20 data.  
[0083] Further, in another embodiment of the inventive concept, where the 
medical instrument is curved at a specific curvature, the computer produces the guide 
tube 100 at the same curvature as that of the medical instrument. A straight line 
shaped medical instrument may have difficulty in reaching the target point 40 in the 
25 body. In this case, the curved medical instrument may be used. In order to insert the 
24
curved medical instrument having a specific curvature through the customized 
surgical guide 10 into the body, the guide tube 100 must be made at the same 
curvature as that of the medical instrument and be smoothly inserted. Thus, on the 
medical plan, the medical instrument may reach the accurate target point 40.  
5 [0084] Further, in order to model the guide tube 100 into which a bent curved 
medical instrument is inserted, the first point setting operation 700 extracts the first 
point from which the medical instrument reaches the target point 40 while moving 
inside the body along a curved path. That is, the computer extracts not a first point 
from which the medical instrument reaches the target point 40 when moving along a 
10 straight-line path, but a first point from which the medical instrument reaches the 
target point 40 when moving along a specific curvature-based path.  
[0085] Further, the last shape data generating operation SI100 generates the 
curvature of the guide tube 100 equal to the curvature of the medical instrument. The 
last shape data generating operation S1100 calculate the curve length of the guide 
15 tube 100 by subtracting, from the medical instrument length, the distance by which 
the medical instrument should travel along the curved path in the body.  
[0086] Further, as shown in FIG. 6, another embodiment of the inventive 
concept further includes operation S1200 for requesting injection of the surgical 
guide corresponding to the last shape data. That is, the computer requests injection of 
20 the guide corresponding to the modeled last shape data to a 3D injection device, that 
is, a 3D printer.  
[0087] The above-described method of producing the customized surgical 
guide 10 according to one embodiment of the inventive concept as described may be 
implemented using a program (or application) to be executed in combination with a 
25 computer as hardware, which may be stored in a medium.  
25
[0088] The above-mentioned program may include codes encoded in a 
computer language such as C, C ++, JAVA, or machine language which the 
computer&#39;s processor (CPU) can read via a device interface of the computer. Thus, 
when the computer reads and executes the program, the program may perform the 
5 method. These codes may include functional codes related to functions that define 
necessary functions to execute the method, or may include executable procedure
related control codes necessary for the processor of the computer to execute the 
functions in accordance with a predetermined procedure. Further, these codes may 
further include memory reference-related code that indicates where additional 
10 information or media needed for the execution of the functions by the computer&#39;s 
processor is addressed to any location (address) in the computer&#39;s internal or external 
memory. Further, when the computer&#39;s processor needs to communicate with any 
other computer or server at a remote location to execute the functions, the codes may 
further include communication related codes indicating, for example, how to 
15 communicate with any other computer or server remotely using a communication 
module of the computer, and what information or media as transmitted or received 
therebetween during communication.  
[0089] The storage medium is not a medium for storing data for a short time 
such as a register, a cache, a memory, etc., but means a medium that semi
20 permanently stores data and is capable of being read by a device. Specifically, 
examples of the storage medium include, but are not limited to, ROM, RAM, CD
ROM, magnetic tape, floppy disk, optical data storage, and the like. That is, the 
program may be stored on various recording media on various servers that the 
computer can access, or on various recording media on the user&#39;s computer. Further, 
25 the medium may store therein computer readable codes as distributed over a 
26
networked computer system and as read by the computer in a distributed manner.  
[0090] According to the inventive concept as defined above, following 
various effects may be realized.  
[0091] First, using the customized surgical guide 10 that assists in performing 
5 patient-customized surgery may allow optimal surgery for the patient. For example, 
when a to-be-removed lesion (for example, tumor) within the affected portion should 
be removed, the patient-customized surgical guide 10 is used to produce at least one 
dye column 30 in the body portion. The dye column may be used to allow the 
medical staff to visually check the to-be-removed region during surgery. Thus, the 
10 medical staff may remove a minimal tissue via two-or three-dimensional marking 
using the dye column 30.  
[0092] Second, since the guide tube 100 is produced by calculating a depth to 
the target point 40 based on the medical image data, the medical staff may perform 
the surgery without paying attention to the depth of insertion of the medical 
15 instrument, (for example, syringe). In other words, when the medical instrument is 
fully inserted into the guide tube 100 of the customized surgery guide, the medical 
instrument reaches the target point 40, so that the surgery can be easily performed.  
[0093] Third, the body portion cover 200 is shaped to conform to the body 
portion shape, and the body portion cover 200 defines a position of the guide tube 
20 such that the medical instrument accurately reaches the target point 40 within the 
body portion. This prevents treatment from being performed on a wrong target point 
40 or prevents erroneously marking in the body portion.  
[0094] Fourth, even when there is a difference between a posture of the 
patient at which the medical image data is obtained and a posture of the patient at 
25 which the surgery is performed, the customized surgical guide 10 may allow the 
27
medical instrument to accurately reach the target point.  
[0095] While the inventive concept has been described with reference to 
exemplary embodiments, it will be apparent to those skilled in the art that various 
changes and modifications may be made without departing from the spirit and scope 
5 of the inventive concept. Therefore, it should be understood that the above 
embodiments are not limiting, but illustrative.  
28
WHAT IS CLAIMED IS: 
1. A customized surgical guide comprising: 
at least one guide tube through which a medical instrument is insertable; and 
a body portion cover covering a surface of a specific body portion, wherein 
5 the body portion cover is coupled to the at least one guide tube, wherein the body 
portion cover has a hole through which the medical instrument passes, wherein the 
medical instrument passes through the guide tube and then through the hole toward 
the body portion, 
wherein the body portion cover is shaped to conform to a surface of the body 
10 portion of a patient, wherein the body portion cover defines a position of the guide 
tube such that the medical instrument reaches a target point within the body portion, 
wherein the guide tube has a larger inner diameter than an outer diameter of 
the medical instrument, wherein the guide tube has a length sized such that an 
insertable depth of the medical instrument into the body is limited to a set depth from 
15 a first point to the target point, 
wherein the first point is present on the surface of the body portion, and the 
guide tube is coupled to the body portion cover at a position thereof corresponding to 
the first point, 
wherein the target point is present on a surface of or inside a treatment target 
20 region, or is spaced by a specific distance from the treatment target region.  
2. The customized surgical guide of claim 1, wherein when the medical 
instrument is a syringe with a specific needle length, the guide tube is formed so that 
the syringe needle reaches the target point, wherein the target point is a specific point 
25 on a surface of the treatment target region in the body portion, wherein while the 
29
syringe is removed away from the target point through the guide tube, the syringe 
supplies dye to form a dye column in the body portion.  
3. The customized surgical guide of claim 1, wherein when the medical 
5 instrument is configured to perform treatment on a treatment range defined as a 
specific range from a specific point which the inserted medical instrument reaches, 
the target point is at least one specific point located within the treatment target region, 
wherein the at least one specific point defines at least one treatment range covering 
the treatment target region, wherein a number of the guide tubes is equal to a number 
10 of the target points, wherein each guide tube is formed on the first point of the body 
portion cover and extends in a direction from the first point toward each target point.  
4. The customized surgical guide of claim 1, wherein the body portion 
cover is formed to conform to body surface acquired based on medical image data, 
15 and wherein the guide tube has a length set based on a distance on the medical image 
data from the first point on the body surface to the target point that the medical 
instrument should reach.  
5. The customized surgical guide of claim 1, wherein the customized 
20 surgical guide is made of deformable material and is inserted using a laparoscope 
into the body and then is placed on the body portion surface.  
6. The customized surgical guide of claim 1, wherein when the body 
portion including the treatment target region has a shape varying according to a 
25 posture of the patient, the body portion cover covers the body portion and fixes a 
30
shape of the body portion into a specific shape.  
7. The customized surgical guide of claim 1, wherein when a distal end 
of the medical instrument reaches the target point, the guide tube is fitted with the 
5 medical instrument.  
8. A method of producing a customized surgical guide, the guide 
including a guide tube through which a medical instrument is inserted, and a body 
portion cover contacting a body surface, the method comprising: 
10 acquiring, by a computer, body surface data and treatment region data from 
medical image data; 
generating, by the computer, first shape data based on the body surface data, 
the first shape data defining a shape of the body portion cover; 
setting, by the computer, at least one target point, the target point being 
15 present on a surface of or inside a treatment target region; 
setting, by the computer, each first point on the body surface from which the 
medical instrument is accessible to the target point; 
setting, by the computer, a length of the guide tube based on a distance from 
the first point to the target point; and 
20 applying, by the computer, the guide tube length to the first point to generate 
last shape data as a combination between the first shape data and shape data of at 
least one guide tube.  
9. The method of claim 8, wherein when the medical instrument is a 
25 syringe with a specific needle length, the target point is a specific point on a surface 
31
of the treatment target region in the body portion, wherein while the syringe is 
removed away from the target point through the guide tube, the syringe supplies dye 
to form a dye column in the body portion.  
5 10. The method of claim 8, wherein when the medical instrument is 
configured to perform treatment on a treatment range defined as a specific range 
from a specific point which the inserted medical instrument reaches, the target point 
is at least one specific point located within the treatment target region, wherein the 
setting of the at least one target point includes setting at least one target point to 
10 define at least one treatment range covering the treatment target region.  
11. The method of claim 8, wherein the generating of the first shape data 
includes: 
obtaining entire shape data of the body portion; and 
15 generating shape data of the body portion cover covering a specific body 
portion based on the entire shape data, 
wherein the body portion cover covers the body portion and fixes a shape of 
the body portion into a specific shape.  
20 12. The method of claim 8, wherein when a first posture of a patient at 
which the medical image data is taken and a second posture of the patient at which 
surgery is performed are different, the method further comprises calculating a 
positional change of the treatment target region when a posture of the patient changes 
from the first posture to the second posture, 
25 wherein the setting of the at least one target point, the setting of each first 
32
point, and the setting of the length of the guide tube are performed based on the 
changed position of the treatment target region.  
13. The method of claim 9, wherein the setting of the first point includes 
5 setting the first point from which the medical instrument reaches the target point 
without passing through the treatment target region.  
14. The method of claim 8, wherein when the medical instrument is 
curved at a specific curvature, the setting of the first point includes setting the first 
10 point from which the medical instrument reaches the target point while moving along 
a curved path having the specific curvature within the body, 
wherein the generating of the last shape data includes generating curvature 
data of the guide tube equal to the curvature of the medical instrument.  
15 15. A customized surgical guide producing program stored in a medium 
for carrying out the method of one of claims 8 to 14 in combination with a computer 
as hardware.  
20 
33
ABSTRACT 
The present invention relates to a customized surgical guide device and a 
customized surgical guide generating method and program. A customized surgical 
guide generating method according to another embodiment of the present invention 
5 comprises the steps of: acquiring body surface data and treatment area data from 
medical image data by a computer (S100); a first shape data generating step of 
generating first shape data on the basis of the body surface data, wherein the first 
shape data is data which corresponds to the shape of the body part cover (S300); a 
target point setting step of setting one or more target points, wherein the target point 
10 is a point which corresponds to the inside or the surface of an area to be treated 
(S500); setting individual first points on the body surface accessible to the target 
point with a medical tool (S700); setting a guide tube length on the basis of a 
distance from the first point to the target point (S900); and generating final shape 
data in which one or more guide tubes are combined to the first shape data by 
15 applying the guide tube length to the first point (S1100).  
34",20200813,ASAN FOUND,LEE JONG WON,A61B2017/008
US-2022273665-A1,Methods of treating inflammatory bowel diseases that target ripk2,"Described herein are methods, systems, compositions, and kits useful for the diagnosis and/or treatment of inflammatory bowel diseases, including Crohn&#39;s disease and ulcerative colitis in a subject, with an antagonist of RIPK2 activity or expression. The present disclosure relates to methods and systems for identifying and stratifying patients suitable for treatment with the antagonist to RIPK2 activity or expression, as described herein.",20220901,CEDARS SINAI MEDICAL CENTER,MCGOVERN DERMOT,A61K31/517
US-2023107354-A1,In Vivo Targeting of Extracellular Vesicles,"A method for chemically induced homing of extracellular vesicles (EVs) to a specific tissue or organ in a subject for either treatment or diagnosis of a medical condition, the method comprising administering to the subject an amount of a homing agent. The homing agent is at least one of a derivative of polyethylene glycol), or a derivative of phenothiazine;. The EVs are homed to the homing agent in the subject.",20230406,MAYO FOUND MEDICAL EDUCATION & RES,BANSAL ADITYA,A61K9/1277
US-2023143555-A1,Materials and methods relating to immunogenic epitopes from human papillomavirus,"Embodiments of the present disclosure pertain generally to head and neck squamous cell carcinomas (HNSCCs) related to human papillomavirus subtype 16 (HPV16) infections. More particularly, the present disclosure provides novel immunogenic epitopes from HPV16 E2, E6 and E7 antigens restricted by common human leukocyte antigen (HLA) alleles for the diagnosis and treatment of HNSCC. The HPV16 epitopes identified in the present disclosure can be used in combination with blockade of HPV16+ HNSCC-specific checkpoints for targeted immunotherapy.",20230511,UNIV ARIZONA STATE,KRISHNA SRI,A61P35/00
US-2023210091-A1,Dog collar,"An intelligent dog collar for monitoring physiological parameters of a dog, comprising:a movement sensor unit comprising an accelerometer and/or a gyrometer, wherein the movement sensor unit is configured to detect raw movement signals of the dog collar,a storage module storing a trained neural network, the neural network being configured to determine a physiologic information into raw movement signals detected by the movement sensor unit,a processing unit connected to the movement sensor unit and configured to operate the trained neural network,a memory configured to store the identified physiologic information,an interface for transmitting to a communication device the identified physiologic information.",20230706,INVOXIA,HUMBERT ÉRIC,A01K29/005
US-2023210473-A1,Clinical diagnostic and patient information systems and methods,"A patient information system is described. A virtual representation of a patient is generated using a captured image of the patient. A graphical user interface is displayed on the display, the graphical user interface including a first screen portion configured to display the virtual representation of the patient and a second screen portion configured to display information. A selection of an area of interest is received on the virtual representation of the patient. Clinical and diagnostic information associated with the selected area of interest is received and displayed in the second screen portion of the graphical user interface. The graphical user interface also includes a timeline that displays events of interest. A selection of an event of interest causes the second screen portion of the graphical user interface to display clinical and diagnostic information associated with the selected event of interest.",20230706,IDEXX LAB INC,HYSON REGINA MARIE,A61B90/36
US-2023312759-A1,Bispecific antibody against cd3 and cd20 in combination therapy for treating diffuse large b-cell lymphoma,"Provided are methods of clinical treatment of diffuse large B-cell lymphoma (DLBCL) (e.g., relapsed and/or refractory DLBCL ineligible for autologous stem cell transplant) in human subjects using a bispecific antibody which binds to CD3 and CD20 in combination with standard of car regimen of gemcitabine and oxaliplatin (GemOx).",20231005,GENMAB AS,ELLIOTT BRIAN,C07K16/468
US-11447515-B2,"Triterpene saponins, methods of synthesis and uses thereof","The present invention relates to triterpene glycoside saponin-derived adjuvants, syntheses thereof, intermediates thereto, and uses thereof. QS-7 is a potent immuno-adjuvant that is significantly less toxic than QS-21, a related saponin that is currently the favored adjuvant in anticancer and antiviral vaccines. Tedious isolation and purification protocols have hindered the clinical development of QS-7. A novel semi-synthetic method is provided wherein a hydrolyzed prosapogenin mixture is used to synthesize QS-7, QS-21, and related analogs, greatly facilitating access to QS-7 and QS-21 analogs for preclinical and clinical evaluation.",20220920,SLOAN KETTERING INST CANCER RES,GIN DAVID,C07H15/256
US-11564881-B2,Therapeutic agent targeting and fixation medical device using magnet array,Provided is a therapeutic agent targeting and fixation medical device that precisely targets a therapeutic agent including a magnetic substance by using an optimized array of magnets in consideration of an affected area of a patient.,20230131,UNIV NAT CHONNAM IND FOUND,PARK JONGOH,A61K9/0009
US-11571117-B2,Apparatus and methods for lubricating devices introduced into a body of a patient,"Apparatus and methods are provided for lubricating a medical device, such as a colonoscope, being introduced into a patient&#39;s body. In one embodiment, the apparatus includes a housing including a proximal surface, a distal surface, a channel extending between the proximal and distal surfaces; and a lubricant within an interior of the housing surrounding the channel such that a scope or other device inserted through the channel receives lubricant on its outer surface before introduction into a patient&#39;s body.",20230207,LEWIS DENNIS,LEWIS DENNIS,A61M25/02
US-11864868-B2,"Modular, portable and rapidly deployable system for health assessment","Disclosed is a modular, portable and rapidly deployable system for health assessment comprising a portable, rapidly deployable structure configured to provide immediate and real-time clinical prevention assessment services, which system allows for rapid assembly and disassembly, immediate deployment to even highly remote locations, and provides basic clinical prevention data and screening for a patient user, along with health education and awareness. In certain configurations, the system comprises modular walls that connect to one another to form the shell of a structure, and a plurality of medical instruments, all of which are configured for self-administration by a medically-untrained user. The user may engage one or more user interface devices that guide the user through the use of each medical instrument and collect the user&#39;s clinical data for analysis. Once the desired medical assessment devices have been used and the data collected, the data may be analyzed to provide the user a customized health assessment.",20240109,MORGAN STATE UNIV,AKERS TIMOTHY A,A61B5/02
US-12153426-B2,Transportation system to use a neural network to determine a variation in driving performance to promote a desired hormonal state of an occupant,A transportation system includes: a neural network to determine current inferred hormonal state data of an occupant of the vehicle based in part on received sensor data relating to the occupant; and an artificial intelligence-based system trained on a set of outcomes related to occupant in-vehicle experience. The artificial intelligence-based system is configured to: retrieve sensor data of the occupant; identify a difference between the current inferred hormonal state data and a desired hormonal state; determine a variation including one of configuring the vehicle for aggressive driving performance or configuring the vehicle for non-aggressive driving performance to promote the desired hormonal state of the occupant responsive to the current inferred hormonal state; and induce the variation in one or more occupant experience parameters to achieve at least one desired outcome.,20241126,STRONG FORCE TP PORTFOLIO 2022 LLC,CELLA CHARLES HOWARD,G06Q10/40
US-10722719-B2,Vibration-based secure side channel for medical devices,"According to some embodiments, a system for securing communications between an implantable wearable medical device (IWMD) and an external device (ED) is disclosed. The system includes a wireless radio frequency (RF) channel configured for communication between the IWMD and the ED. The system further includes a vibration-based side channel configured for verifying communication between the IWMD and the ED such that the RF channel is activated only when the IWMD detects a vibration signal generated by an ED.",20200728,UNIV PRINCETON,KIM YOUNGHYUN,H04W12/33
US-10737068-B2,Temporary retention device,"A retention device for anchoring indwelling catheters, sheath introducers, feeding tubes, ostomy bags or other medical devices beneath the skin of a patient includes an deployable section coupled to a medical device; following introduction into a patient, the deployable section is subcutaneously deployed, securely anchoring the device and coupled medical device for the duration of treatment.",20200811,INTERRAD MEDICAL INC,ROSENBERG MICHAEL S,A61M25/02
US-2022305139-A1,"Immune microbubble complex, and use thereof","Provided is an immune microbubble complex, and a use thereof. An immune-microbubble complex (IMC) according to the presently claimed subject matter includes microbubbles to which an antibody is conjugated, in which the microbubbles have excellent stability and excellent antibody binding strength, and it was confirmed that, when the immune-microbubble complex is treated with high-intensity focused ultrasound (HIFU), an anti-tumor effect is significantly increased and an immune-enhancing effect is exhibited. Therefore, the immune-microbubble complex according to the presently claimed subject matter is expected to increase the efficiency of delivering the conjugated antibody and be used in both diagnosis and treatment of cancer, and exhibit various functions in the field of immunotherapy, including a contrast effect, half-life improvement, improved drug delivery, a lymphocyte concentration effect, cancer immunotherapy and induction of immunotherapy using ultrasound.",20220929,IMGT CO LTD,KIM DAEHYUN,G01N33/575
US-2022355469-A1,Multi-degree-of-freedom myoelectric artificial hand control system and method for using same,"Provided are a multi-degree-of-freedom myoelectric artificial hand control system and a method for using same. The system comprises a robotic hand, a robotic wrist ( 2 ), a stump receiving cavity ( 1 ) and a data processor ( 3 ), wherein the robotic hand and the stump receiving cavity ( 1 ) are respectively mounted on two ends of the robotic wrist ( 2 ); a multi-channel myoelectric array electrode oversleeve, a control unit circuit board, and a battery are connected in the stump receiving cavity ( 1 ); and the other end of the control unit circuit board is connected to the robotic hand and the robotic wrist ( 2 ). The method for using the system comprises the following steps: (S 1 ) a user wearing a multi-channel myoelectric array electrode oversleeve, and connecting a battery and a control unit circuit board; (S 2 ) the user completing a gesture, collecting a surface electromyography signal and then uploading same to a data processor ( 3 ); (S 3 ) the data processor ( 3 ) receiving the surface electromyography signal and inputting same into a neural network algorithm to generate a gesture prediction model; and (S 4 ) the user controlling the multi-degree-of-freedom movement of the robotic wrist ( 2 ) and the robotic hand. By means of the system, continuous gestures and the gesture strength thereof can be identified, and multi-degree-of-freedom gestures can be made.",20221110,UNIV SOUTHEAST,SONG AIGUO,A61F2/72
US-2023042509-A1,Treatment for diseases caused by rna viruses,"Up-regulation of caspase has been found in COVID-19 patients, and also occurs in patients suffering from diabetes, hypertension, metabolic syndrome, and other conditions. Such up-regulation can be responsible for poor clinical outcomes in patients having such diseases or disorders, as such up-regulation leads to a process called pyroptosis: death and malfunction of immune system cells, particularly of certain types of lymphocytes. An inhibitor of caspase such as a caspase 1 inhibitor, or “pan-caspase” inhibitor (i.e., an inhibitor of multiple caspase types including caspase-1), can be used to treat COVID-19 patients or individuals at risk of infection, by limiting the malfunction of the immune system. A caspase-1 or pan-caspase inhibitor is advantageously administered before or very early in the course of infection by a positive-sense, single-stranded RNA virus such as SARS-CoV, MERS-CoV, or SARS-Cov-2.",20230209,AMERIMMUNE LLC,ALPAN ORAL,A61K38/55
WO-2018202922-A1,A minimally invasive diagnostic device,"The present invention relates to a minimally invasive diagnostic device. The invention finds utility in the field of minimally invasive medical devices for indicating the presence of an analyte in a sample to be tested. Specifically, the present invention relates to a minimally invasive diagnostic device comprising an array of microneedles formed from a microporous material and in fluid communication with a reservoir, wherein the reservoir comprises a visual indicator for indicating the presence of an analyte in a sample to be tested.",20181108,UNIV ULSTER,CALLAN JOHN,A61B2562/125
WO-2019108028-A1,"포터블 피부 상태 측정 장치, 및 피부 상태 진단 및 관리 시스템","The present invention relates to a portable device for measuring skin condition and a skin condition diagnosis and management system using same. The device for measuring skin condition according to the present invention is a portable type of device that can be easily carried by a user, and when an image of a user&#39;s face is captured, can acquire a clear image of the entire face of the user by effectively controlling the user&#39;s face position.",20190606,LULULAB INC,YOO SANG WOOK,G06V40/168
US-12024724-B2,Oncolytic virus strain,"The present invention relates to an oncolytic virus which is, or is derived from, a clinical isolate which has been selected by comparing the abilities of a panel of three or more clinical isolates of the same viral species to kill tumor cells of two or more tumor cell lines in vitro and selecting a clinical isolate which is capable of killing cells of two or more tumor cell lines more rapidly and/or at a lower dose in vitro than one or more of the other clinical isolates in the panel.",20240702,REPLIMUNE LTD,COFFIN ROBERT,C12N2740/13022
US-12026636-B2,Cognitive platform for deriving effort metric for optimizing cognitive treatment,"Adaptive modification and presentment of user interface elements in a computerized therapeutic treatment regimen. Embodiments of the present disclosure provide for non-linear computational analysis of cData and nData derived from user interactions with a mobile electronic device executing an instance of a computerized therapeutic treatment regimen. The cData and nData may be computed according to one or more artificial neural network or deep learning technique to derive patterns between computerized stimuli or interactions and sensor data. Patterns derived from analysis of the cData and nData may be used to define an effort metric associated with user input patterns in response to the computerized stimuli or interactions being indicative of a measure of user engagement or effort. A computational model or rules engine may be applied to adapt, modify, configure or present one or more graphical user interface elements in a subsequent instance of the computerized therapeutic treatment regimen.",20240702,AKILI INTERACTIVE LABS INC,ALAILIMA TITIIMAEA,G16H50/70
US-11628025-B2,Robotic surgical system for protecting tissue surrounding a surgical site,"Systems and methods are provided for determining acceptable ranges of pressures for use by a robotic arm on a surgical instrument, robotic systems and methods that are limited to using the acceptable ranges of pressures, and the medical devices for use in the robotic surgery. Learning software is included in the methods and systems for correlating manually-performed procedures with pressure sensors as a tactile gauge for qualifying the acceptable ranges of pressures for use by a robotic system. Robotic systems and methods are provided for (i) locating tissue borders of a surgical site, (ii) identifying a preferred pressure, and (iii) transmitting the data to the computer to avoid violating the integrity of tissue surrounding the surgical site.",20230418,INTEGRITY IMPLANTS INC,WALSH CHRISTOPHER,A61B2034/303
US-2024312326-A1,Responder network,"A variety of methods, medical devices, responder network servers, emergency services interfaces and call center related processes are described that can help improve responder networks designed to get a medical device such as an automated external defibrillator and/or volunteer responders to the scene of a potential medical incident.",20240919,AVIVE SOLUTIONS INC,JAFRI SAMEER,H04W4/16
US-2024335174-A1,Automated nonlinear registration in multi-modality imaging,"Automatic registration of multi-modal coronary imaging data is disclosed. First imaging data acquired using a first modality (e.g., positron emission tomography (PET) imaging) is applied to a neural network to output pseudo imaging data that is associated with a second modality (e.g., computed tomography (CT) imaging). The pseudo imaging data is then compared with (e.g., via nonlinear diffeomorphic registration) second imaging data acquired using the second modality to generate transformation information. This transformation information can then be applied to the first imaging data or other imaging data acquired in the first modality to register that imaging data with the second imaging data or other imaging data acquired in the second modality.",20241010,CEDARS SINAI MEDICAL CENTER,Slomka Piotr,G06T7/0012
US-2024339228-A1,"System, method, and computer program for providing cognitive and social therapy services to children with developmental disabilities",A treatment service mediation server includes a metaverse space providing unit configured to provide a metaverse space for the cognitive and social treatment service to a device of the child with developmental disabilities and a device of a therapist; a data collection unit configured to collect life-logging data including user data and cognitive and social response data of the child with developmental disabilities; a mental state estimation unit configured to estimate a mental state of the child with developmental disabilities from the life-logging data through an artificial intelligence model; a treatment service providing unit configured to provide the cognitive and social treatment service of the child with developmental disabilities to the device of the child with developmental disabilities based on the estimated mental state of the child with developmental disabilities; and a treatment result providing unit configured to provide a treatment result report on the cognitive and social treatment service.,20241010,DUBU INC,KAM HYE JIN,A61B2503/06
US-2024359013-A1,Biomodulaton system,"Systems and techniques for wireless implantable devices, for example implantable biomedical devices employed for biomodulation. Some embodiments include a biomodulation system including a non-implantable assembly including a source for wireless power transfer and a data communications system, an implantable assembly including a power management module configured to continuously generate one or more operating voltage for the implantable assembly using wireless power transfer from the non-implantable assembly, a control module operably connected to at least one communication channel and at least one stimulation output, the control module including a processor unit to process information sensed via the at least one communication channel and, upon determining a condition exists, to generate an output to trigger the generation of a stimulus.",20241031,PURDUE RESEARCH FOUNDATION,IRAZOQUI PEDRO,A61N1/37223
US-2020337605-A1,Miniaturized sensing probe and manufacturing method thereof,A miniaturized sensing probe and a manufacturing method thereof are provided. The miniaturized sensing probe includes: a probe substrate including a probe part and a circuit connection part; a sensor disposed on the probe part and electrically connected to the circuit connection part; and a needle unit used to accommodate the probe part of the probe substrate; wherein the sensor performs sensing when placed into an analyte through the needle unit and transmits a sensing signal through the circuit connection part. The miniaturized sensing probe of the present invention may be easily placed into the analyte without the use of other instrument or surgery. This means is of benefit to a clinician performing an early diagnosis on a patient with a peripheral vascular disease or monitoring the biological value of the muscle during surgery in real time.,20201029,UNIV NATIONAL CHIAO TUNG,CHENG YU-TING,A61B5/14735
US-2021016950-A1,A medical device container,"To provide a medical device container, which enables transportation of a stored medical device in a fixed condition. A medical device container includes a container body having an opening portion at the upper portion; a holder, which is housed in the container body, for holding at least one medical device; and a gas non-permeable film sealing the opening portion of the medical device container; wherein the internal pressure of the medical device container is set to a value less than the atmospheric air pressure.",20210121,DAIKYO SEIKO LTD,YOSHIDA TAKAYUKI,A61B50/30
US-2021018503-A1,Integrated functional and molecular profiling of cells,"Presented herein are methods of evaluating cellular activity by: placing a cell population on an area; assaying for a dynamic behavior of the cell population as a function of time; identifying cell(s) of interest based on the dynamic behavior; characterizing a molecular profile of the cell(s); and correlating the obtained information. The assayed dynamic behavior can include cellular activation, cellular inhibition, cellular interaction, protein expression, protein secretion, cellular proliferation, changes in cellular morphology, motility, cell death, cell cytotoxicity, cell lysis, and combinations thereof. Sensors associated with the area may be utilized to facilitate assaying. Molecular profiles of the cell(s) can then be characterized by various methods, such as DNA analysis, RNA analysis, and protein analysis. The dynamic behavior and molecular profile can then be correlated for various purposes, such as predicting clinical outcome of a treatment, screening cells, facilitating a treatment, diagnosing a disease, and monitoring cellular activity.",20210121,UNIV HOUSTON SYSTEM,VARADARAJAN NAVIN,A61K40/4211
US-2021046320-A1,Voltage converting device,"A voltage converter for medical devices includes a switch capacitor converter core including a plurality of power transistor switches configured to receive an input voltage and output an output voltage; a switch driver connected with the switch capacitor converter core and configured to turn on corresponding power transistor switches in the switch capacitor converter core so as to supply power to a load receiving the output voltage; a switch signal router connected with the switch driver and configured to selectively transmit signals required by the switch driver; a gain selection decoder connected with the switch signal router; a gain controller connected with the gain selection decoder, the gain selection decoder being configured to decode gain selection instructions transmitted from the gain controller; an input adjusting device connected with the gain controller and configured to receive the input voltage and a reference voltage, to indicate relationship between the input voltage and the reference voltage, and to transmit the relationship to the gain controller; and an output adjusting device connected with the gain controller and configured to receive the output voltage and the reference voltage, to indicate relationship between the output voltage and the reference voltage, and to transmit the relationship to the gain controller.",20210218,TAN MIN,TAN MIN,A61N1/025
US-2021057101-A1,In-home remote monitoring systems and methods for predicting health status decline,"The present application relates generally to in-home monitoring and an early health crisis alarm system for elderly individuals and patients with chronic diseases. In one aspect, using artificial intelligence and signals from electricity usage, water usage, ballistocardiography (BGC), and ultra-wideband radar, the system and methods may be used to identify and track daily human activities and physical status in the home. Anomalies to patterns can be determined by identifying disruptions in previously established patterns.",20210225,VINYA INTELLIGENCE INC,DESA MICHAEL E,G06N7/01
US-2021162071-A1,Adeno-associated virus variant capsids and methods of use thereof,"Provided herein are variant adeno-associated virus (AAV) capsid proteins having one or more modifications in amino acid sequence relative to a parental AAV capsid protein, which, when present in an AAV virion, confer increased infectivity of one or more types of retinal cells as compared to the infectivity of the retinal cells by an AAV virion comprising the unmodified parental AAV capsid protein. Also provided are recombinant AAV virions and pharmaceutical compositions thereof comprising a variant AAV capsid protein as described herein, methods of making these rAAV capsid proteins and virions, and methods for using these rAAV capsid proteins and virions in research and in clinical practice, for example in, e.g., the delivery of nucleic acid sequences to one or more cells of the retina for the treatment of retinal disorders and diseases.",20210603,4D MOLECULAR THERAPEUTICS INC,KIRN DAVID H,A61K39/235
US-11992196-B2,Needle handle with vacuum chamber,"A device having a sheath, a medical device, a stylet, a handle and a plunger device. The handle includes portions connected proximal ends of the sheath, the medical device and the stylet and a chamber portion connected to the actuator. The chamber portion includes a volume of space configured to volumetrically connect to at a lumen of the medical device, the sheath or the stylet and a plunger device configured to be slidably received within the chamber portion. The plunger device is able to pneumatically isolate a proximal portion of the volume of space from a distal portion of the volume of space. Proximal movement of the stylet and the plunger device cause a suction effect (i.e., reduced pressure) at the distal end of the sheath, the medical device and/or the stylet.",20240528,GYRUS ACMI INC,GONZALEZ HUGO X,A61B10/0283
US-2023405223-A1,Medical device data integration apparatus and methods,"Methods, systems, and apparatuses for integrating medical device data are disclosed. In an example embodiment, a server receives infusion therapy progress data that is generated by an infusion pump and renal failure therapy progress data that is generated by a renal failure therapy machine. The server also receives physiological data that is generated by at least one physiological sensor. The server determines fluid balance data based on a difference between the infusion therapy progress data and the renal failure therapy progress data. The server stores the fluid balance data in conjunction with hemodynamic information from the physiological data to a patient&#39;s medical record.",20231221,BAXTER INT,HANDLER JONATHAN ALAN,H04L67/56
US-2024254450-A1,Alveolar organoid generation using only decm hydrogels with dropping suspension technology,"The present invention relates to a method of producing an alveolar organoid by a dropping suspension culture technique using decellularized extracellular matrix (dECM) hydrogel, and according to the present invention, when an organoid is produced by a dropping suspension culture method using dECM, as in a living organism, an organoid in which cells and dECM are fused may be formed. Moreover, since dECM is what remains after all cells have been removed from tissue and thus is easily applied clinically, the produced organoid is expected to be useful for disease modeling, drug screening, regenerative medicine, etc.",20240801,CATHOLIC UNIV KOREA IND ACADEMIC COOPERATION FOUNDATION,KIM SUNG WON,A61K35/42
US-2022203607-A1,"Medical devices, uses and additive manufacture thereof","Disclosed herein are methods of making and using compositions comprising medical devices, particularly medical devices made from resorbable polymers.",20220630,POLY MED INC,TAYLOR MICHAEL SCOTT,B33Y80/00
US-2022257323-A1,Load sensing of elongated medical device in robotic actuation,An apparatus includes a drive module having a drive module base component and a load-sensed component. An elongated medical device (EMD) is removably coupled to an isolated component. The isolated component is isolated from an external load other than an actual load acting on the EMD. The isolated component is removably coupled to the load-sensed component. A load sensor is secured to the drive module base component and the load-sensed component sensing the actual load acting on the EMD.,20220818,CORINDUS INC,SABER OMID,A61M25/0113
US-2022330925-A1,"Ultrasound diagnostic system, ultrasound diagnostic apparatus, and diagnosis assisting server","A display frame data array is transferred from an ultrasound diagnostic apparatus to a diagnosis assisting server. The display frame data array is analyzed in the diagnosis assisting server, and a diagnosis assisting data array is generated. The diagnosis assisting data array is transferred from the diagnosis assisting server to the ultrasound diagnostic apparatus. A display processing unit combines the display frame data array and the diagnosis assisting data array while synchronizing the data arrays.",20221020,FUJIFILM HEALTHCARE CORP,ISHIGURO SUGURU,A61B8/5292
US-2022362285-A1,Water-activated mucoadhesive compositions to reduce intestinal absorption of nutrients,This disclosure relates to compositions including formulated sucralfate or other aluminum-crosslinked sulfated agents for delivery of agents to biological surfaces and/or the modulation of nutrient absorption through the intestinal lining as well as methods for the manufacture of and the use of these compositions for treating disorders including diabetes type II and clinical obesity that require a modulation of certain nutrients to the body.,20221117,BRIGHAM & WOMENS HOSPITAL INC,KARP JEFFREY M,A61K31/7024
US-2023056612-A1,Systems and methods for correcting spinal deformities,"The present invention relates generally to medical devices and methods generally aimed at spinal surgery. In particular, the disclosed system and associated methods relate to performing spinal fixation with the use of a deformity system.",20230223,NUVASIVE INC,CASEY NIALL,A61B17/7032
US-2023111601-A1,Assessing artificial intelligence to assess difficulty level of ultrasound examinations,Described herein are systems and methods for using artificial intelligence (AI) in real-time to assess the difficulty level of a patient being scanned and assigning an objective scanning difficulty level (SDL) to the patient to help inform medical personnel and educators of the difficulty of scanning said patient.,20230413,UNIV SOUTH CAROLINA,HOPPMANN RICHARD,G16H50/30
US-2023255467-A1,"Diagnostic imaging device, diagnostic imaging method, diagnostic imaging program, and learned model","Provided are a diagnostic imaging device, a diagnostic imaging method, a diagnostic imaging program and a learned model, which can improve the diagnostic accuracy for esophagus cancer in esophagogastroduodenoscopy. This diagnostic imaging device comprises: an endoscopic image acquisition unit for acquiring an endoscopic moving image showing the esophagus of a person being tested; an estimation unit for estimating the location of esophagus cancer that is present in the acquired endoscopic moving image, using a convolutional neural network that has learned from esophagus cancer images as training data, the esophagus cancer images having been obtained from esophaguses affected by esophagus cancer; and a display control unit that superimposes on the endoscopic moving image an estimated location of the esophagus cancer and a certainty factor serving as an index for the probability that esophagus cancer is present at that location.",20230817,JAPANESE FOUND FOR CANCER RES,IKENOYAMA YOHEI,G16H50/20
US-2023389793-A1,Method for assigning a vertigo patient to a medical specialty,"The present invention relates to a method for assigning a dizzy patient (SP) to a medical specialty (MF), comprising the following steps:
         Capture of eye movements (AB) of the dizzy patient (SP) in the form of video data (VD),   Processing the acquired video data (VD) in a neural network (NN),   Determine at least one medical specialty (MF) based on the result of processing in the neural network (NN),   Outputting an assignment of the dizzy patient (SP) to the specific at least one medical specialty (MF).",20231207,VERTIFY GMBH,STOCKER CHRISTOF,A61B3/113
US-2024075299-A1,An Implantable Medical Device Configured to Provide an Intra-Cardiac Function,"An implantable medical device configured to provide for an intracardiac function, the implantable medical device comprises a body, a sensor arrangement arranged on the body and configured to receive cardiac sense signals, and a processing circuitry operatively connected to the sensor arrangement. The processing circuitry is configured to process cardiac sense signals received using the sensor arrangement to detect a signal deflection potentially indicative of an atrial event caused by atrial activity to obtain an atrial detection, to detect a signal deflection indicative of a ventricular event caused by ventricular activity succeeding said atrial detection, to determine an atrial-ventricular interval representing a time between the atrial detection and the ventricular event, and to identify the atrial detection as valid or invalid based on the atrial-ventricular interval.",20240307,BIOTRONIKSE & CO KG,MIDGETT MADELINE ANNE,A61N1/365
US-2024101568-A1,Novel benzazepine spiro derivative,"A benzazepine spiro derivative as represented by formula (I) and a pharmaceutically acceptable salt thereof, and the use of a compound in the diagnosis, prevention and/or treatment of diseases related to vasopressin receptors.",20240328,SHANGHAI JEMINCARE PHARMACEUTICALS CO LTD,LU HONGFU,C07D487/10
US-2024173503-A1,Airway securement apparatus and method for use in stable environments,"An adjustable airway securement apparatus and method that enables precise, safe and effective positioning and maintenance of an airway device or endotracheal tube apparatus (ETT) in airways of patients in low-risk stable environments. The system is easy to install on and remove from a patient, while at the same time being sufficiently robust to maintain the airway device in its preferred position in a patient&#39;s trachea and to prevent clinically significant movement thereof. If a patient must be moved and a more robust airway securement and stabilization system is needed, the more robust system is sequentially installed on the patient in conjunction with corresponding sequential removal of the less robust apparatus while maintaining a continuous and secure airway and ventilation of the patient.",20240530,SECURISYN MEDICAL LLC,KANOWITZ ARTHUR,A61M16/0688
US-2024268628-A1,"Information processing apparatus, information processing system, information processing method, and program","To improve privacy protection. An information processing apparatus according to an embodiment includes: an input unit that acquires information including an operation by a user on a medical device on a computer network; an acquisition unit that acquires operation information for remotely operating the medical device on the basis of the operation input to the input unit; a generation unit that generates operation data for remotely operating the medical device using the operation information; and a transmission unit that transmits the operation data to the computer network, in which the operation data does not include personal information of the user.",20240815,SONY GROUP CORP,KATSUKI SHINJI,G06F21/6263
US-2019046091-A1,Physical condition management device and method for same,"A physical condition management device and a method thereof capable of performing early detection of metabolic disease, nutritional guidance, and a physical condition management diagnosis. The physical condition management device includes: an irradiation unit configured to radiate light at a predetermined light intensity toward an inside of a living body from outside of the living body; a light intensity detection unit configured to detect light intensity emitted from the living body; a scattering coefficient calculation unit configured to calculate a scattering coefficient of light inside the living body on the basis of the detected light intensity; a particle diameter calculation unit configured to calculate a variation of an average particle diameter of a lipid in blood on the basis of a variation of the scattering coefficient; and a physical condition determination unit configured to determine a physical condition from a temporal change in the variation of the average particle diameter.",20190214,MEDICAL PHOTONICS CO LTD,IINAGA KAZUYA,G01N21/47
US-2019096122-A1,Anatomical model displaying,"Systems and methods of automatically controlling, on a graphical user interface used by a physician, display views of an anatomic structure of a patient. Such systems and methods of automatically controlling display views of an anatomic structure of a patient can facilitate visualizing a position of a medical device relative to the anatomic structure during a medical procedure directed to the anatomic structure. In certain implementations, the systems and methods of the present disclosure provide automatic display views of a cardiac catheter relative to a three-dimensional model of a patient&#39;s heart cavity during a medical procedure such as cardiac ablation.",20190328,AFFERA INC,HARLEV DORON,G06T2219/2016
US-2019365208-A1,Catheter and tube introducer,"The present invention generally relates to a medical device and a method of using a medical device. Specifically, the invention relates to a tube introducing device designed to introduce catheters, endoscopes and the like medical devices into organs and body lumens during procedures such as esophageal manometry, esophageal pH tests, and the placement of trans-nasal feeding tubes and a method of use thereof.",20191205,PATCOM MEDICAL INC,SCHMITZ CHRISTOPH BURKHARD,A61B1/00154
US-2019365915-A1,Modified self-immolating moieties for use in prodrugs and conjugates and methods of using and making,"can be used to make antibody-drug conjugates. The conjugates so made are stable in both human and mouse serum, enabling the performance of pre-clinical studies using a mouse model.",20191205,BRISTOL MYERS SQUIBB CO,POUDEL YAM B,A61K47/65
US-2020011713-A1,Non-invasive dental equpment monitoring system,"A non-invasive dental or surgical monitoring system is disclosed. The monitoring system is comprised generally of dental or surgical equipment to be monitored, a main sensor unit, a set of sensors. The main sensor unit is in communication with various sensors removably attached to the equipment. The sensors monitor environment conditions related to the equipment rather than directly monitoring the equipment. The collected data is sent to the main sensor unit and can be accessed, or wirelessly transmitted by signal to a device or devices at another location. As collected data aggregates, a data profile can be created, machine learning can be used to discover patterns, and predictive analysis can be incorporated to help software make predictions of, or spot in real time, equipment problems based on deviations from the profile.",20200109,MOORE BRANDON,MOORE BRANDON,G16H40/63
US-2018110487-A1,System and method for medical imaging and diagnosis,A device for transferring a subject in a medical procedure may be provided. The device may include a transmission assembly configured to transfer a subject to a scanning region of a medical device. The device may further include a supporting assembly supporting the transmission assembly. The supporting assembly may include at least one board and at least two supporting units supporting the at least one board. The at least two supporting units may be disposed at two sides of the scanning region of the medical device.,20180426,SHENZHEN UNITED IMAGING HEALTHCARE CO LTD,LIU WEIPING,A61B5/704
US-2019381014-A1,Isoquinolinone compounds and use thereof in preparation of antiviral drugs,"Disclosed is an isoquinolinone compound as shown in Formula (I) or a stereoisomer, pharmaceutically acceptable salt, solvate or crystal thereof, and a preparation method thereof, and use thereof in the preparation of drugs for treating or preventing viral infectious diseases caused by the hepatitis B virus (HBV) and other viruses, in particular, use thereof in drugs as HBV surface antigen inhibitors and HBV DNA production inhibitors. The compound has a significant activity in inhibiting hepatitis B surface antigen and hepatitis B DNA, and is possible to significantly improve the probability of curing hepatitis B by administration in combination with nucleoside drugs or other drugs in the future, and has good clinical application prospects.",20191219,GINKGO PHARMA CO LTD,CHEN LI,C07D455/06
US-2020305739-A1,Portable scanning device and processing system,"A portable device for diagnosing medical conditions and/or physiological reactions includes internal sensors, cameras, mirrors, lasers, electronics, speakers and/or other components. Sensors may be mounted on one or more internal gimbals for stability. The device transmits data it obtains to be processed. Deep learning and other algorithms and tools may be employed to make a diagnosis, detect physiological reactions, or make other observations from data received from the device, as desired. Information from the analysis may be communicated to the device for display. In one embodiment, the device is in the shape of a common item such as a coffee cup. In another embodiment, the device is in the form of a musical instrument and is configured to sense a subject&#39;s reaction to music, beats, and/or other stimuli.",20201001,GETMAN ANYA L,GETMAN ANYA L,A61B5/1455
US-2021009692-A1,Combination of Anti-LAG-3 Antibodies and Anti-PD-1 Antibodies to Treat Tumors,"Provided are methods for clinical treatment of tumors (e.g., advanced solid tumors) using an anti-LAG-3 antibody in combination with an anti-PD-1 antibody.",20210114,BRISTOL MYERS SQUIBB CO,KORMAN ALAN J,C07K2317/73
US-2021060295-A1,Deflectable torque cable for delivery of medical devices,"A delivery cable for delivering a medical device and a delivery device including the same are described herein. The delivery cable includes a flexible inner core, an outer coil surrounding at least a portion of the flexible inner core, and a pull wire disposed between the flexible inner core and the outer coil, the pull wire configured to deflect a distal deflectable portion of the delivery cable upon manipulation thereof. Methods of making the delivery cable and methods of using the delivery cable to deploy a medical device are also described herein.",20210304,ST JUDE MEDICAL CARDIOLOGY DIV INC,OSTERBAUER PHILIP,A61B2017/00323
US-2018008180-A1,Blood Collection Tube Holder with Discharge Needle Displacement Member,"A medical device configured as a blood collection tube holder, the device having a body with two spaced-apart, oppositely facing, coaxially aligned needles including a forwardly facing venipuncture needle and a rearwardly facing fluid discharge needle, the two needles being held by first and second needle holders separated by a compressible fluid seal defining part of a fluid path between the two needles and the two needle holders. The body also includes a discharge needle displacement member that is manually repositioned following removal of the last blood tube holder so that the discharge needle displacement member contacts the second needle holder and displaces the second needle holder and the fluid discharge needle laterally inside the body to initiate retraction of the venipuncture needle into a rearwardly projecting needle retraction chamber.",20180111,SHAW THOMAS J,SHAW THOMAS J,A61B5/153
US-2018326128-A1,Absorbable Iron-based Alloy Implanted Medical Device and Manufacturing Method Thereof,"Disclosed are an absorbable iron-based alloy implanted medical device ( 1 ) and preparation method thereof. The device ( 1 ) comprises an iron-based alloy base ( 11 ), a degradable polymer ( 13 ) arranged on the surface of the iron-based alloy base, and an alkaline protector ( 12 ) arranged on the surface of the iron-based alloy base. The alkaline protector ( 12 ) contains at least one alkaline substance capable of neutralizing the acidic substance produced by the polymer at the early stage after the device is implanted to delay the corrosion of the iron-based alloy base ( 1 ) in the early stage of implantation, hence the iron-based alloy base ( 12 ) would not substantially corrode or would corrode slowly, clinically satisfying the mechanical properties and requirements of the device ( 1 ) in the early stage of implantation; and in the meantime, after the neutralization and consumption of the alkaline protector ( 12 ) exposes the base ( 11 ), the base ( 11 ) can still accelerate the corrosion speed thereof in the acidic environment formed by the polymer ( 13 ), so as to clinically satisfy the requirement of the corrosion cycle of the device ( 1 ) at the same time.",20181115,LIFETECH SCIENT SHENZHEN CO,QI HAIPING,A61F2250/0067
US-2018371062-A1,Human cytomegalovirus neutralizing antibodies and use thereof,"The invention relates to neutralizing antibodies, and antibody fragments thereof, having high potency in neutralizing hCMV, wherein said antibodies and antibody fragments are specific for one, or a combination of two or more, hCMV gene UL products. The invention also relates to immortalized B cells that produce, and to epitopes that bind to, such antibodies and antibody fragments. In addition, the invention relates to the use of the antibodies, antibody fragments, and epitopes in screening methods as well as in the diagnosis, prevention, and therapy of disease.",20181227,INST RES BIOMEDICINE,LANZAVECCHIA ANTONIO,A61P31/22
US-2019090753-A1,"Method, system, software, and device for remote, miiaturized, and three-dimensional imaging and analysis of human lesions research and clinical applications thereof","A system, device, and accompanying software for the remote, three-dimensional, and high-throughput imaging and analysis of human lesions, across a range of wavelengths, lens radii and imaging sensors. This system, device, and software generates and analyses of tumor images at infrared wavelengths through the use of miniaturized, liquid lenses. It has a number of clinical, diagnostic, research, and other imaging applications, including the remote, three-dimensional, and high-throughput imaging and analysis of human cancer tumors.",20190328,CARSON JOSEPH,CARSON JOSEPH,A61B5/6853
US-2019192094-A1,Wheel alignment guide for medical equipment and method of use,"A wheel alignment guide that provides a visual indication of the desired placement of an apparatus. The wheel alignment guide includes a body having an opening disposed therein. The wheel alignment guide is configured to surround a portion of the apparatus, such as a wheel, via the opening. In addition, the wheel alignment guide is adapted to rest on a ground surface, being held in place via a charge, such as an electrostatic charge created by static cling vinyl. A wheel of a medical device is disposed within the opening of the wheel alignment guide after a desired position of the medical device is selected. If the medical device is moved during a medical procedure, the medical device may be repositioned due to the placement of the wheel alignment guide. Accordingly, the wheel alignment guide eliminates the need for inefficient markers and potentially-dangerous adhesives, particularly in an operating room.",20190627,OBRIEN GRAIG THOMAS,O'BRIEN GRAIG THOMAS,A61B6/0407
US-2019209663-A1,Antimicrobial agents,"The application relates to antimicrobial agents against Gram-negative bacteria, in particular to fusion proteins composed of an enzyme having the activity of degrading the cell wall of Gram-negative bacteria and a peptide stretch fused to the enzyme at the N- or C-terminus, as well as pharmaceutical compositions comprising the same. Moreover, it relates to nucleic acid molecules encoding such a fusion protein, vectors comprising said nucleic acid molecules and host cells comprising either said nucleic acid molecules or said vectors. In addition, it relates to such a fusion protein for use as a medicament, in particular for the treatment or prevention of Gram-negative bacterial infections, as diagnostic means or as cosmetic substance. The application also relates to the treatment or prevention of Gram-negative bacterial contamination of foodstuff, of food processing equipment, of food processing plants, of surfaces coming into contact with foodstuff, of medical devices, of surfaces in hospitals and surgeries.",20190711,LYSANDO AG,LAVIGNE ROB,A61P31/04
US-2024189129-A1,Sleeve gastrectomy calibration tube and method of using same,"One or more medical devices may be provided that may be used, for example, in bariatric surgery including a vertical sleeve gastrectomy. The one or more medical devices may include a laparoscopic sleeve gastrectomy stapling guide in conjunction with a calibration tube in accordance with one or more examples. According to an example, the calibration tube may be a flared, multi-diameter calibration tube. The flared, multi-diameter calibration tube may have a first diameter along a portion of the tube and a second diameter that may larger than the first diameter along at least another portion of the tube. The calibration tube may be used in conjunction with the stapling guide to align stomach such that it may be stapled along the stapling guide (e.g., to perform the vertical sleeve gastrectomy).",20240613,STANDARD BARIATRICS INC,THOMPSON JONATHAN,A61F5/0089
US-2024281965-A1,System and method for determining a risk of having or developing steatohepatitis and/or a complication thereof,"A computer-implemented method for determining a risk of having or developing steatohepatitis and/or a complication thereof in a subject. The method includes the steps of: receiving at least one image of the subject and at least one clinical and/or biological data, both previously obtained from the subject; calculating a score of fat infiltration heterogeneity on the at least one image based on at least one radiomic feature obtained for a region of interest including at least one skeletal muscle; combining the calculated score of fat infiltration heterogeneity with the at least one clinical and/or biological data previously obtained from the subject; determining a risk for the subject of having or developing steatohepatitis and/or a complication thereof based on the combination of the calculated score of fat infiltration heterogeneity with the at least one clinical and/or biological data.",20240822,UNIV CATHOLIQUE LOUVAIN,NACHIT MAXIME,G06T2207/30056
US-11824291-B2,Device with disposable element,"The construction of a medical device having a disposable element is disclosed. Detachable elements comprising a body having a retention feature, an electrical contactor, and sensors are also disclosed. Further disclosed are detachable elements comprising a body having a hole and a retention pocket, an electrical contactor, and a printed circuit board assembly (PCB) in contact with the innermost surface of the body that forms the retention pocket. Further disclosed are detachable elements comprising a body having an opening and a printed film comprising conductive elements, where the conductive elements comprise a sensor configured to be aligned with the opening to expose the sensor. Further disclosed are reusable components having matching retention features.",20231121,BRUIN BIOMETRICS LLC,BURNS MARTIN F,H01R12/7076
CN-107714995-A,A kind of Chinese medicine for treating hemorrhoid,"The invention discloses a kind of Chinese medicine for treating hemorrhoid, is made up of following weight number raw material：10 15 grams of Bai Huacao, 8 10 grams of kuh-seng, 8 10 grams of Rose Mallow Root, 20 30 grams of eclipta, 10 15 grams of Chinese gall, 10 15 grams of fig, 10 15 grams of rhizoma imperatae, 10 15 grams of sophora flower, 10 15 grams of golden cypress, 10 15 grams of coix seed, 8 10 grams of red halloysite, 8 10 grams of spina gleditsiae, windproof 8 10 grams, 8 10 grams of the banksia rose, 20 30 grams of honey-fried licorice root.Chinese medicine of the present invention is the differentiation of disease based on Chinese traditional treatment hemorrhoid formulates prescription with the dialectical principle being combined, there is cooling blood and hemostasis, clearing heat and detoxicating, promoting blood circulation and stopping pain, by stagnation resolvation mole the effect of, according to clinical verification, there is significant curative effect.",20180223,SU XIN,SU XIN,A61K36/8994
US-2021307892-A1,Carotid stent incorporating arch fulcrum catheters and flow reversal,"A medical device for treating a vascular narrowing within a blood vessel including a catheter having a proximal end hole, a distal end hole positioned opposite the proximal end hole, a circumferential balloon located proximally of the distal end hole and an operational lumen extending through the catheter from the proximal end hole to the distal end hole. A first bend curves in a first direction and a second bend curves in a second generally opposite direction, the second bend being positioned distally of the first bend and proximally of the circumferential balloon, wherein the first bend and the second bend are configured to brace the catheter within the blood vessel against an arch defined by the blood vessel to inhibit recoil of the catheter. A supplemental medical device is configured for insertion into the blood vessel through the operational lumen of the catheter.",20211007,WALZMAN DANIEL EZRA,WALZMAN DANIEL EZRA,A61M25/007
US-2022084210-A1,Segmentation and classification of geographic atrophy patterns in patients with age related macular degeneration in widefield autofluorescence images,"An automated segmentation and identification system/method for identifying geographic atrophy (GA) phenotypic patterns in fundus autofluorescence images. A hybrid process combines a supervised pixel classifier with an active contour algorithm. A trained, machine learning model (e.g., SVM or U-Net) provides initial GA segmentation/classification, and this is followed by Chan-Vese active contour algorithm. The junctional zones of the GA segmented area are then analyzed for geometric regularity and light intensity regularity. A determination of GA phenotype is made, at least in part, from these parameters.",20220317,ZEISS CARL MEDITEC INC,MANIVANNAN NIRANCHANA,G06V10/469
US-2022168165-A1,Wheeled Apparatus For Transporting A Portable Oxygen Concentrator Or Other Medical Device,"A wheeled apparatus is provided that is intended to be used for the safe movement of various medical devices and/or portable oxygen concentrators (POCs) that are now available on the market or through private or public health care systems, or will become available on the market or through private or public health care systems as medical device technology continues to progress. The dimensions for the present invention are variable to suit the specific medical device that the wheeled apparatus will be transporting. The wheeled apparatus additionally provides a highly maneuverable mobility device that can assist a user to have improved stability and/or balance while walking. The wheeled apparatus may be leaned on by a user and thereby used for support while transporting vital oxygen therapy equipment that is absolutely essential for the user. The wheeled apparatus may include a handle assembly having a telescopic handle, one or more sets of wheels or independently rotatable wheels, and a case body having mesh panels to provide ventilation and a plurality of pass through openings for receiving one or more connective apparatus.",20220602,FARRELL HEATHER,FARRELL HEATHER,A61M2209/084
US-2023037772-A1,Method for determining lens and apparatus using the method,"A method for determining a lens and apparatus using the method are disclosed. According to an embodiment, a method for determining a lens to be inserted into an eyeball during lens implant surgery using machine learning may be provided, the method comprising: obtaining a plurality of examination data of a person to be operated on; and determining a size of a lens to be inserted into an eyeball of the person among a plurality of lens sizes by inputting the obtained plurality of examination data of the person to a lens determination model, wherein the lens determination model is different from a formula for determining a lens to be inserted into an eyeball during lens implant surgery, and is trained based on examination data of patients who have had lens implant surgery in the past and size information of lenses inserted into eyeballs of the patients.",20230209,VISUWORKS,KIM JIN KUK,G16H50/30
US-2023230248-A1,"Information processing apparatus, information display apparatus, information processing method, information processing system, and storage medium","An information processing apparatus includes an estimation unit configured to estimate a diagnosis result for a medical image of a subject by using a learning model learned by a set of a medical image and a diagnosis result of the medical image, and an output unit configured to output a candidate for a treatment method to be applied to the estimated diagnosis result and an evaluation value for the candidate for the treatment method.",20230720,CANON KK,OHNO Satoko,G06T7/0012
US-2024139506-A1,Method for controlling flow in a bodily organ,"The present invention relates to a medical device for treating a male impotent patient. There is provided a medical device having a constriction device for exerting a force on at least one portion of a tissue wall of a penile portion of the patient to constrict the tissue wall, and a stimulation device with at least one electrode for stimulating the at least one portion of the tissue wall constricted by the constriction device to restrict blood flow leaving the penis to achieve erection, and an interconnection element arranged on the stimulation device to fixate the at least one electrode to the constriction device.",20240502,FORSELL PETER,FORSELL PETER,A61N1/36007
US-2021334679-A1,Brain operating system infrastructure,"Embodiments may provide an intelligent adaptive system that combines input data types, processing history and objectives, research knowledge, and situational context to determine the most appropriate mathematical model, choose the computing infrastructure, and propose the best solution for a given problem. For example, a method may comprise receiving data relating to a problem to be solved, generating a description of the problem, wherein the description conforms to defined format, obtaining at least one machine learning model relevant to the problem, selecting, at the computer system, computing infrastructure upon which to execute the at least one machine learning model relevant to the problem, wherein the selected computing infrastructure comprises a mesh of interconnected micro-applications including at least some deep cognitive neural networks, and executing the at least one machine learning model relevant to the problem using the selected computing infrastructure to generate at least one recommendation relevant to the problem.",20211028,HOWARD NEWTON,HOWARD NEWTON,G06N7/01
US-2021369193-A1,Consciousness level determination method and computer program,"A step of extracting components of one or more frequency bands from a first section of an EEG; a step of calculating a first index for each of the components of one or more frequency bands, wherein the first index is calculated based on a degree to which a magnitude of each of the components of one or more frequency bands with respect to a magnitude of a predetermined reference component in the first section exceeds a predetermined threshold value; a step of calculating a probability value for each of one or more patient statuses from the first index for each of the components of one or more frequency bands using a trained artificial neural network; and a step of determining the consciousness level of the patient based on the probability value for each of the one or more calculated patient statuses.",20211202,BRAINU CO LTD,KIM KWANG MOO,A61B5/372
US-2022040464-A1,Nanopatterned medical device with enhanced cellular interaction,"A medical device for delivering a drug compound through a stratum corneum includes a support having an aperture, an array of microneedles extending outwardly from the support, a plurality of nanostructures associated with each microneedle, and a reservoir wherein the drug compound is retained. At least one microneedle contains a shaft extending from the support. The shaft includes a tip configured to penetrate the stratum corneum. The shaft defines a channel extending from the support to the tip. The channel is in at least partial alignment with the aperture. At least some of the microneedles of the array of microneedles each have a cross-sectional dimension of from about 1 micrometer to about 1 millimeter. At least some of the nanostructures have a cross-sectional dimension less than about 500 nanometers and greater than about 5 nanometers and an aspect ratio of from about 0.2 to about 5.",20220210,SORRENTO THERAPEUTICS INC,ROSS RUSSELL FREDERICK,A61P37/06
US-2022118224-A1,Control handle with rotational cam mechanism for contraction/deflection of medical device,"A medical device has a distal member with a configuration that can be changed by means of a control handle with a control assembly employing a rotational cam, a shaft, and a pulley, where the rotational cam is rotationally mounted on a portion of the control handle for rotation by a user. The rotational cam operates on the shaft to move it proximally or distally depending on the direction of rotation which in turn rotates the pulley to draw or release a puller wire to change the configuration of the distal member of the medical device. The shaft is oriented along a diameter of the control handle. The shaft has two ends which extends through two axial guide slots in the portion of the control handle to sit two opposing helical tracks formed on inner surface of the rotational cam. The guide slots are parallel with the longitudinal axis of the control handle and therefore maintain the shaft&#39;s diametrical orientation as the rotational cam is rotated to move the shaft proximally or distally. Actuation of the puller wire by means of the control assembly can result in a change of the distal member&#39;s configuration, including deflection, contraction and/or expansion.",20220421,BIOSENSE WEBSTER INC,SCHULTZ JEFFREY W,A61B18/1492
US-2022160323-A1,Method of calibrating x-ray projection geometry in x-ray cone beam computed tomography,"The resent invention relates to a method of x-ray projection geometry calibration in x-ray cone beam computed tomography, the method comprising: at least one step (S1) of obtaining two-dimensional x-ray images (1) or a sinogram (2) of at least a part of an object (3), generated through relatively rotating around the object (3) a detector and an x-ray source projecting x-rays towards the detector; characterized by further comprising: at least one step (S4) of detecting in the two dimensional x-ray images (1) or the sinogram (2) at least one feature (3a) of the object (3) by using a trained artificial intelligence algorithm; and at least one step (S5) of creating, based on the detection, calibration information which defines the geometry of the x-ray projection.",20220526,DENTSPLY SIRONA INC,MAUR SUSANNE,G06T12/10
US-2022287732-A1,Intravascular lithotripsy,"A medical device may include an elongated body, a balloon positioned at a distal portion of the elongated body, and one or more pressure-wave emitters positioned along a central longitudinal axis of the elongated body within the balloon. The one or more pressure-wave emitters may be configured to propagate pressure waves radially outward through the fluid to fragment a calcified lesion at the target treatment site. The at least one of the one or more pressure-wave emitters may include an electronic emitter comprising a first electrode and a second electrode. The first electrode and the second electrode may be arranged to define a spark gap between the first electrode and the second electrode, and the second electrode may comprise a portion of a hypotube.",20220915,FASTWAVE MEDICAL INC,ANDERSON EDWARD,A61B17/22022
CN-113621702-A,"lncRNA marker, application thereof and kit","The invention belongs to the technical field of biology, and relates to an lncRNA marker which is used as a marker for glioma specific diagnosis and is named as KB-1460A 1.5; also relates to application of the reagent for detecting the expression level of the IncRNA marker in preparation of a glioma diagnosis or treatment or prognosis evaluation preparation and a kit. The invention discovers the application of lncRNA KB-1460A1.5 in the growth process of inhibiting glioma by regulating and controlling GSK3 beta/beta-catenin/TIMP 1 channel for the first time, and prompts that lncRNA KB-1460A1.5 can be used as a diagnosis and treatment target of glioma, thereby laying a foundation for research work such as therapeutic action of lncRNA on related diseases.",20211109,TIANJIN HUANHU HOSPITAL TIANJIN NEUROSURGICAL INST TIANJIN CENTRAL HOSPITAL OF BRAIN DEPARTMENT,XU LIXIA,C12N2320/32
CN-114246949-A,Application of ULK1 activator in preventing and/or treating hearing loss,"The invention belongs to the field of biomedicine, and discloses application of an ULK1 activator in preparation of a medicine for preventing and/or treating hearing loss, wherein the ULK1 activator comprises BL-918. According to the invention, through carrying out noise exposure experiment tests on a mouse model, the fact that the activity of ULK1 can be enhanced by administering ULK1 activator such as BL-918 before noise exposure, the autophagy level of spiral neurons in cochlea can be enhanced, hearing threshold shift caused by noise can be reduced, and the like, and the noise-induced hearing loss prevention effect is good for noise. As an ingredient of hearing protection, the ULK1 activator can also be administered as an effective treatment after hearing loss. The invention also discloses a pharmaceutical composition containing the ULK1 activator. The invention provides a new idea for preventing and treating hearing impairment, thereby having wide clinical application prospect.",20220329,AUXILIARY NINTH PEOPLE HOSPITAL OF SHANGHAI TRAFFIC UNIV MEDICAL COLLEGE,WU HAO,A61P27/16
US-2021128128-A1,Medical device to access pericardial space with control,A medical device has an outer tubular body and an inner tubular body. A tissue engagement member is attached to the distal end of the inner tubular body. The tissue engagement member and the inner tubular body are retractable inside the outer tubular body. The tip of the tissue engagement member is configured to penetrate the tissue of a patient and secure on an organ. The movement of the tissue engagement member is limited to a predetermined angle and a predetermined distance. The medical device is configured to deliver multiple agents and/or modalities through the inner tubular body. The agents and/or modalities are supplied through delivery mechanism placed inside of the inner tubular body. A method of treating cardiac condition includes applying one or more agents and/or modalities to the same area of the heart either simultaneously or sequentially.,20210506,TOY STEPHANIE,TOY STEPHANIE,A61B2017/3488
US-2021260221-A1,Nir-ii emissive luminogens,"Small molecule compounds having aggregation-induced emission (AIE) characteristics include donor-acceptor (D-A) structural NIR fluorophores based on 1,3-bis(dicyanomethylene)indan (BDCI), a strong and steric electron-deficient acceptor. A twisted quasi-double bond (TQDB) links each electron donor with the acceptor. The compounds can be used as NIR-II fluorescent dyes for in vivo imaging. The compounds can conjugate with bioactive molecules, such as peptides, sugars, aptamers and antibodies, to provide specific and active NIR-II fluorescent probes. The compounds can serve as active NIR-II fluorescent probes in many applications, such as, cancer cell-targeted imaging, accurate diagnosis of disease, and image-guided phototherapy.",20210826,THE HONG KONG UNIVERSTIY OF SCIENCE AND TECH,TANG BENZHONG,C09B23/0058
US-2021298638-A1,Method of Detection of Fatty Liver Diseases by Breath Analysis,"Analysis of a breath sample is a noninvasive point-of-care tool with ever increasing clinical applicability. Herein we describe a method to analyze the content of low-level, trace volatile organic compounds from alveolar breath captured as a breath sample from a patient suspected of having a fatty liver disease. The breath sample is then analyzed using a gas phase analysis methodology, such as gas chromatography-mass spectroscopy (“GCMS”), to generate an analysis result, such as a GCMS spectrum. A computer system is then used to develop a fingerprint pattern from the analysis result. The fingerprint pattern is then used to determine a patient status for the patient. The fingerprint pattern is typically a grouping of 75 to 450 compounds of known concentration which are indicative of a particular fatty liver disease.",20210930,Hygieia Sciences LLC,BAYER CHARLENE WARRES,A61B5/4845
US-2022005192-A1,Method and system for intracerebral hemorrhage detection and segmentation based on a multi-task fully convolutional network,"Embodiments of the disclosure provide systems and methods for detecting a medical condition of a subject. The system includes a communication interface configured to receive a sequence of images acquired from the subject by an image acquisition device and an end-to-end multi-task learning model. The end-to-end multi-task learning model includes an encoder, a Convolutional Recurrent Neural Network (ConvRNN), and at least one of a decoder and a classifier. The system further includes at least one processor configured to extract feature maps from the images using the encoder, capture contextual information between adjacent images in the sequence using the ConvRNN, and detect medical condition of the subject using the classifier based on the extracted feature maps of the image slices and the contextual information or segment each image slice using the decoder to obtain a region of interest indicative of the medical condition based on the extracted feature maps.",20220106,KEYAMED NA INC,GAO FENG,G06T12/00
US-2022046915-A1,Compositions and medical devices comprising anti-microbial particles,"This invention relates to compositions and medical devices comprising anti-microbial active particles, for inhibiting microbial growth. This invention further provides methods of making such compositions and medical devices.",20220217,NOBIO LTD,ZALTSMAN NATHAN,A01N33/12
US-2020079811-A1,Hybrid amphotericin b derivatives with reduced toxicity,"Disclosed are derivatives of amphotericin B (AmB) characterized by improved clinical efficacy with reduced toxicity compared to AmB. Also disclosed are pharmaceutical compositions comprising the AmB derivatives, therapeutic methods of using the AmB derivatives and methods of making the AmB derivatives.",20200312,UNIV ILLINOIS,BURKE MARTIN D,A61K9/0019
US-2020368511-A1,Compact high mechanical energy storage and low trigger force actuator for the delivery of microprojection array patches (map),"The present invention relates to devices and methods for providing a triggering mechanism which lowers the trigger force to activate the trigger mechanism to a comfortable range of while still preserving or increasing the speed at which the triggering mechanism accelerates or imparts velocity to a device attached to the triggering mechanism. The present invention further relates to improved applicators for administering microprojection arrays to skin and methods of administering microprojection arrays. In particular, the present invention relates to compact stable self-contained mechanical energy storage for delivery of a medical device such as a microprojection array.",20201126,VAXXAS PTY LTD,LEMAIRE PIERRE ARMAND VINCENT,A61M2037/0053
US-2018008128-A1,Covering for a medical scoping device,"The present invention relates to a cover having a plurality of moveable, external, angled projecting elements for use with flexible medical scoping devices such as endoscopes or enteroscopes. The invention includes the cover with an over cuff and use of the disposable removable covering in methods of medical scoping procedures or examinations. The invention also includes an applicator for assisting in placing the covering about or over a medical device and a kit of parts.",20180111,ARC MEDICAL DESIGN LTD,AXON ANTHONY,A61B1/00075
US-2018289743-A1,Human cd8+ regulatory t cells inhibit gvhd and preserve general immunity,"Graft-versus-host disease (GVHD) is a lethal complication of allograft transplantation. The current strategy of using immunosuppressive agents to control GVHD may cause general immune suppression and limit the effectiveness of allograft transplantation. Adoptive transfer of regulatory T cells (Treg) can prevent GVHD in rodents, indicating the therapeutic potential of Treg for GVHD in humans. However, the clinical application of Treg-based therapy is hampered by the low frequency of human Treg and the lack of a reliable model to test their therapeutic effects in vivo. Human alloantigen-specific Treg are generated from antigenically-naïve precursors in a large scale ex vivo using allogeneic activated B cells as stimulators. Here, a human allogeneic GVHD model is established in humanized mice to mimic GVHD after allograft transplantation in humans. The ex vivo-induced CD8 hi  Treg can control GVHD in an allo-specific manner by reduction of alloreactive T-cell proliferation, and inflammatory cytokine and chemokine secretion within target organs through a CTLA-4-dependent mechanism in humanized mice. Importantly, the Tregs can induce long-term tolerance effectively without compromising general immunity and graft-versus-tumor (GVT) activity.",20181011,UNIV HONG KONG,TU WENWEI,A61K2035/122
US-2019002452-A1,"Fxr receptor modulator, preparation method therefor, and uses thereof","Provided is a modulator of FXR receptor and preparation and use thereof, which relates to the technical filed of medicinal chemistry. The embodiment provides a modulator of FXR receptor having a structural formula I or a pharmaceutically acceptable salt, stereoisomer, solvate or prodrug thereof, which can combine with FXR receptor (that is NR1H4) and be acted as a FXR agonist or a partial agonist for preventing and treating the disease mediated by FXR, such as chronic intrahepatic or extrahepatic cholestasis, hepatic fibrosis caused by chronic cholestasis or acute intrahepatic cholestasis, chronic hepatitis B, gallstone, hepatic carcinoma, colon cancer or intestinal inflammatory disease, etc. Specifically, for some chemical compounds, their EC 50  for FXR agonist activity reach below 100 nM, which show an excellent FXR agonist activity and an excellent prospect to provide a new pharmaceutical selection in clinical treatment for the disease mediated by FXR.",20190103,GUANGZHOU HENOVCOM BIOSCIENCE CO LTD,ZHANG JIANCUN,C07D413/12
US-11331396-B2,Development of injectable fiducial markers for image guided radiotherapy with dual MRI and CT visibility,"Radiation therapy or radiotherapy (RT) is a powerful treatment where precision and accuracy is crucial. Image Guided Radiotherapy (IGRT) facilitates more accurate position verification, correcting for anatomic changes related to internal organ movement. IGRT thereby helps reduce toxicity of radiotherapy and increases relapse-free survival. An inter-correlation point with a fixed position and volume (a marker) can be applied to indicate the point of treatment clearly in both imaging modalities and to localize and track tumors in real time. In this study, we present the development of a marker based on lactose octaacetate:octapropionate 1:1 containing 3 mM PLA-DTPA(Gd), 40% triglyceride, 5% propylene carbonate and 10% XSAIB (sucrose based CT-contrast agent). The injectable marker had high CT contrast (&gt;1000 HU) and displayed clearly visible, stable T1 contrast enhancement (T1˜900 ms) in the rim over at least 3 weeks with clinically observable resolution.",20220517,UNIV DENMARK TECH DTU,ANDRESEN THOMAS,A61K9/0019
US-11372182-B2,Optical fibres connector for optoelectronic active implantable medical device (AIMD),"An optical fibres connector for an optoelectronic active implantable medical device (AIMD) for implantation in a living body is provided. The optical fibres connector includes a male component (M) coupled to a first set of optical fibres, a female component (F) coupled to a second set of optical fibres or optical elements, and a coupling component (C) for reversibly locking the male and female components in a coupled position. The optical fibres or optical elements are in perfect alignment. The coupling component includes a fixed element (40f) and a rotatable element (40r) all optical fibres (41f) and optical elements of the connector remaining static upon rotation of the rotatable element, reversibly locking the male and female components in the coupled position is achieved by rotating the rotatable element with respect to the fixed element.",20220628,SYNERGIA MEDICAL,GODFRAIND CARMEN,A61N5/0622
US-11401316-B2,High avidity HPV T-cell receptors,"The present invention pertains to novel high avidity antigen recognizing constructs against Human Papilloma Virus antigens. The invention provides novel T cell receptor (TCR) based molecules which are selective and specific for HPV 16/18 proteins E5, E6 and E7. The TCR of the invention, and HPV antigen-binding fragments derived therefrom, are of use for the diagnosis, treatment and prevention of HPV infection, as well as for the diagnosis, treatment and prevention of HPV infection mediated secondary diseases as HPV infection caused cancers, such as cervical, nasopharyngeal or head and neck cancer. Further provided are nucleic acids encoding the proteins of the invention, and recombinant cells expressing the same.",20220802,MAX DELBRUECK CENTRUM FUER MOLEKULARE MEDIZIN HELMHOLTZ GEMEINSCHAFT,BLANKENSTEIN THOMAS,C12N2510/00
US-11771411-B2,PFO device,"A medical device for treating a PFO is presented as well as a mechanism for its delivery, repositioning and/or removal. The device includes a wire or cable framework of six shape-memory cables formed into a right side having six loops that support a right side sail and a left side having six loops that support a left side sail. The right side loops and left side loops are connected together via waist members that extend between the right side and left side loops. Each cable is threaded through a through hole of a central post and pass through one of each of four types of connecting collars that establish the basic shape of the PFO device and retain the cables together to form a flexible and resilient PFO device.",20231003,ENCORE MEDICAL INC,CORCORAN MICHAEL PATRICK,A61B17/0057
US-12018911-B2,Managing operation of a weapon,A weapon assembly includes a weapon; a weapon holster configured to receive and support at least a portion of the weapon; and a controller that includes a biometric sensor and a weapon activation sensor. The controller perform operations including transmitting a signal generated by the weapon activation sensor that is indicative of at least one of a release of the portion of the weapon from the weapon holster or a discharge of the weapon; and transmitting a signal generated by the biometric sensor indicative of a biometric state of a user of the weapon subsequent to the release of the portion of the weapon from the weapon holster or the discharge of the weapon. The signal generated by the biometric sensor is processable by a control system to generate a biometric feedback to determine a predictive diagnosis for the user.,20240625,SAUDI ARABIAN OIL CO,ALRAKAH BADR MAHDI,A61B5/0022
US-12035710-B2,Aqueous hop extracts and their use as antimicrobial agents,"Described herein is the preparation of an aqueous hop extract and a boiling water hop extract prepared from dried hop cones that were ground prior to extraction. As discussed below, extracts were prepared from a number of different hop varieties and were tested against a number of clinically relevant bacterial strains. As discussed herein, surprisingly, the boiling water extract showed greater antibacterial activity than the aqueous extract.",20240716,NATURE RECOMBINED SCIENCES INC,SARNA LEONARD,A61K36/3486
US-12067716-B2,Ovarian toxicity assessment in histopathological images using deep learning,"The present disclosure relates to a deep learning neural network that can identify corpora lutea in the ovaries and a rules-based technique that can count the corpora lutea identified in the ovaries and infer an ovarian toxicity of a compound based on the count of the corpora lutea (CL). Particularly, aspects of the present disclosure are directed to obtaining a set of images of tissue slices from ovaries treated with an amount of a compound; generating, using a neural network model, the set of images with a bounding box around objects that are identified as the CL within the set of images based on coordinates predicted for the bounding box; counting the bounding boxes within the set of images to obtain a CL count for the ovaries; and determining an ovarian toxicity of the compound at the amount based on the CL count.",20240820,GENENTECH INC,Hu fang-yao,G06N3/0464
US-11348683-B2,System and method for processing medical claims,"A computer-implemented system for processing medical claims is disclosed. The system includes a medical device configured to be manipulated by a user while the user performs a treatment plan; a patient interface associated with the medical device, the patient interface comprising an output configured to present telemedicine information associated with a telemedicine session; and a processor. During the telemedicine session, the processor is configured to receive information from a medical device. Using the device-generated information, the processor is further configured to determine device-based medical coding information. The processor is further configured to transmit the device-based medical coding information to a claim adjudication server.",20220531,ROM TECH INC,GUANERI JOSEPH,A63B24/0062
US-11446008-B2,Automated ultrasound video interpretation of a body part with one or more convolutional neural networks,"In an embodiment, an intelligent system includes an electronic circuit configured to execute a neural network, to detect at least one feature in an image of a body portion while executing the neural network, and to determine a respective position and a respective class of each of the detected at least one feature while executing the neural network. For example, such a system can execute a neural network to detect at least one feature in an image of a lung, to determine a respective position within the image of each detected feature, and to classify each of the detected features as one of the following: A-line, B-line, pleural line, consolidation, and pleural effusion.",20220920,TOKITAE LLC,MEHANIAN COUROSH,A61B8/5207
US-11801161-B2,Magnetorheological elastomer and magnetorheological fluid for clinical wrap,"A reinforcing clinical wrap is provided with integral thermal management. The clinical wrap includes a fluid circuit for a heat transfer medium to circulate between a fluid inlet and a fluid outlet. A shape conforming medium is disposed within a portion of the clinical wrap providing selective reinforcement support of the portion of the clinical wrap to conform to a surface of a patient. Non-limiting examples of the shape conforming medium may include a magnetorheological elastomer, a magnetorheological elastomer, a magnetorheological foam, a UV curable resin, and a phase change material.",20231031,STRYKER CORP,TAYLOR GREGG,A61F7/02
US-11827881-B2,"Systems, methods, and compositions for site-specific genetic engineering using programmable addition via site-specific targeting elements (paste)","This disclosure provides systems, methods, and compositions for site-specific genetic engineering using Programmable Addition via Site-Specific Targeting Elements (PASTE). PASTE comprises the addition of an integration site into a target genome followed by the insertion of one or more genes of interest or one or more nucleic acid sequences of interest at the site. PASTE combines gene editing technologies and integrase technologies to achieve unidirectional incorporation of genes in a genome for the treatment of diseases and diagnosis of disease.",20231128,MASSACHUSETTS INST TECHNOLOGY,ABUDAYYEH OMAR,C12N15/111
US-11925339-B2,Blood vessel access and closure devices and related methods of use,"A medical device may include an outer assembly having a first shaft, a first lumen extending through the first shaft, and an atraumatic first tip removably coupled to a distal end of the first shaft; an inner assembly configured to extend through the first lumen of the outer assembly, the inner assembly including a second shaft, a second lumen extending through the second shaft, and a second tip removably coupled to a distal end of the second shaft, the second tip being configured to pierce tissue; and a plug assembly configured to extend through the second lumen of the inner assembly, the plug assembly including a third shaft and a plug removably coupled to a distal end of the third shaft.",20240312,J D FRANCO & CO LLC,VIDLUND ROBERT,A61B17/0057
US-12048538-B2,Detecting an analyte in a body fluid,"A medical device for detecting at least one analyte in a body fluid is disclosed. The medical device comprises:
         at least one analyte sensor having an insertable portion adapted for at least partially being inserted into a body tissue of a user,   at least one insertion cannula, wherein the analyte sensor at least partially is placed inside the insertion cannula;   at least one housing, wherein the housing comprises at least one sensor compartment, wherein the sensor compartment forms a sealed compartment receiving at least the insertable portion of the analyte sensor, wherein the sealed compartment comprises at least one detachable upper cap and at least one detachable lower cap, wherein the detachable lower cap is configured for detachment before insertion, thereby opening the insertable portion for insertion, wherein the insertion cannula is attached to the detachable upper cap, wherein the detachable upper cap is configured for detachment after insertion, thereby removing the insertion cannula; and   at least one electronics unit, wherein the analyte sensor is operably connected to the electronics unit, wherein the electronics unit comprises at least one interconnect device with at least one electronic component attached thereto, wherein the interconnect device fully or partially surrounds the housing.",20240730,ROCHE DIABETES CARE INC,WALTER HELMUT,B08B7/0035
US-2023157533-A1,A computer-implemented system and method for assessing a level of activity of a disease or condition in a patient&#39;s eye,"The present invention relates to computer-implemented method for assessing a level of activity, including presence or an absence, of a disease in at least one eye of a patient, wherein the disease is a neovascular ocular disease. The method comprises the steps of receiving, via one or more input elements, a set of input patient data corresponding to the patient and comprising retinal images of the patient; applying a first algorithm for imaging data analysis to the retinal images to identify values of e anatomical variables of the patient&#39;s eye; applying a second algorithm to the values of anatomical variables identified, and to distinct clinical, non-image derived input patient data comprised in the set of input patient data, in order to consequently make an assessment of the level of activity of the disease in the eye of the patient, and/or of the progression or regression of the disease with respect to a level of activity formerly determined. Based on the assessment, a disease activity score is generated and output corresponding to the level of activity of the disease. The assessment of disease activity is used to adjust a dosing regimen of a drug for treatment of the patient&#39;s eye disease.",20230525,NOVARTIS AG,CHANG HSUN-HSIEN SHANE,G16H50/30
US-2024081659-A1,"Biological information measurement system, biological information measurement recording medium, and biological information measurement device","A biological information system/device/program/recording medium, which may include: a biological information measurement device; and a terminal. The biological information measurement device includes: a measurement unit that can measure first information related to a living body and second information related to the living body; a first processing unit that can execute first processing related to display or diagnosis on the first information; and a communication unit that can communicate the second information with the terminal. The terminal includes: a reception unit that can receive the second information from the biological information measurement device; a second processing unit that can execute second processing related to display or diagnosis on the second information; and a transmission unit that can transmit the second information on which the second processing is executed to the biological information measurement device.",20240314,OMRON HEALTHCARE CO LTD,MORI KENTARO,A61B5/0205
US-2022262492-A1,System and method for tracking patient recovery following orthopedic procedure,"An apparatus and method are provided that tracks patient recovery following an orthopedic procedure. A statistical computing engine implements a predictive model of the patient&#39;s post-procedural state for the orthopedic procedure based on a database of patient demographic data, comorbidities, pre-procedural walking parameters, including steps taken, and the orthopedic procedure that the patient is undergoing. The pre-procedural walking parameters are populated from physical sensor data automatically collected from the patient. The predictive model uses machine learning and is trained using training data sets. The predictive model creates a temporal trendline of post-procedural walking parameters, including steps taken, and a temporal trendline of post-procedural pain level. A processor then compares the patient&#39;s actual post-procedural state to the predictive model of the patient&#39;s post-procedural state. The post-procedural walking parameters are also obtained from the physical sensor.",20220818,AVKN PATIENT DRIVEN CARE LLC,VACCARO ALEXANDER R,A61B2505/09
US-2022293286-A1,Medical assessment based on voice,"Apparatuses, systems, methods, and computer program products are disclosed for medical assessment based on voice. A query module is configured to audibly question a user from an electronic display screen and/or a speaker of a computing device with one or more open ended questions. A response module is configured to receive a conversational verbal response of a user from a microphone of a computing device in response to one or more open ended questions. A detection module is configured to provide a machine learning assessment for a user of a medical condition based on a machine learning analysis of a received conversational verbal response of the user.",20220915,CANARY SPEECH LLC,KIM JANGWON,G06N7/01
US-2023020686-A1,"Waste identification method, waste identification device, and waste identification program","An excreta identification device includes: a sound data acquisition unit that acquires sound data collected by a microphone arranged in a toilet; an excreta identification unit that identifies which of defecation, urination, and farting has been performed by inputting the acquired sound data to an identification model subjected to machine learning where sound data indicating any of defecation sound, urination sound, and farting sound is an input value, and which of defecation, urination, and farting has been performed is an output value; and an identification result output unit that outputs an identification result.",20230119,PANASONIC HOLDINGS CORP,KAMAI TAKAHIRO,G16H40/67
US-2023083110-A1,Surgical-use medical apparatus and system therefor,"A surgical medical device includes a rod portion and a support portion extending from the rod portion. The support portion has a first stretch segment, a second stretch segment, and a third stretch segment disposed between the first stretch segment and the second stretch segment. The surgical medical device has a control mechanism. The surgical medical device stretches or contracts the first stretch segment, the third stretch segment and the second stretch segment by the control mechanism.",20230316,COHORIZION INTELLECTUAL PROPERTY INC,CHEN CHIEH HSIAO,A61F2230/001
US-10786199-B1,Movement disorder continuous monitoring and therapy system,"The present invention relates to a movement disorder monitor, and a method of measuring the severity of a subject&#39;s movement disorder. The present invention additionally relates to a treatment delivery system for treating a subject in response to changes in the severity of a subject&#39;s symptoms. The present invention further provides for a system and method, which can accurately quantify symptoms of movement disorders, utilizing continuously obtained kinetic information to be analyzed, accurately distinguishing between symptoms of movement disorders and activities of daily living, relating quantified symptoms to a standard clinical rating scale, and correlating a subject&#39;s symptoms with certain physiological and environmental factors. The present invention still further provides for home monitoring of symptoms in subjects with these movement disorders in order to capture the complex fluctuation patterns of the disease over the course of days, weeks, months, or years.",20200929,GIUFFRIDA JOSEPH P,GIUFFRIDA JOSEPH P,A61B5/389
US-11077054-B2,"Medical devices including medicaments and methods of making and using same including enhancing comfort, enhancing drug penetration, and treatment of myopia","The present invention recognizes that medical devices, such as but not limited to contact lenses, can be made having a coating made at least in part using printing technologies to provide drug storage and drug release structures. The coating preferably includes at least one drug reservoir layer and a least one barrier layer, and can include structures, such as but not limited to capillary structures that alone or in combination modulate the release of the drug from the coating. One aspect of the present invention is a medical device that incorporates a drug in at least one coating.",20210803,DOSHI PRAFUL,DOSHI PRAFUL,C08F220/28
US-11457898-B2,Method of obtaining contrast image and ultrasound diagnosis apparatus for performing the method,"Provided are a method of obtaining a contrast image and an ultrasound diagnosis apparatus for performing the method. The ultrasound diagnosis apparatus includes: an ultrasound transceiver; a display; and a controller configured to obtain an ultrasound image and a contrast image of an object by using the ultrasound transceiver, determine a region of interest (ROI) in at least one of the ultrasound image and the contrast image, transmit a flash pulse to destroy a contrast agent in the ROI from among regions of the object, image the contrast agent re-introduced into the ROI, and control the display to display the contrast image of the ROI.",20221004,SAMSUNG MEDISON CO LTD,JUNG SUNG-TAE,A61B8/5246
US-11867359-B2,Gas canisters and methods for making them,"Canisters are provided that include a cylindrical body and a cap welded to the body to define a cavity filled with carbon dioxide or other fluid. The canisters may be loaded into a medical device, e.g., to provide an energy source for operating the device. Methods for making such canisters are also provided.",20240109,PICOCYL LLC,MCCAWLEY MATTHEW,F17C13/06
US-11890178-B2,Artificial contractile structure,"Artificial contractile structure ( 1 ) for a medical device, said artificial contractile structure ( 3 ) comprising: —an elongated member ( 3 ) adapted to contact a hollow body organ; —a closure ( 9 ) adapted to form the artificial contractile structure ( 1 ) into a closed loop around said hollow body organ; —a tension system ( 11 ) arranged to be connected to a control unit ( 28 ), said tension system ( 1 ) being adapted to modify an internal diameter of said closed loop in response to a force applied by said control unit ( 28 ). According to the invention, said elongated member ( 3 ) comprises a resilient core ( 5 ) and a biocompatible outer sheath ( 7 ). Said tension system ( 11 ) furthermore comprises a first tensile element ( 13 ) attached to a first point ( 3   c ) of said elongated member, and a second tensile element ( 15 ) attached to a second point ( 3   d ) of said elongated member, each of said tensile elements ( 15, 17 ) passing through an adaptor ( 17 ) situated between said first point ( 3   c ) and said second point ( 3   d ).",20240206,MYOPOWERS MEDICAL TECH FRANCE SAS,AUBERT CHRISTOPHE,A61F2/0036
US-11951097-B2,Methods of treating multiple sclerosis,"The disclosure relates to methods of treating multiple sclerosis. Also provided are pharmaceutical products containing ponesimod, instructions for use of ponesimod, methods for selling a drug product containing ponesimod, and methods for reducing clinical management events before or during treatment of multiple sclerosis.",20240409,VANDA PHARMACEUTICALS INC,DIBERNARDO ALLITIA,A61K31/426
WO-2018195356-A1,"Indirect bonding trays, non-sliding orthodontic appliances, and registration systems for use thereof","Non-sliding orthodontic appliances may include an archwire having male fasteners for locking in place with brackets in a non-sliding manner and interproximal loops for exerting forces on the brackets. Appropriate forces may be calculated according to vectors between initial and ideal tooth positions. The brackets may be transferred to a patient&#39;s teeth using indirect bonding trays which contain slots for holding and aligning each bracket. The trays may include integrated handles for facilitating handling, may be sectioned into smaller pieces for easier application, and/or may be labeled for facilitating proper registration. Superposition of a digital placement plan and clinical model after bonding may illustrate the accuracy of bracket placement. The archwire may comprise atraumatic ends to avoid patient discomfort. A color registration system can be used to facilitate the attachment of the archwire to the brackets. The archwire may be locked into place with the brackets using crimpable stops.",20181025,SWIFT HEALTH SYSTEMS INC,TONG HONGSHENG,A61C2201/002
WO-2019111144-A1,Device for multichannel long-duration neuromuscular electrical stimulation with biofeedback-based recalibration,"The present invention relates to an automatic, non-invasive apparatus for continuous neuromuscular electrical stimulation in neuromuscular tissue. The invention is in the field of devices for transcutaneous electrical stimulation of neuromuscular tissue used in physiotherapy sessions in clinical centres, intensive care units and user rehabilitation. The present invention enables muscle fatigue compensation by recalibration of the parameters of the electrical stimuli on the basis of measurements of the actual mechanical contraction generated, which are made using biofeedback sensors (15) coupled to electrodes (14). Thus, the results of the measurement of the fatigue level enable the automatic determination of parameters, the monitoring of the long-duration electrical stimuli, and the generation of electrical stimuli based on the neuromuscular excitability of each muscle group. Compared to other existing electrical stimulation systems, the present invention automatically implements long-duration electrical stimulation protocols over multiple fully independent stimulation channels, using  biofeedback , and provides electrical stimuli having parameters greater than those provided by the electrical stimulation systems in the prior art.",20190613,FUNDACAO UNIV DE BRASILIA/CENTRO DE APOIO AO DESENVOLVIMENTO TECNOLOGICO,PADILHA LANARI BÓ ANTÔNIO,A61N1/37247
US-10632317-B2,Power and data transfer in hearing prostheses,"Embodiments presented herein are generally directed to techniques for separately transferring power and data from an external device to an implantable component of a partially or fully implantable medical device. The separated power and data transfer techniques use a single external coil and a single implantable coil. The external coil is part of an external resonant circuit, while the implantable coil is part of an implantable resonant circuit. The external coil is configured to transcutaneously transfer power and data to the implantable coil using separate (different) power and data time slots. At least one of the external or internal resonant circuit is substantially more damped during the data time slot than during the power time slot.",20200428,COCHLEAR LTD,MESKENS WERNER,A61N1/37252
US-10487359-B2,Method for diagnosing fibromyalgia using microRNAs,"Method of diagnosing fibromyalgia based on microRNAs. The invention provides a method for the molecular diagnosis of fibromyalgia patients, based on the analysis of the possible alteration of the levels of specific microRNAs in peripheral blood mononuclear cells. The method comprises the analysis of the levels of the microRNAs miR-223, miR-451, miR-338, miR-143 and miR-145 and the diagnosis of fibromyalgia when at least one, or preferably several thereof have decreased levels with respect to a reference value, which preferably is the level of each microRNA in healthy individuals. Three additional microRNAs are also provided, miR-21, miR-1260b and miR-1908, which can be used as negative controls to confirm the diagnosis. The method facilitates an objective diagnosis of fibromyalgia based on molecular markers that are determined from a sample such as blood, which is easy to obtain and process.",20191126,UNIV CATOLICA DE VALENCIA “SAN VICENTE MARTIR”,OLTRA GARCÍA ELISA,A61P21/00
CN-112716515-A,Temporomandibular joint projection positioning die,"The invention relates to the technical field of auxiliary tools for oral cavity projection, in particular to a temporomandibular joint projection positioning die which comprises a box body, wherein a supporting plate is arranged above the box body, the left side of the supporting plate is hinged with the box body, a driving structure is arranged inside the box body, a first threaded rod is arranged above the driving structure, and a supporting tube is sleeved at the top of the first threaded rod; according to the invention, through the arrangement of the supporting plate, the driving structure, the supporting tube, the transmission structure, the fixing plate, the lower tooth socket, the upper tooth socket and the fixing structure, the head of a patient can be manually fixed, the movement of the patient during projection is prevented, the projection effect is improved, the diagnosis work by a doctor is facilitated, and the problems that the existing projection positioning device is inconvenient to fix the head of the patient, the effect of a shot CT (computed tomography) film is poor and the diagnosis work is inconvenient to carry out when the head of the patient rotates or deviates in the shooting process are solved.",20210430,UNIV WEIFANG MEDICAL,XU XIN,A61B6/512
US-10696733-B2,Microbe-binding molecules and uses thereof,"Described herein are engineered microbe-targeting molecules, microbe-targeting articles, kits comprising the same, and uses thereof. Such microbe-targeting molecules, microbe-targeting articles, or the kits comprising the same can not only bind or capture of a microbe or microbial matter thereof, but they also have improved capability (e.g., enhanced sensitivity or signal intensity) of detecting a microbe or microbial matter. Thus, the microbe-targeting molecules, microbe-targeting articles, and/or the kit described herein can be used in various applications, e.g., but not limited to assays for detection of a microbe or microbial matter, diagnostic and/or therapeutic agents for diagnosis and/or treatment of an infection caused by microbes in a subject or any environmental surface, and/or devices for removal of a microbe or microbial matter from a fluid.",20200630,HARVARD COLLEGE,WATTERS ALEXANDER,A61K38/00
US-11040222-B2,Assessment and improvement of treatment using imaging of physiological responses to radiation therapy,"Edema in tissue of a patient undergoing a course of radiation therapy or treatment can be estimated based on one or more MRI measurements used to measure changes in fluid content of various tissues. A correlation between observed changes in edema and one or more delivered fractions of radiation can be used to drive one or more clinical actions. Methods, systems, articles of manufacture, and the like are described.",20210622,VIEWRAY TECH INC,DEMPSEY JAMES F,A61B5/055
US-11098813-B2,Binary fluid control valve system,"Fluid control valves including single-opening, binary fluid control valves that are initially closed and can be opened one time only to allow a fluid transfer between two spaces separated by a fluid impermeable barrier. Applications of valves of this type include inflatable devices, including but not limited to medical device balloons, in particular gastric balloons for weight loss.",20210824,ALLURION TECH INC,NELSON DAVID W,F16K31/002
US-11134933-B2,Multi-layer braided structures for occluding vascular defects,"A collapsible medical device and associated methods of occluding an abnormal opening in, for example, a body organ, wherein the medical device is shaped from plural layers of a heat-treatable metal fabric. Each of the fabric layers is formed from a plurality of metal strands and the assembly is heat-treated within a mold in order to substantially set a desired shape of the device. By incorporating plural layers in the thus-formed medical device, the ability of the device to rapidly occlude an abnormal opening in a body organ is significantly improved.",20211005,ST JUDE MEDICAL CARDIOLOGY DIV INC,AMPLATZ KURT,D10B2509/06
US-11332506-B2,"Immunotherapeutic modulation of amyloidogenic disease using non-fibrillogenic, non-amyloidogenic polymerized proteins and peptides","The present invention is directed to polymerized products and compositions useful for the treatment and prevention of amyloid disease in a subject. The invention further relates to isolated antibodies that recognize a common conformational epitope of amyloidogenic proteins or peptides that are useful for the diagnosis, treatment, and prevention of amyloid disease.",20220517,UNIV NEW YORK,WISNIEWSKI THOMAS M,G01N2800/28
US-11600939-B2,Device with disposable element,"The construction of a medical device having a disposable element is disclosed. Detachable elements comprising a body having a retention feature, an electrical contactor, and sensors are also disclosed. Further disclosed are detachable elements comprising a body having a hole and a retention pocket, an electrical contactor, and a printed circuit board assembly (PCB) in contact with the innermost surface of the body that forms the retention pocket. Further disclosed are detachable elements comprising a body having an opening and a printed film comprising conductive elements, where the conductive elements comprise a sensor configured to be aligned with the opening to expose the sensor. Further disclosed are reusable components having matching retention features.",20230307,BRUIN BIOMETRICS LLC,BURNS MARTIN F,A61B5/0064
CN-113069258-B,Conveyor and medical device,"The invention provides a transporter and a medical device, wherein the medical device comprises the transporter, and the transporter comprises: the tube assembly comprises an inner tube and an outer tube sleeved outside the inner tube, the outer tube can move along the axial direction of the inner tube, and a space between the inner tube and the outer tube is used for loading a medical implant; and a rear release assembly comprising a fixed portion and a connection mechanism; the fixing part is connected to the inner tube and is positioned on the distal side of the medical implant; at least part of the connecting mechanism is used for being detachably connected to the fixing part, and the connecting mechanism is also used for being detachably connected with the medical implant. The medical device can improve the positioning accuracy of the medical implant.",20220208,,,A61F2002/9665
CN-106267549-B,一种新型智能控制无痛感麻醉医疗设备,"The invention discloses a kind of intelligent controls to anaesthetize Medical Devices without pain, including universal wheel, mounting seat, power distribution cabinet, host controller, the mounting seat is provided on the universal wheel, the power distribution cabinet is provided in the mounting seat, the host controller is provided on the power distribution cabinet, equipment state display screen is provided in the host controller, equipment state display screen side is provided with patient&#39;s physique monitoring display, intelligent control display screen is provided in the host controller, intelligent control display screen lower part is provided with external connection keyboard, it is provided in the host controller and anaesthetizes the helmet without pain.Beneficial effect is: intelligent control of the present invention anaesthetizes Medical Devices not only which has a compact structure and a reasonable design without pain, but also service performance is good, and patient&#39;s no pain anesthesia procedure may be implemented.",20190205,,,A61M2016/003
CN-105732458-B,Pyrrole amides class compound and preparation method thereof and purposes,"The invention discloses pyrrole amides class compound shown in a kind of formula I or its pharmaceutically acceptable salt, crystal form, hydrate or solvates: where R 1 Selected from (methylamino) methyl, (methylamino) ethyl etc.；R 2 、R 3 Separately or concurrently it is selected from hydrogen, hydroxyl, cyano, halogen, carboxyl, C 1 ~C 6 Alkyl etc.；R 4 The phenyl or epoxy ketone groups replaced selected from hydroxyl, sulfydryl, amino.Noval chemical compound shown in formula I provided by the invention shows good deacetylation enzyme inhibition activity, have prevention and/or treat by histone deacetylase activity extremely caused by disease potentiality；Meanwhile noval chemical compound of the present invention has good inhibitory activity to different liver cancer cells, the prospect with clinical application.",20190607,,,A61K31/40
CN-107412858-B,Bone-induced composite silk fibroin scaffold for MRI (magnetic resonance imaging) radiography and preparation method thereof,"The invention discloses an osteoinductive composite silk fibroin bracket for MRI contrast and a preparation method thereof, wherein the volume of the composite silk fibroin bracket is 1.5-2.0mm 3 The composite silk fibroin bracket is loaded with 3 × 10 5 ～7×10 5 The composite silk fibroin scaffold is prepared from a silk fibroin solution with the concentration of 2-10% and a dispersion liquid formed by hydroxyapatite and superparamagnetic ferroferric oxide serving as raw materials. The composite silk fibroin scaffold has proper pore diameter and porosity, is beneficial to the adhesion and proliferation of dental pulp stem cells, overcomes some problems of the existing scaffold material, combines various substances, maintains the advantages of the original substances, solves the defect of single original material performance, has simple preparation process and easy obtainment of required raw materials, and is expected to be widely applied in the field of biological materials; the superparamagnetic ferroferric oxide is expected to be applied to clinical medicine as a marker of a tissue engineering scaffold.",20200724,,,A61L2300/112
CN-106798782-B,一种治疗湿疹的中药组合物及其制备方法与用途,"The invention particularly relates to a traditional Chinese medicine composition for treating eczema and a preparation method and application thereof. The traditional Chinese medicine composition comprises the following raw material medicines: 15-45 parts of astragalus membranaceus, 15-45 parts of radix rehmanniae, 15-45 parts of fructus forsythiae, 11-29 parts of cortex moutan, 11-29 parts of dittany bark, 11-29 parts of red peony root, 11-29 parts of polygonum cuspidatum, 15-45 parts of rheum officinale, 11-29 parts of scutellaria baicalensis, 11-29 parts of radix sophorae flavescentis and 3-17 parts of liquorice. Clinical tests show that the traditional Chinese medicine composition has a good treatment effect on the eczema with the symptom of heat and dampness, the effective rate of treatment is 90.31%, the recurrence rate after the treatment is finished for half a year is only 7.6%, and the traditional Chinese medicine composition has no obvious adverse reaction, is safe and reliable and has wide application value.",20200918,,,A23V2002/00
CN-106725335-B,一种用于烧伤诊治的高精度光纤激光诊断清创一体机,"The invention discloses a high-precision fiber laser diagnosis and debridement integrated machine for burn diagnosis and treatment, which comprises a fiber laser: generating ultra-short pulse laser in an infrared band; multispectral imager: used for medical burn depth and area diagnosis; an optical beam scanner: the ultra-short pulse laser is used for outputting ultra-short pulse laser generated by the fiber laser through focusing scanning of the fiber collimator and the lens; moving bed: for carrying the victim so that it can follow the beam movement and rotation. The invention has the advantages of high precision, small volume, light weight, flexible and deflection of the optical fiber, strong reliability, fixation or handholding portability, flexible and convenient use, automatic scanning, high debridement efficiency and the like, and has the potential of wide application.",20230718,,,A61B5/0064
CN-113318241-B,Magnolol disulfide bond cyclodextrin inclusion compound for ulcerative colitis and preparation method thereof,"The invention belongs to the technical field of medicines, and particularly relates to an oral magnolol disulfide bond cyclodextrin inclusion compound for treating ulcerative colitis and a preparation method thereof. The magnolol disulfide bond cyclodextrin dimer inclusion compound for treating ulcerative colitis, which is prepared by the method, is prepared by taking magnolol and SS-beta-CD as raw materials and adopting a solution stirring-freeze drying method, and the encapsulation rate is 39.93-69.12%. Proved by experiments on mice with ulcerative colitis induced by DSS (dextran sulfate sodium salt), the magnolol clathrate compound prepared by the invention has the effects of improving clinical symptoms of mice with colitis, inhibiting colon shortening of the mice with ulcerative colitis, reducing the contents of proinflammatory factors TNF-alpha, IF-6 and IF-1 beta in serum of the mice with ulcerative colitis and increasing the content of the proinflammatory factors IL-10, and also has the effect of recovering intestinal flora disorder. Therefore, the magnolol clathrate compound prepared by the invention has a good effect of treating ulcerative colitis.",20220920,,,Y02A50/30
CN-114391887-B,"systems, methods, and devices for fallopian tube diagnostics","The present disclosure relates generally to devices, systems, and methods for fallopian tube diagnosis. In some embodiments, the tube may have a distal end, and the balloon may be coupled to the distal end of the tube. The balloon may be disposed in the tube in a first everted position and movable to a second everted position. The balloon may be extendable distally of the distal end of the tube a distance such that a surface of the balloon may contact an inner surface of the fallopian tube. The push wire may have a distal end coupled to the second end of the balloon. By actuating the push wire, the balloon may be moved from a first everted position to a second everted position. The surface of the balloon may include a plurality of surface features for collecting a tissue sample of the interior surface of the fallopian tube.",20240326,,,A61B10/0291
CN-114496136-B,Clinical and scientific research auxiliary support system based on medical big data,"The invention relates to the technical field of medical treatment, in particular to a clinical and scientific research auxiliary support system based on medical big data, which comprises a clinical information acquisition unit, a scientific research data storage unit, a medical big data analysis unit and a medical information sharing unit; the clinical information acquisition unit comprises a medical equipment module, a clinical information transmission module and a case information identification module; according to the invention, the movable block is arranged in the movable groove of the examination bed, so that the clamping block on the movable block fixes the movable plate, and then the motor drives the driving gear to pull the movable plate and a patient on the movable plate to stably move to the examination bed at a uniform speed so as to receive the examination of the CT machine; therefore, the critically ill patients can be detected more efficiently and safely, the efficiency of collecting the case information by the CT machine is accelerated, the case information in the scientific research data storage unit is rapidly updated, and data assistance is further provided for the related medical scientific research projects.",20220809,,,A61B6/032
CN-113470812-B,基于图卷积神经网络和迭代阈值收缩算法的心脏跨膜电位重建方法,"The invention discloses a heart transmembrane potential reconstruction method based on a graph convolution neural network and an iterative threshold contraction algorithm, which comprises the steps of carrying out iterative reconstruction on heart transmembrane potential through the iterative threshold contraction algorithm embedded in the graph convolution neural network, extracting association information between nodes in non-Euclidean data of the heart transmembrane potential by using the graph convolution neural network, and simultaneously, reserving strict mathematical calculation of the iterative threshold contraction algorithm, and obtaining a solution of the heart transmembrane potential through multiple iterations. The invention can carry out auxiliary diagnosis on common heart diseases such as ventricular premature beat, tachycardia, atrial fibrillation and the like in arrhythmia based on the time-space sequence of the reconstructed heart transmembrane potential, and provides guidance for subsequent treatment and radio frequency ablation operation.",20230822,,,A61B5/367
CN-113598810-B,一种基于分割网络的胎心率基线自动计算方法,"The invention discloses a method for automatically calculating a fetal heart rate baseline based on a segmentation network, which mainly comprises the steps of collecting a fetal heart rate signal and preprocessing; acquiring the attribution probability of each sampling point in the fetal heart rate signal by using a segmentation network, and dividing a baseline sampling point and a non-baseline sampling point; carrying out validity check on the baseline sampling points to obtain valid baseline sampling points; and carrying out interpolation fitting and filtering noise reduction on the effective baseline sampling points to finally obtain an estimated fetal heart rate baseline. The fetal heart rate baseline calculation method provided by the invention can accurately judge and position the baseline sampling points and the non-baseline sampling points by utilizing the segmentation network, realizes reliable estimation of the baseline by introducing the baseline sampling point validity checking process, solves the problem of unstable calculation baseline based on a numerical method, provides a more intelligent method for solving the fetal heart rate baseline clinically, and can be widely applied to the biomedical signal processing field and the computer detection field.",20230815,,,A61B7/04
CN-106868197-B,Application of the gene marker in Huppert&#39;s disease,"The application that the invention discloses gene markers in Huppert&#39;s disease, gene marker IFFO1 express downward in Huppert&#39;s disease tissue, and the expression by detecting IFFO1 can be used for the early diagnosis of multiple myeloma patients.Further experiment proves that the expression for raising IFFO1 can effectively inhibit the proliferation of multiple myeloma cells, and IFFO1 is prompted to can be used for treating Huppert&#39;s disease.The present invention discloses a kind of method of the potential substance of screening treatment Huppert&#39;s disease, that is, the potential substance screened can raise or increase the expression or expression product activity of IFFO1.",20190705,,,A61K45/00
US-2024325765-A1,Systems and methods for noise filtering in implantable medical device charging systems,"The present disclosure provides systems and methods for wirelessly charging an implantable medical device. An external charging device includes a coil, signal generating circuitry to drive current through the coil at a charging frequency to induce current in a second coil in the implantable medical device, monitoring circuitry to generate an output signal to monitor charging operations, and a comb filter. The comb filter is configured to apply filtering to the output signal to remove noise from the output signal, wherein the filtering is applied based on the charging frequency. The external charging device is configured to process the filtered output signal to detect a circuit state of charging circuitry of the implantable medical device during charging operations, and the external charging device is configured to vary the charging frequency based, in part, on detection of the circuit state of the charging circuitry of the implantable medical device.",20241003,ADVANCED NEUROMODULATION SYSTEMS INC,HERNANDEZ LUIS ORTIZ,A61N1/37247
US-2021322779-A1,Methods for operating a system for management of implantable medical devices and related systems,"In one embodiment, a method for operating a system for management of implantable medical devices (IMDs), comprises conducting communication sessions with a plurality of clinician programmer devices while the clinician programmer devices are engaged in respective programming sessions with IMDs; receiving and storing second programming data from a plurality of clinician programmer devices, wherein the second programming data was created during programming sessions with IMDs without network connectivity to the system for management of IMDs; reconciling programming of the plurality of IMDs that were programmed with the second programming data with data stored by the system for management of IMDs; and communicating second signed validation data to cause IMDs to conduct therapeutic operations according to programming data validated by respective instances of second validation data.",20211021,ADVANCED NEUROMODULATION SYSTEMS INC,CRAWFORD CHRISTOPHER S L,A61N1/37264
US-11688522-B2,Data labeling system and method operative with patient and clinician controller devices disposed in a remote care architecture,"A system and method for facilitating remote care management involving a patient having an implantable medical device (IMD). Upon establishing a remote care session between a patient controller device and a clinician programmer, wherein the clinician and the patient are remotely located with respect to each other, input from the patient or the clinician may be received via a user interface control associated with a particular functionality or aspect of the remote care session, including audiovisual (AV) communications, remote therapy programming, and related context. Responsive to the user input, a dialog interface is effectuated at one of the patient controller device and/or the clinician programmer. A user characterization label is received via the dialog interface from the user, wherein the user characterization label is indicative of a subjective assessment of the particular functionality of the remote care session, which may be used in generating user-labeled data pertaining thereto.",20230627,ADVANCED NEUROMODULATION SYSTEMS INC,DEBATES SCOTT,A61N1/37282
US-2021236822-A1,Implantable pulse generator with multiple stimulation engines,"An implantable medical device (IMD) includes multiple stimulation engines for independently stimulating respective electrode sets of a lead system while avoiding collisions and/or channel contention during stimulation delivery. A first voltage multiplier is configured to generate an adjustable target voltage having sufficient headroom at an output node that is commonly coupled to anodic nodes of respective stimulation engines. Each stimulation engine includes a secondary voltage multiplier to drive the respective anode and a current regulator powered by a floating voltage supply, wherein the current regulator is coupled to a cathodic node and configured to control how much stimulation current is pulled from the patient tissue.",20210805,ADVANCED NEUROMODULATION SYSTEMS INC,DESHAZO DARAN,A61N1/3606
US-2020398063-A1,Data labeling system and method operative with patient and clinician controller devices disposed in a remote care architecture,"A system and method for facilitating remote care management involving a patient having an implantable medical device (IMD). Upon establishing a remote care session between a patient controller device and a clinician programmer, wherein the clinician and the patient are remotely located with respect to each other, input from the patient or the clinician may be received via a user interface control associated with a particular functionality or aspect of the remote care session, including audiovisual (AV) communications, remote therapy programming, and related context. Responsive to the user input, a dialog interface is effectuated at one of the patient controller device and/or the clinician programmer. A user characterization label is received via the dialog interface from the user, wherein the user characterization label is indicative of a subjective assessment of the particular functionality of the remote care session, which may be used in generating user-labeled data pertaining thereto.",20201224,ADVANCED NEUROMODULATION SYSTEMS INC,DEBATES SCOTT,H04N7/15
US-2021213294-A1,Methods of operating a system for management of implantable medical devices (imds) using reconciliation and revocation data,"In one embodiment, a method for operating a system for management of implantable medical devices (IMDs), comprises: conducting communications sessions with a plurality of clinician programmer devices, wherein some of the communication sessions occur white the plurality of clinician programmer devices are engaged in respective programming sessions with IMDs; conducting communications sessions with a plurality of patient controller devices, wherein the communication sessions with the patient controller devices include communication of data pertaining to offline programming of IMDs; reconciling programming session data received from the plurality of clinician programmer devices with programming session data received from patient controller devices to identify instances of unauthorized IMD programming; and distributing revocation data to patient controller devices to be downloaded to corresponding IMDs, wherein the revocation data identifies cryptographic keys that are no longer trusted.",20210715,ADVANCED NEUROMODULATION SYSTEMS INC,CRAWFORD CHRISTOPHER S L,G16H40/67
US-2020139140-A1,Implantable medical device using permanent and temporary keys for therapeutic settings and related methods of operation,"In one embodiment, an implantable medical device (IMD) comprises: therapeutic circuitry for controlling delivery of a medical therapy to a patient; a processor for controlling the IMD according to executable code; wireless communication circuitry for conducting wireless communications; and memory for storing data and executable code, wherein the executable comprises code for causing the processor to (1) communicate with an external programming device to define therapeutic settings for operation of the IMD, (2) perform validation operations on one or more instances of therapeutic settings by determining whether a respective instance of therapeutic settings is accompanied by permanent validation data or temporary validation data, wherein the validation operations comprise analyzing temporary validation data against at least one key of a plurality of cryptographic keys stored by the IMD.",20200507,ADVANCED NEUROMODULATION SYSTEMS INC,CRAWFORD CHRISTOPHER S L,A61N1/37217
US-2023417998-A1,Shape Sensing Fiber Optic Tip Protection Systems and Devices,"Disclosed herein are fiber-optic assemblies for insertion within a patient body, that include an optical fiber and a secondary mechanical layer extending around a circumference of the optical fiber along at least the distal portion of the optical fiber. A distal tip section of the optical fiber includes a portion of the optical fiber disposed within a circuitous path, or an expansion of the optical fiber. The optical fiber may be a shape sensing optical fiber. A medical device assembly includes the fiber-optic assembly coupled with a catheter, a stylet, a probe, or a guidewire. The secondary mechanical layer and/or the expansion may be formed of an electrically conductive material.",20231228,BARD ACCESS SYSTEMS INC,MISENER ANTHONY K,G02B6/3624
US-11931179-B2,Optical and electrical diagnostic systems and methods thereof,"Optical-and-electrical medical systems and methods thereof are disclosed. Such a medical system can include a console, an optical shape-sensing (“OSS”) medical device including an optical-fiber stylet, one or more electrical medical devices, and a relay module for establishing one or more optical or electrical relay connections between the relay module and a remainder of the medical system including the console. The console can be configured for converting reflected optical signals from the optical-fiber stylet into shapes thereof for display. The relay module can include a primary receptacle configured to accept insertion of a medical barrier-piercing plug of the OSS medical device and establish a through-barrier optical connection therebetween. The relay module also can include one or more secondary receptacles configured to accept insertion of a corresponding number of electrical plugs of the one-or-more electrical medical devices and establish one or more under-barrier electrical connections therebetween.",20240319,BARD ACCESS SYSTEMS INC,SOWARDS STEFFAN,A61B5/6852
US-2023404683-A1,Systems and Methods for Automatically Recommending a Medical Device for Vascular Access,"Disclosed are systems and methods for automatically recommending medical devices for vascular access. For example, a system can include an ultrasound probe, a console operably coupled to the ultrasound probe, and a display screen integrated into the console. The console can include one or more processors and memory including instructions configured to instantiate one or more processes when executed by the one-or-more processors for the automatic recommending of the medical device for vascular access. The automatic recommending of the medical device for vascular access can be in accordance with a plurality of data inputs, various operating parameters, or a combination thereof. The display screen can be configured to display an ultrasound image including one or more blood vessels below a skin surface of a patient. The display screen can also be configured to display the medical device recommended for vascular access of the one-or-more blood vessels in the ultrasound image.",20231221,BARD ACCESS SYSTEMS INC,SCHMIDT JEFFREY H,A61B34/25
US-2023108604-A1,Shape-Sensing Systems with Filters and Methods Thereof,"Shape-sensing systems and methods for medical devices. The shape-sensing system can include a medical device, an optical interrogator, a console, and a display screen. The medical device can include an integrated optical-fiber stylet having fiber Bragg grating (“FBG”) sensors along at least a distal-end portion thereof. The optical interrogator can be configured to send input optical signals into the optical-fiber stylet and receive FBG sensor-reflected optical signals therefrom. The console can be configured to convert the reflected optical signals with the aid of filtering algorithms of some optical signal-converter algorithms into plottable data for displaying plots thereof on the display screen. The plots can include a plot of curvature vs. time for each FBG sensor of a selection of the FBG sensors for identifying a distinctive change in strain of the optical-fiber stylet as a tip of the medical device is advanced into a superior vena cava of a patient.",20230406,BARD ACCESS SYSTEMS INC,MESSERLY SHAYNE,A61B5/725
US-2019083752-A1,Antimicrobial Dressing With Liner For A Medical Device,"A full-surround contact antimicrobial dressing is disclosed. The dressing includes a transparent body that covers a skin insertion site through which a catheter assembly passes for disposal within the body of a patient. The transparency of the dressing body enables inspection of the skin insertion site. In one embodiment, therefore, an antimicrobial full-surround contact dressing for use with a medical device inserted into a skin surface of a patient via a skin insertion site is disclosed and comprises a transparent flat body, an antimicrobial adhesive substance disposed on a bottom surface of the body, and a slit defined in the body. The slit is configured to enable the body to be placed fully around a perimeter of the medical device on the skin surface at the skin insertion site such that the bottom surface of the body fully surrounds and contacts the skin insertion site.",20190321,BARD ACCESS SYSTEMS INC,HOWELL GLADE H,A61L2300/104
US-11649341-B2,Enhancing bond strength of medical devices,Components of medical devices include polyethylene-poly(ethylene oxide) amphiphilic graft copolymers (PE-g-PEO) in their base polymer formulations. The base polymeric formulations comprise at least a polymer or co-polymer of ethylene. These components are suitable for solvent-bonding with other components and enhance bond strength of the medical devices.,20230516,BECTON DICKINSON CO,ZHANG JIANBIN,C08L2207/066
US-2022092960-A1,"Systems, apparatuses and methods for enhanced notifications to users of wearable medical devices","A wearable medical device (e.g., wearable drug delivery pump) sends a request to another device for generation of an audible or vibratory notification at the other device, which is helpful when the wearable medical device is obscured by a user&#39;s clothing or the user is vision or hearing impaired. The other device receiving the request to generate a notification can be a remote controller or smartphone paired with the wearable medical device, or a smart watch or a Bluetooth (BT)-enabled headset or other device paired with the remote controller. The wearable medical device is configured with a BT stack that allows the device to pair with its controller in a secure bonded relationship, but to send signals requiring less security (e.g., requests for generation of notifications) to other devices (e.g., a BT-enabled headset or smart watch) using a more ubiquitous wireless protocol such as a standard BT protocol with broadcast mode.",20220324,BECTON DICKINSON CO,ARUMUGAM REVATHY,A61B5/4839
US-2024225767-A1,"System, Method, and Computer Program Product for Customized Medical Kit Assembly and Inventory Management","Systems, methods, and computer program products for customized medical kit assembly and inventory management are disclosed. A method may include receiving, from a user device, an input associated with a selection of a set of medical devices for a medical kit. The set of medical devices may be dispensed from a storage location in response to receiving the input. The set of medical devices dispensed from the storage location may be packaged at a packaging location to form the medical kit. The medical kit may be dispensed from a fulfillment location.",20240711,BECTON DICKINSON CO,KUMAR MANISH,A61L2103/15
US-2020399453-A1,Enhancing Bond Strength Of Medical Devices,Components of medical devices include polyethylene-poly(ethylene oxide) amphiphilic graft copolymers (PE-g-PEO) in their base polymer formulations. The base polymeric formulations comprise at least a polymer or co-polymer of ethylene. These components are suitable for solvent-bonding with other components and enhance bond strength of the medical devices.,20201224,BECTON DICKINSON CO,ZHANG JIANBIN,A61L29/049
US-2024165319-A1,System and Method for Capturing Sharps Container Content Information,"A medical device disposal container includes a container body defining an opening and at least one sensor proximate the opening, the at least one sensor in communication with a computing device.",20240523,BECTON DICKINSON CO,JOGLEKAR AJINKYA MADHUKAR,A61M5/002
US-2021233657-A1,System and Method for Assuring Patient Medication and Fluid Delivery at the Clinical Point of Use,"A system for confirmation of fluid delivery to a patient at the clinical point of use is provided. The system includes a wearable electronic device. The wearable electronic device has a housing; at least one imaging sensor associated with the housing; a data transmission interface; a data reporting accessory for providing data to the user; a microprocessor for managing the at least one imaging sensor, the data transmission interface, and the data reporting accessory; and a program for acquiring and processing images from the at least one imaging sensor. The system further includes a fluid delivery apparatus; and one or more identification tags attached to or integrally formed with the fluid delivery apparatus. The program processes an image captured by the at least one imaging sensor to identify the one or more identification tags and acquires fluid delivery apparatus information from the one or more identification tags.",20210729,BECTON DICKINSON CO,BURKHOLZ JONATHAN KARL,H04N23/51
US-12171982-B2,Subcutaneous infusion needle stick prevention device using needle hub retraction,"A needle stick prevention device ( 10, 110 ) includes a needle shield ( 20, 120 ) for selectively covering a distal end of a needle ( 41, 141 ). A needle hub ( 40, 140 ) is movably received within the needle shield ( 20, 120 ). The needle hub ( 40, 140 ) includes a proximal end ( 42, 142 ), a distal end ( 46, 146 ), a needle ( 41, 141 ) fixedly connected to the distal end of the needle hub ( 40, 140 ), and a plurality of ribs ( 54 ) or a cylinder ( 150 ) disposed between the proximal and distal ends. An actuation button movably received in a transverse opening of the needle shield ( 20, 120 ) to engage the needle shield ( 20, 120 ), the needle hub ( 40, 140 ) and a medical device. A spring ( 58, 158 ) is disposed between the needle hub ( 40, 140 ) and actuation member to automatically retract the needle ( 41, 141 ) into the needle shield ( 20, 120 ).",20241224,BECTON DICKINSON CO,SONDEREGGER RALPH,A61M2005/1583
US-11679203-B2,Medical device including an air evacuation system,"Medical device assemblies capable of aspirating liquid into a syringe barrel or other medical devices while evacuating any air from the syringe are described. An exemplary medical device includes a syringe barrel, plunger rod and stopper assembly having an air permeable and liquid impermeable porous portion and structure for forming a vacuum within either the stopper or the plunger rod. Described is a medical device including a syringe barrel, plunger rod and stopper assembly having an air permeable and liquid impermeable porous portion and structure for forming a vacuum within chamber between the stopper and plunger rod wherein the plunger rod includes a sealing edge and is moveable relative to the stopper. Exemplary medical devices may include a vent for allowing air that permeates through the porous portion to escape to atmosphere. Methods for aspirating a syringe barrel with a liquid are also provided.",20230620,BECTON DICKINSON CO,LUM CHEE LEONG,A61M2005/3123
US-2023210445-A1,Active Implantable Medical Device Capable of Distinguishing Between a Local Infection and a Systemic Infection,"An active implantable medical device (IMD) which, in operation: repeatedly senses a body temperature of a person having the IMD implanted therein; stores the sensed body temperature values; repeatedly senses a cardiac physiologic parameter of the person; stores the sensed cardiac physiologic parameter values; determines whether one of the body temperature values exceeds a predefined body temperature threshold; if an excess is determined, the IMD: determines whether one of the cardiac physiologic parameter values exceeds a predefined cardiac physiologic parameter threshold, wherein the one cardiac physiologic parameter value is determined in the same time period as the one body temperature value exceeding the body temperature threshold; classifies an infection of the person as a local infection if the one cardiac physiologic parameter value does not exceed the threshold; or classifies an infection of the person as a systemic infection if the one cardiac physiologic parameter value exceeds the threshold.",20230706,BIOTRONIK SE & CO KG,DOERR THOMAS,A61B5/412
US-11285331-B2,Implantable medical device comprising an anchoring device,An implantable medical device includes a housing having a proximal end and a distal end. The implantable medical device is placeable on cardiac tissue in the region of the distal end. An anchoring device is fixedly attached to the housing in the region of the distal end. The anchoring device includes at least one anchoring member. The at least one anchoring member includes a first end and a second end opposite the first end. The second end is disposed on the housing. The at least one anchoring member longitudinally extends between the first end and the second end along an axis of extension and is formed by a flat strip which is twisted by a twist angle about the axis of extension between the first end and the second end. A method for manufacturing an implantable medical device is also provided.,20220329,BIOTRONIK SE & CO KG,WHITTINGTON R HOLLIS,A61N1/3756
US-2021410287-A1,Printed Circuit Board Assembly of an Implantable Medical Device,"A printed circuit board assembly of an implantable medical device comprises a printed circuit board and a sensor device that is arranged at the printed circuit board and joined to the printed circuit board by way of an adhesive layer. It is provided in the process that the adhesive layer is formed of an adhesive compound in which glass spheres are embedded. In this way, a printed circuit board assembly is provided which, in a simple, inexpensive manner, allows a sensor device to be joined to a printed circuit board for installation in a medical device, with advantageous mechanical decoupling and improved process reliability.",20211230,BIOTRONIK SE & CO KG,MEIER ROMAN,H10W72/075
US-11110286-B2,Delivery system for an implantable medical device,"A delivery tool for an implantable medical device to be introduced into a human or animal body, in particular, an implantable leadless pacemaker, the delivery tool having an outer sheath and an inner sheath, wherein the inner sheath is configured to be retractable into a lumen of the outer sheath, wherein a distal side of the inner sheath is configured to provide regions which are reversibly collapsible and non-collapsible in diameter, wherein a non-collapsible region is arranged at the distal end of the inner sheath. A system including a delivery tool and an implantable medical device is also provided.",20210907,BIOTRONIK SE & CO KG,MUESSIG DIRK,A61N1/37518
US-2022203068-A1,Multilumen Body for a Medical Device,"A multilumen body for a medical device, comprising a first tubular element and a second tubular element, which is arranged in the first tubular element and which is in contact with the first tubular element at least in sections and movable relative to the first tubular element, an inner surface of the first tubular element having a first profile and/or an outer surface of the second tubular element having a second profile so that the contact surface between the first tubular element and the second tubular element is smaller than without the first profile and/or without the second profile. The multilumen body is characterized in that the first profile and/or the second profile include a plurality of alternating elevations and depressions, wherein a maximum distance between two neighboring elevations is 100 μm.",20220630,BIOTRONIK SE & CO KG,ZEDLER STEPHAN,B29L2031/7542
US-12144995-B2,Point-and-click programming for deep brain stimulation using real-time monopolar review trendlines,"A system and method for selecting leadwire stimulation parameters includes a processor iteratively performing, for each of a plurality of values for a particular stimulation parameter, each value corresponding to a respective current field: (a) shifting the current field longitudinally and/or rotationally to a respective plurality of locations about the leadwire; and (b) for each of the respective plurality of locations, obtaining clinical effect information regarding a respective stimulation of the patient tissue produced by the respective current field at the respective location; and displaying a graph plotting the clinical effect information against values for the particular stimulation parameter and locations about the leadwire, and/or based on the obtained clinical effect information, identifying an optimal combination of a selected value for the particular stimulation parameter and selected location about the leadwire at which to perform a stimulation using the selected value.",20241119,BOSTON SCIENT NEUROMODULATION CORP,CARCIERI STEPHEN,A61N1/372
US-2019366107-A1,Interleaving Stimulation Patterns Provided by an Implantable Pulse Generator,An implantable medical device is configured to receive an input that specifies a time domain allocation between two or more stored stimulation programs and to provide control signals corresponding to each of the two or more stimulation programs to stimulation circuitry to interleave the two or more stimulation programs in time according to the input. The time domain allocation may set a proportion of time during which each of the stimulation programs is active during repeating epochs. The time domain allocation may be set by a user to transition between configured stimulation programs or to specify stimulation that is based on two or more different stimulation programs. The time domain allocation may also be adjusted automatically to optimize an indication of an effectiveness of stimulation that is provided by the patient.,20191205,BOSTON SCIENT NEUROMODULATION CORP,MOFFITT MICHAEL,A61N1/37247
US-2023045684-A1,Method and apparatus for clinical effects-based targeting of neurostimulation,"An example of a system for delivering neurostimulation may include a programming control circuit and a stimulation control circuit. The programming control circuit may be configured to generate stimulation parameters controlling delivery of the neurostimulation according to a stimulation configuration. The stimulation control circuit may be configured to specify the stimulation configuration, and may include volume definition circuitry and stimulation configuration circuitry. The volume definition circuitry may be configured to determine one or more test volumes, determine a clinical effect resulting from the one or more test volumes each being activated by the neurostimulation, and determine a target volume using the determined clinical effect. The stimulation configuration circuitry may be configured to generate the specified stimulation configuration for activating the target volume.",20230209,BOSTON SCIENT NEUROMODULATION CORP,ZHANG TIANHE,A61N1/0534
US-2021361955-A1,Systems and methods for selecting stimulation parameters by targeting and steering,"Methods and systems for selecting stimulation parameters using targeting and steering techniques are presented. For example, a method or system (via actions performed by a processor) can include receiving a name of an anatomical or physiological target or a name of a disease or disorder; receiving a clinical goal; and using at least 1) the anatomical or physiological target or disease or disorder and 2) the clinical goal, selecting a set of stimulation parameters. Another method or system (via actions performed by its processor) can include receiving a first set of stimulation parameters; receiving a command to alter the first set of stimulation parameters that does not include, or is not composed exclusively of, a numerical value for any of the stimulation parameters; and modifying the first set of stimulation parameters to create a second set of stimulation parameters based on the command.",20211125,BOSTON SCIENT NEUROMODULATION CORP,STEINKE G KARL,A61N1/0551
US-11975196-B2,Tools to assist spinal cord stimulation self-reprogramming,"Methods and systems for assisting a patient to reprogram parameters of an implantable medical device, such as a spinal cord stimulator, are disclosed. A patient may use an external controller, which may be either a dedicated device or a personal computing device, to interact with their implantable medical device and evaluate the efficacy of their therapy. If the efficacy diminishes, the patient may use their external controller to adjust either the neural dosage (i.e., frequency, pulse width, and/or amplitude) and/or the location at which stimulation is provided. A reprogramming assistant is provided, which guides the patient in adjusting their stimulation using their external controller. The patient may use supra-perception or sub-perception stimulation for the adjustment. The implantable medical device may include pre-programmed “rescue programs” to assist the patient in recovering the efficacy of their therapy.",20240507,BOSTON SCIENT NEUROMODULATION CORP,HUERTAS FERNANDEZ ISMAEL,A61N1/36071
US-2024189574-A1,Sheath with Mechanism to Stop Bleeding Around Access Site,"A medical device delivery system includes a sheath for insertion into an access site and for use in positioning a medical device within a blood vessel. The sheath including a sheath body extending between a distal end and a proximal end. The sheath body defines a sheath lumen for receiving the medical device. A plug is arranged around the sheath body, and the plug is defined by a first disc formed of an expandable material. The first disc is configured to be positioned within the blood vessel and against a wall of the blood vessel such that the plug can seal the access site.",20240613,BOSTON SCIENT SCIMED INC,LIU QIAN,A61M60/216
US-2024285330-A1,"Medical systems, devices, and related methods","In one example, a medical device may be adapted for use with a delivery device, and the medical device may include a handle including at least one actuator; a body adapted to releasably mount to a distal portion of the delivery device, the body supporting a pair of jaws rotatably coupled to the body; and a control wire coupled to the pair of jaws and the actuator. The actuator may be configured to open and close the pair of jaws.",20240829,BOSTON SCIENT SCIMED INC,CHU MICHAEL S H,A61B2017/00296
US-2021161690-A1,Medical devices formed from polymer filaments,Medical devices and method for manufacturing medical devices are discloses. An example medical device may include a medical device body formed from one or more multi-melting point polymeric filaments. Each of the filaments may include a polymeric blend comprising a first block polymer and a second polymer. The polymeric blend may have a first melting point and a second melting point less than the first melting point. The medical device body may be heat set at a temperature within 10° C. of the second melting point.,20210603,BOSTON SCIENT SCIMED INC,FREDRICKSON GERALD,A61L31/041
US-2021315446-A1,Distal tips for medical devices,"A medical device may comprise a distal tip having a viewing element, a lighting element, and at least one feature configured to removably couple the distal tip to a shaft. The medical device may also comprise a working channel coupled to the distal tip and defining a central lumen configured to receive a tool. A wall of the working channel may define at least one additional lumen. The working channel may be configured to be removably inserted into the shaft. The medical device may also comprise at least one of a wire, a cable, or a conduit passing through the at least one additional lumen.",20211014,BOSTON SCIENT SCIMED INC,CRAWFORD RICHARD,A61B1/018
US-2024307052-A1,"Medical systems, devices, and related methods for lifting tissue","A medical system includes an insertion device having a working channel, a first medical device configured to be disposed within the working channel of the insertion device, and a second medical device configured to be disposed within the working channel of the insertion device. The first medical device includes a handle, a control element extending from the handle, a detachable portion, a helical coil coupled to the detachable portion, and a loop. The detachable portion is removably coupled to a distal portion of the control element. A first portion of the loop is coupled to the detachable portion, and a second portion of the loop extends radially away from the detachable portion. The second medical device is configured to receive the second portion of the loop. The second medical device is configured to couple the second portion of the loop to a portion of a treatment site.",20240919,BOSTON SCIENT SCIMED INC,CALVO YEISON,A61B2090/0811
US-11529143-B2,Flow control valve,"The present disclosure relates generally to the field of medical devices and establishing fluid communication between body lumens. In particular, the present disclosure relates to devices and methods for establishing a controlled flow or access passage between body lumens.",20221220,BOSTON SCIENT SCIMED INC,WALSH MICHAEL,A61M25/0023
US-11700992-B2,"Encapsulated components of medical devices, and methods therefor",A distal end portion of a medical device may comprise an image capturing component; a light source; and an encapsulation having inner surfaces contacting and at least partially encompassing the image capturing component and the light source. A shape of the inner surfaces may be mirror image of a shape of exterior surfaces of the image capturing component and the light source that are contacted by the inner surfaces.,20230718,BOSTON SCIENT SCIMED INC,LAROUCHE ADAM MICHAEL,A61B1/0008
US-10524638-B2,Attachment clamp,"Various apparatuses to attach a first medical device to a second medical device are described that allow the physician to grasp only a single device while the other device remains securely attached to the one being grasped. The apparatuses, once they are attached to the first medical device, are designed to be easily and quickly attached and detached to a second medical device, normally only requiring the use of one hand. Furthermore, the apparatuses oftentimes include a base that can easily couple and decouple from the portion that is attached to the second medical device so that if the need arises to separately use the second medical device, it can be decoupled from the first medical device without completely removing the apparatus from the second medical device.",20200107,BOSTON SCIENT SCIMED INC,GOLDEN JOHN B,A61B1/018
US-12156770-B2,Deployment marker,"The present disclosure relates to the field of endoscopy. Specifically, the present disclosure relates to systems and methods which allow the distal portion of a catheter to be visualized within the body using a colored marker and one or more secondary markers. In particular, the present disclosure relates to systems and methods which indicate when a medical device is properly positioned for deployment within a body lumen.",20241203,BOSTON SCIENT SCIMED INC,SCOTT SERENA,A61M2205/584
US-10828090-B2,Medical devices with flexible circuit assemblies,"Medical devices for sympathetic nerve modulation are disclosed. An example medical device for sympathetic nerve modulation may include a catheter shaft having a distal region. An expandable member may be coupled to the distal region. A flexible circuit assembly may be attached to the expandable member. The flexible circuit assembly may include a first electrode strip, a second electrode strip, and a sensor strip disposed between the first electrode strip and the second electrode strip. The first electrode strip may include a first electrode. The second electrode strip may include a second electrode. The first electrode and the second electrode may define a pair of bipolar electrodes.",20201110,BOSTON SCIENT SCIMED INC,HAVERKOST PATRICK A,A61B2018/00815
US-2018137690-A1,Material analysis of anatomical items,"A computer-implemented method for medical device modeling includes accessing an electronic definition for a model of a three-dimensional item and an electronic definition of a three-dimensional spline relating to an internal anatomical volume; determining, with a computer-based finite element analysis system and using the electronic definitions, stresses created by the three-dimensional item along the three-dimensional spline, for different points along the three-dimensional spline; and displaying stress data generated by the finite element analysis system with a visualization system, the display of the stress data indicating levels of stress on portions of the three-dimensional item at particular locations along the three-dimensional spline.",20180517,BOSTON SCIENT SCIMED INC,COFFEY DANE,A61B2017/00778
US-11957330-B2,Endoscopic suture cinching and cutting device,"Medical devices for cinching and cutting one or more suture, and methods for making and using such devices are disclosed. An example medical device may include a shaft, a sleeve attached to the shaft, cutter slidable within the sleeve, a cinch sleeve releasably coupled to the sleeve, and a cinch member. An elongated inner shaft may extend through and be longitudinally movable within the elongated shaft, sleeve, cutter, cinch sleeve, and cinch member. The inner shaft may be actuated to cinch and cut one or more suture disposed within the device.",20240416,BOSTON SCIENT SCIMED INC,WALES RYAN V,A61B17/0467
US-11890210-B2,"Devices, systems, and methods for delivering a stent","The present disclosure relates generally to the field of medical devices. In particular, the present disclosure relates to delivering a variable length stent within a patient. In one example, a stent may include a body comprising coils about a longitudinal axis of the stent and along the length of the stent between a proximal end and a distal end in a substantially helical pattern. The coils may define a lumen along the longitudinal axis through the center of the body. A distal tube may have a wall extending from the distal end of the body. A first aperture may extend through the wall of the distal tube into the lumen. A distal retention member may extend from the distal tube. A distal suture may have a mid-portion. The mid-portion may extend through the first aperture.",20240206,BOSTON SCIENT SCIMED INC,CHU MICHAEL S H,A61F2/88
US-2019070002-A1,Medical device delivery system with flexible coupler,"A medical device delivery system includes an outer shaft having an outer shaft lumen extending therethrough and an inner shaft that is slidingly disposable within the outer shaft lumen. A coupler assembly is secured to a distal end region of the inner shaft and includes an elongate tubular member including a proximal region and a distal region, the proximal region of the elongate tubular member secured to the distal end region of the inner shaft, a plurality of fingers extending distally from the distal region of the elongate tubular member that are adapted to releasably engage an implantable medical device and a plurality of sheathing aids extending distally from the distal region of the elongate tubular member that are adapted to guide the medical device back into the outer shaft lumen.",20190307,BOSTON SCIENT SCIMED INC,Fitterer Mimi Trinh,A61F2002/9665
US-2020037863-A1,Devices and methods for treatment of body lumens,"A medical device may comprise a handle portion; an insertion portion having a proximal end portion at the handle portion, wherein the insertion portion includes a lumen therein and a distal end having a distal opening in communication with the lumen; and a member disposed within the lumen, the member having a distal end portion with an imaging device. The member may be configured to transition between a first configuration and a second configuration. In the first configuration, the imaging device may face distally, and, in the second configuration, the imaging device may face proximally. Extending the distal end portion of the member distally past the distal opening may cause the member to transition from the first configuration to the second configuration.",20200206,BOSTON SCIENT SCIMED INC,HARRIS COLBY,A61B1/012
US-10058344-B2,Apparatus for tissue dissection with suction ring,"A medical device may include a housing. The housing may include an outer wall, an inner wall spaced from the outer wall, and a cavity between the outer wall and the inner wall. The cavity may be in fluid communication with a lumen configured to adjust pressure within the cavity. The medical device may also include a cutting tool configured to move from extending around an outer surface of the housing to entering the cavity of the housing.",20180828,BOSTON SCIENT SCIMED INC,RAYBIN SAMUEL,A61B17/32056
US-11246625-B2,Medical device delivery system with feedback loop,A drive assembly for use with a delivery catheter for delivering an implantable medical device includes a drive motor configured to be operably coupled to an inner shaft of the delivery catheter such that operation of the drive motor causes the inner shaft to translate relative to the outer shaft and a controller. The controller is configured to receive a position signal from a position sensor indicating a position of the implantable medical device relative to the outer shaft as well as a motor signal indicating a rotational position of an output shaft of the drive motor. The controller is configured to output a control signal instructing operation of the drive motor based upon the indicated rotational position of the output shaft of the drive motor and the indicated position of the implantable medical device relative to the outer shaft.,20220215,BOSTON SCIENT SCIMED INC,KANE MICHAEL J,A61F2/966
US-2024156463-A1,Implantable medical device adaptable to irregular anatomy,"An implantable medical device such as but not limited to a left atrial appendage closure (LAAC) device includes an expandable frame that is movable between a collapsed configuration for delivery and an expanded configuration for deployment. The expandable frame may include a plurality of articulating members that are biased into the expanded configuration. The expandable frame may include a biasing member. The LAAC device includes a membrane or covering that spans across an end of the expandable frame. In some cases, the LAAC device may be adjustable to better fit a non-circular ostium.",20240516,BOSTON SCIENT SCIMED INC,INOUYE JOSHUA MARK,A61B17/12177
US-2021236776-A1,Steerable crossing catheter,"Medical devices as well as methods for making and using medical devices are disclosed. An example medical device may include a steerable crossing catheter system. The steerable crossing catheter system may include an elongate catheter shaft having a proximal end region, a steerable distal end region, and a lumen extending therethrough.A core may be disposed within the lumen. The core may have a distal end. A penetrating member may be coupled to the distal end. A sensing assembly may be disposed adjacent to the distal end. The sensing assembly may be configured to estimate the location of the core within a body lumen.",20210805,BOSTON SCIENT SCIMED INC,ANDERSON JASON T,A61B2017/00022
US-11484320-B2,Left atrial appendage closure device with anti-thrombogenic covering,Medical devices as wells as methods for making and using medical devices are disclosed. An example medical device may include a left atrial appendage device. The left atrial appendage device may include an expandable frame configured to shift between a first configuration and an expanded configuration. A fabric mesh may be disposed along at least a portion of the expandable frame. An anti-thrombogenic coating may be disposed along the fabric mesh.,20221101,BOSTON SCIENT SCIMED INC,KANGAS STEVEN L,A61B17/12031
US-2022323731-A1,Systems and methods for percutaneous body lumen drainage,"The present disclosure relates generally to the field of devices and procedures for placement of a medical device between adjacent tissue structures. In particular, the present disclosure relates to systems and methods for percutaneous placement of a drainage stent between the gallbladder and gastric lumen (e.g., cholecystogastrostomy), or gallbladder and duodenum (cholecystoduodenostomy).",20221013,BOSTON SCIENT SCIMED INC,SHLOMOVITZ ERAN,A61B2090/378
US-2024065722-A1,Methods for coupling device components and related devices having such components,"A method for coupling a first medical device component to a second medical device component comprising altering the first medical device component from a natural state to an altered state, by reducing a cross-sectional dimension of the first medical device, fitting a first portion of the first medical device component in the altered state into a first opening of the second medical device component, wherein the first medical device component includes second portions not within the first opening of the second medical device component, and allowing the second portions of the first medical device component to revert back to the natural state.",20240229,BOSTON SCIENT SCIMED INC,GAFFNEY BRIAN,B21F15/06
US-11737654-B2,Attachment clamp,"Various apparatuses to attach a first medical device to a second medical device are described that allow the physician to grasp only a single device while the other device remains securely attached to the one being grasped. The apparatuses, once they are attached to the first medical device, are designed to be easily and quickly attached and detached to a second medical device, normally only requiring the use of one hand. Furthermore, the apparatuses oftentimes include a base that can easily couple and decouple from the portion that is attached to the second medical device so that if the need arises to separately use the second medical device, it can be decoupled from the first medical device without completely removing the apparatus from the second medical device.",20230829,BOSTON SCIENT SCIMED INC,GOLDEN JOHN B,A61B1/00128
US-2020121439-A1,Stent including anti-migration capabilities,"An example medical device for treating a body lumen is disclosed. The medical device includes an expandable scaffold including first and second regions, each of the first and second regions include a plurality of interstices located therein. The medical device also includes a covering spanning each of the plurality of interstices of the first region. The second region is free of the covering. A biodegradable gripping material is disposed on an outer surface of the covering. Further, the expandable scaffold is configured to shift from a collapsed state to an expanded state and the second region is configured to contact an inner surface of the body lumen in the expanded state. Additionally, the gripping material is designed to initially prevent migration of the expandable scaffold upon implantation in the body lumen until the second region is secured to the inner surface of the body lumen.",20200423,BOSTON SCIENT SCIMED INC,HYNES MARTIN,A61F2/07
US-12178404-B2,Medical device controller,"In one example, a controller configured for use with a medical device, may include a body configured to removably couple to the medical device. The body may include a gear configured to mate with a first actuator of the medical device; and a second actuator, and the actuation of the second actuator may be configured to initiate movement of the gear and the first actuator.",20241231,BOSTON SCIENT SCIMED INC,MONTENEGRO ESTEBAN SOLANO,A61M25/0136
US-2022095892-A1,Medical device controller,"In one example, a controller configured for use with a medical device, may include a body configured to removably couple to the medical device. The body may include a gear configured to mate with a first actuator of the medical device; and a second actuator, and the actuation of the second actuator may be configured to initiate movement of the gear and the first actuator.",20220331,BOSTON SCIENT SCIMED INC,MONTENEGRO ESTEBAN SOLANO,A61B1/00131
US-2022193392-A1,Facilitate Delivery of Devices with High Friction - Braid,"A delivery device for percutaneous medical device is disclosed herein. The delivery device includes an enveloper member that includes an enveloper wall, an enveloper aperture that is formed at the enveloper wall such that the enveloper member is configured to receive a deployment portion of the percutaneous medical device through the enveloper aperture, and a tether assembly extending from the enveloper wall; the enveloper member configured to removably cover the deployment portion with the enveloper wall; and the tether assembly configured to facilitate removal of the enveloper member from covering the deployment portion and to facilitate withdrawal of the enveloper member from a delivery lumen.",20220623,BOSTON SCIENT SCIMED INC,LIU QIAN,A61M60/237
US-2019133421-A1,Attachment clamp,"Various apparatuses to attach a first medical device to a second medical device are described that allow the physician to grasp only a single device while the other device remains securely attached to the one being grasped. The apparatuses, once they are attached to the first medical device, are designed to be easily and quickly attached and detached to a second medical device, normally only requiring the use of one hand. Furthermore, the apparatuses oftentimes include a base that can easily couple and decouple from the portion that is attached to the second medical device so that if the need arises to separately use the second medical device, it can be decoupled from the first medical device without completely removing the apparatus from the second medical device.",20190509,BOSTON SCIENT SCIMED INC,GOLDEN JOHN B,Y10T24/1482
US-2022008232-A1,Implantable medical device with reduced migration capabilities,Medical devices and methods for making and using a medical device are disclosed. An example medical device may include an implantable medical device. The implantable medical device may include a stent having a covered portion and an uncovered portion. The covered portion may be releasably attached to the uncovered portion. A cover member may be disposed along the covered portion. The uncovered portion may include a release tab that is designed to release the uncovered portion from the covered portion. A removal member may be coupled to the covered portion for aiding in the removal of the covered portion from an implantation site.,20220113,BOSTON SCIENT SCIMED INC,MORT PAUL G,A61F2002/009
US-2018326186-A1,Expandable sheath,"A medical device assembly may include an elongated tubular membrane having a wall defining a lumen extending through the membrane from a proximal end to a distal end, the lumen having a first inner diameter, and a percutaneous medical device having a maximum outer diameter greater than the first inner diameter, wherein the membrane is configured to permit the medical device to pass through the lumen, and wherein the membrane includes a plurality of longitudinally-oriented channels recessed along an inner surface of the wall. A medical device delivery sheath may include a tubular first layer of polymeric material formed into a wavy cross-section having a plurality of lobes and a plurality of valleys, wherein the first layer of material is resiliently expandable in a radial direction from a relaxed configuration to an expanded configuration, and wherein the first layer of material is substantially non-expandable in an axial direction.",20181115,BOSTON SCIENT SCIMED INC,ZHOU PU,A61M25/005
US-2023329707-A1,Control assemblies for medical devices and related methods of use,"A medical assembly that includes a medical device including a handle having an actuator, a shaft extending distally from the handle, and a sensor at a distal end of the shaft. The distal end of the shaft is coupled to the actuator by a wire extending through the shaft, and the sensor is configured to measure data indicative of the distal end of the shaft moving from a first position to a second position. The actuator is configured to articulate the distal end of the shaft based on the data measured by the sensor to move the distal end from the second position to the first position.",20231019,Boston Scientific Medical Device Limited,SHARMA DEEPAK KUMAR,A61B1/00042
US-2024374235-A1,Intraurethral medical systems and related methods,"Medical systems and methods of use thereof useful to image the body are described. The medical system may include a first medical device defining a channel between a proximal end and a distal end of the first medical device; and a second medical device including a tube, a plunger, and a needle. A distal portion of the tube may include an imager, and the needle may be translatable along the tube relative to the plunger. The second medical device may be insertable in, and translatable along, the channel of the first medical device.",20241114,Boston Scientific Medical Device Limited,GOLE NACHIKET,A61B2010/045
US-2024252791-A1,Steerable medical devices and related methods thereof,"A medical device comprising a handle including a handle body and an actuator, and a shaft extending distally from the handle body, wherein the shaft comprises of a shape memory material, wherein the shaft includes a proximal section and a distal section, the proximal section having a first austenitic finish temperature and the distal section having a second austenitic finish temperature, and wherein the first austenitic finish temperature is lower than the second austenitic finish temperature.",20240801,Boston Scientific Medical Device Limited,ORTIZ GARCIA JUAN PABLO,A61M2025/09158
US-2024122770-A1,"Medical systems, devices, and related methods","A medical device includes a handle with a primary actuator and one or more secondary actuators, an end cap configured to be coupled to a distal end of another medical device and including stationary and movable portions, one or more patches that are coupled to the movable portion, one or more control elements coupling the primary actuator to the movable portion; and one or more actuation elements. The one or more actuation elements extend from the one or more secondary actuators to a position between a portion of the one or more patches and the movable portion of the end cap. Movement of the primary actuator moves the movable portion of the end cap relative to the stationary portion of the end cap, and movement of the one or more secondary actuators at least partially deploys the one or more patches from the movable portion of the end cap.",20240418,Boston Scientific Medical Device Limited,SHARMA DEEPAK KUMAR,A61B17/0057
US-2024307093-A1,Methods and devices for puncturing tissue,"Novel and unique medical devices and associated methods are disclosed, for a medical device for puncturing tissue at a tissue site. The medical device includes an elongate member having a distal section defining a distal section curved portion and a distal section straight portion. The distal section straight portion is distal to the distal section curved portion. An active tip is located at a distal end of the distal section. The active tip is operable to deliver energy to create a puncture through the tissue. The medical device includes a constant diameter layer. The distal section straight portion includes a minimum diameter portion located proximal to a constant diameter portion, and the constant diameter layer surrounds the minimum diameter portion.",20240919,Boston Scientific Medical Device Limited,DAVIES GARETH,A61B2017/3488
US-2024087111-A1,"Apparatus, method, and non-transitory computer-readable storage medium for generating a task-aware dynamic sparse-view scanning procedure","A system and method is provided for controlling an acquisition system to obtain, based on a currently acquired set of projection data, a next set of projection data that is to be acquired using a set of learned imaging conditions. The set of learned imaging conditions are, at least in part, based on training data including projection data and dose information. In one embodiment, the initial dose and angle for obtaining the initial set of projection data are chosen at random. In another embodiment, the initial dose and angle for obtaining the initial set of projection data are chosen based on a test scan and a trained neural network for outputting the initial dose and angle using a loss function.",20240314,CANON MEDICAL SYSTEMS CORP,HU YI,G06T12/30
US-2021186449-A1,"Medical system, medical image diagnosis apparatus and terminal device","A medical system according to an embodiment is a system in which at least one medical image diagnosis apparatus and a server are connected via a network and the medical system includes a storage circuit, a processing circuit, and a display circuit. The storage circuit stores information on examinations that are performed by the at least one medical image diagnosis apparatus. The processing circuit generates proposal information based on information on the examinations. The display circuit displays the proposal information.",20210624,CANON MEDICAL SYSTEMS CORP,OISHI KEISUKE,A61B6/566
US-11647970-B2,Nuclear medicine diagnosis apparatus,"A nuclear medicine diagnosis apparatus according to an embodiment includes a scintillator configured to emit self-radiation, storage, and processing circuitry. The storage stores first detection efficiency correction data that is generated based on an external radiation source or a simulation and first detection efficiency data per scintillator that is calculated based on radiation that is emitted from the scintillator. The processing circuitry calculates second detection efficiency data per scintillator that is calculated based on radiation that is emitted from the scintillator and generates second detection efficiency correction data based on the first detection efficiency correction data, the first detection efficiency data, and the second detection efficiency data.",20230516,CANON MEDICAL SYSTEMS CORP,MIYAHARA MASAKI,A61B6/4258
US-10765395-B2,Medical imaging diagnosis apparatus and scan planning device,"One embodiment, a medical imaging diagnosis apparatus includes a gantry, a bed and a processing circuitry. The gantry acquires data. The bed supports a table top such that the table top is horizontally and vertically movable relative to a floor surface. The processing circuitry determines a lift route of the table top from an initial height to a target height to be either a first route or a second route. The first route is in which the table top is vertically lifted relative to the floor surface from the initial height to the target height. The second route is in which the table top is vertically lifted, while being horizontally moved, relative to the floor surface from the initial height to the target height.",20200908,CANON MEDICAL SYSTEMS CORP,OISHI KEISUKE,A61B5/704
US-2020069294-A1,"Ultrasound diagnosis apparatus, medical image processing apparatus, and storage medium","An ultrasound diagnosis apparatus according to an embodiment includes processing circuitry. The processing circuitry is configured to sequentially obtain eigenvalues of a correlation matrix of a scan range, the correlation matrix being obtained from a data sequence of reflected-wave data in mutually the same position acquired by performing an ultrasound scan on the scan range formed with a plurality of scanning lines. The processing circuitry is configured to determine a filter coefficient to be applied to a Moving Target Indicator (MTI) filter, on a basis of the plurality of eigenvalues obtained at mutually-different points in time.",20200305,CANON MEDICAL SYSTEMS CORP,SATO TAKESHI,A61B8/0891
US-10256590-B2,Interconnect for implantable medical device header,"A modular header and method of fabricating same for making electrical connection between an array of feed-through pins extending through a wall of a hermetically sealed enclosure of an implantable medical device and lead connect or receptacles within the header in which the header is fabricated using a pre-formed molded header module, together with a set or harness of interconnected flexible conductors incorporated and sealed by an overlayer of medical grade polymer material. The assembled modular header is capable of complete pre-testing prior to assembly onto an implantable medical device.",20190409,CARDIAC PACEMAKERS INC,SPADGENSKE SCOTT A,H01R43/005
US-2022126104-A1,Antennas for small imds,An implantable medical device (IMD) includes a core assembly having a housing with circuitry disposed therein. The IMD also includes an integrated electrode/antenna assembly. The integrated electrode/antenna assembly includes an electrode component and an antenna component.,20220428,CARDIAC PACEMAKERS INC,LANDHERR DANIEL J,A61B5/283
US-2018280706-A1,System for recharging a rechargeable implantable medical device including an implantable recharging bridge,A system for recharging an implantable medical device having a rechargeable battery while the implantable medical device is implanted within a patient includes a recharge energy source configured to be disposed exterior to the patient and a recharging bridge configured to be implanted within the patient. The recharging bridge is configured to facilitate energy transfer from the recharge energy source to the implantable medical device.,20181004,CARDIAC PACEMAKERS INC,MAILE KEITH R,A61N1/3956
US-2019351236-A1,Systems and methods for treating cardiac arrhythmias,"An implantable medical device (IMD) may include a housing having a proximal end and a distal end and a set of one or more electrodes connected to but spaced apart from the housing. The IMD may further include a controller disposed within the housing, wherein the controller is configured to sense cardiac electrical signals, and deliver electrical stimulation pulses via the first set of one or more electrodes. In some embodiments, a first portion of the housing is configured to be disposed at least partly within a coronary sinus of a patient&#39;s heart and a second portion of the housing is configured to be disposed at least partly within a right atrium of the patient&#39;s heart.",20191121,CARDIAC PACEMAKERS INC,KOOP BRENDAN E,A61N1/37205
US-2018178022-A1,Wireless communication between multiple implanted devices,"Implantable medical devices (IMD), such as but not limited to leadless cardiac pacemakers (LCP), neuro-stimulators (NS), and/or implantable monitors (IM), may be configured to communicate using more than one mode of communication and/or more than one communication vector. In some cases, the implantable medical device may be configured to switch between communication modes, vectors, and/or communication paths, which may help improve communication reliability and/or communication speed between devices.",20180628,CARDIAC PACEMAKERS INC,KOOP BRENDAN EARLY,A61N2001/058
US-11464987-B2,Implantable medical device and delivery catheter apparatus system and method,"An implantable medical device includes a device housing, a fixation device, a first prong projecting from a proximal end of the device housing and a second prong projecting from the proximal end of the device housing. The second prong is spaced apart from the first prong. The first prong includes a first flange projecting away from a longitudinal axis of the device housing. The second prong includes a second flange projecting away from the longitudinal axis. The first prong and the second prong are configured to extend to a first flange diameter in a relaxed configuration and to extend to a second flange diameter in an expanded configuration.",20221011,CARDIAC PACEMAKERS INC,FOSTER ARTHUR J,A61N1/057
US-2019201701-A1,Handheld bridge device for providing a communication bridge between an implanted medical device and a smartphone,"A bridge device includes a housing, a plurality of electrodes exposed outside of the housing such that at least two of the plurality of electrodes can be concurrently placed in contact with a patient&#39;s skin. A controller is disposed within the housing. A first communications module is operably coupled to the controller and to the at least two of the plurality of electrodes. The first communications module is configured to allow the controller to communicate with an implantable medical device via at least two of the plurality of electrodes using conducted communication. A second communications module is operably coupled to the controller and is configured to allow the controller to communicate with a remote device external to the patient.",20190704,CARDIAC PACEMAKERS INC,BALCZEWSKI RON A,A61B5/33
US-11529088-B2,Modular cardiac rhythm management using Q to LV activation measures,"Methods and systems for use of the Q-wave to R-wave interval to guide placement of a leadless cardiac pacemaker are disclosed. An implant delivery device is equipped with sensing electrodes to sense R-wave onset in a ventricle of a patient&#39;s heart to allow placement at a location of last or latest onset of the R-wave. Guidance tools are provided to assist in determination of the Q-wave to R-wave interval during implantation. For a chronic system, a cooperative approach is disclosed in which an implantable medical device and a leadless cardiac pacemaker exchange data to determine Q-wave to R-wave intervals and enhance cardiac resynchronization therapy delivery by the leadless cardiac pacemaker.",20221220,CARDIAC PACEMAKERS INC,EDDY STEVEN LEE,A61N1/37288
US-2022211919-A1,Durable antimicrobial layer for implantable medical devices,"An implantable medical device includes a polymer substrate and at least one nanofiber. The polymer substrate includes a surface portion extending into the polymer substrate from a surface of the substrate. The at least one nanofiber includes a first portion and a second portion. The first portion is interpenetrated with the surface portion of the substrate, and mechanically fixed to the substrate. The second portion projects from the surface of the substrate.",20220707,CARDIAC PACEMAKERS INC,WULFMAN DAVID R,A61L31/046
US-2018207427-A1,Leadless device with overmolded components,An electronics module for use in an Implantable Medical Device (IMD) may include a plurality of electrical components connected to form a circuit that includes a terminal and a potting material that supports the plurality of electrical components. The plurality of electrical components and the potting material together form a circuit sub-module in which the terminal is accessible from outside of the circuit sub-module. A metallic layer that conforms to an outer surface of the circuit sub-module is provided thereon such that the terminal is accessible from outside of the metallic layer.,20180726,CARDIAC PACEMAKERS INC,WEBB ERIN KRISTEN,A61N1/375
US-2019117973-A1,Electric field cancer therapy devices with feedback mechanisms and  diagnostics,"Embodiments herein relate to medical device systems including electric field shaping elements for use in treating cancerous tumors within a bodily tissue. In an embodiment, a method for treating a cancerous tumor is provided. The method can include implanting one or more electrodes within a patient and measuring the impedance of tissue within the patient along a vector passing through or near a cancerous tumor. The method can also include administering an electric field to the cancerous tumor of the patient based on the measured impedance. Other embodiments are also included herein.",20190425,CARDIAC PACEMAKERS INC,SCHMIDT BRIAN L,A61B5/14546
US-2024261581-A1,Implantable medical device with motion damping layer,Implantable medical devices are constructed with a dampening layer to limit motion of components inside a housing of the implantable medical devices. The dampening layer may have features to provide thermal isolation for certain components. The dampening layer may have features to allow mechanical vibration of selected components. The dampening layer may have features to ensure an air space exists to enable a residual gas analysis test.,20240808,CARDIAC PACEMAKERS INC,VEDOY ARILD,A61N1/37512
US-11730513-B2,Subcutaneous implant integrated instrument with pocket creator,"Aspects of the present disclosure are directed toward apparatuses, methods, and systems comprising an introducer for facilitating subcutaneous implantation of a medical device. The introducer includes a housing, a tunneler extending from the housing, an inserter configured to move along a pathway to pass the medical device through the housing, a compartment configured to releasably hold and contain the medical device prior to the inserter moving the medical device, and a snap-feature integrally formed by the housing.",20230822,CARDIAC PACEMAKERS INC,DUBEAU SERGE,A61B17/3468
US-2024226584-A1,Header index locking bore assembly,"An implantable medical device can include a housing including electronic devices within the housing, and a header attached to the housing. The header can have an index locking assembly including one or more connector bores arranged within the header, each of the one or more connector bores including a proximal end and a distal end. The index locking assembly can also include one or more connector pins configured to be inserted into and interference fit within the one or more connector bores. The proximal end of the one or more connector bores and a portion of the one or more connector pins can include a tapered portion configured to prevent rotation of the one or more connector pins when inserted into the one or more connector bores.",20240711,CARDIAC PACEMAKERS INC,ENGLISH JAMES MICHAEL,A61N1/3956
US-10869749-B2,Reinforced graft prosthesis,"A medical device, such as a prosthesis, and method of forming the same are disclosed. The medical device includes a cover material and a reinforcement element, and may include a stent frame structure. The reinforcement element includes a plurality of bends disposed about a pattern axis. The pattern axis is arranged helically along the cover material.",20201222,COOK MEDICAL TECHNOLOGIES LLC,SPINDLER RALF,A61F2210/0076
US-11035481-B2,Bi-directional valve device for selective control of fluid flow through multiple converging paths,"Hand-operated suction and irrigation medical devices are provided. An example medical device comprises a housing having a proximal end and a distal end. The housing defines first and second inlet paths and an outlet path. A first tubular member is partially disposed within the first inlet path and a second tubular member is partially disposed within the second inlet path. Each of the first and second tubular members extends from the proximal end of the housing. A third tubular member is partially disposed within the outlet path and extends from the distal end of the housing. A control member is slidably disposed on the housing and is movable between a first, proximal position and a second, distal position. A passageway provides fluid communication between the first inlet path and an opening to an environment external to the housing such that covering the opening provides control over the flow of fluid through the first inlet path and the first tubular member.",20210615,COOK MEDICAL TECHNOLOGIES LLC,SCHAEFFER DARIN,A61M1/774
US-2022088353-A1,MRI Compatible Interventional Wireguide,"The disclosure relates to medical devices and methods of assembling medical devices, such as MRI-compatible interventional wireguides. An example of a wireguide includes a series of individual segments, a plurality of connectors, and a plurality of spacers. Each segment in the series of individual segments has a first end and a second end. Each connector of the plurality of connectors joins adjacent segments in the series of individual segments to one another such that a first end of a first segment and a second end of a second segment in the series of individual segments are attached to a connector of the plurality of connectors. A spacer of the plurality of spacers is disposed between each pair of adjacent segments in the series of individual segments. Each of the segments in the series of individual segments is electrically insulated from an adjacent segment in the series of individual segments.",20220324,COOK MEDICAL TECHNOLOGIES LLC,PAUL JR RAM H,A61M25/09
US-2020323632-A1,Stent structures for use with valve replacements,"The present embodiments provide a medical device for implantation in a patient comprising a stent and a valve. The stent comprises a proximal region comprising a cylindrical shape having a first outer diameter in an expanded state, and a distal region comprising a cylindrical shape having a second outer diameter in the expanded state. The second outer diameter is greater than the first outer diameter. A proximal region of the valve is at least partially positioned within the proximal region of the stent, and the distal region of the valve is at least partially positioned within one of tapered and distal regions of the stent. When implanted, the proximal region of the stent and the proximal region of the valve are aligned with a native valve, and the distal region of the valve is distally spaced-apart from the native valve.",20201015,COOK MEDICAL TECHNOLOGIES LLC,CHUTER TIMOTHY A,A61F2/2418
US-2024341573-A1,Endoscope rotation mechanism,"Disclosed herein is an endoscope system and a handle for a medical device that allows for rotation of the device when a locking member is disengaged by an operator, but does not allow for rotation when the locking member is engaged. Such a handle allows for an operator to maintain the position of an endoscope even when the operator removes his or her hand from the controls of the scope.",20241017,COOK MEDICAL TECHNOLOGIES LLC,SIGMON JOHN,A61B1/00147
US-2020030123-A1,Spring barb for medical device,"Disclosed herein is an anchor for use with a medical device. The anchor includes a coil, a barb, and a turn connecting the coil to the barb. The anchor may be made of a shape memory material. The coil may have a first handedness, and the turn may have a second handedness opposite the first handedness. The anchor may be attached to the medical device by a friction fit, in some cases without being attached by welding, soldering, adhesive, or crimping.",20200130,COOK MEDICAL TECHNOLOGIES LLC,BRADWAY RYAN,A61B2017/00579
US-2023317267-A1,"Medical service support device, medical service support method, and program","The medical service support device includes a processor and a memory connected to or built into the processor. The processor is configured to acquire a washing wait time from when a medical device procedure service using a medical accessory device that is attachably and detachably connected to a medical management device is ended to when washing of the medical accessory device by a washer is started, for each default unit capable of classifying the washing wait time, and output medical service support information in which the washing wait time and the default unit are associated with each other.",20231005,FUJIFILM CORP,OHASHI YOSUKE,G16H40/40
US-11583257-B2,Ultrasound diagnostic apparatus and operation method of ultrasound diagnostic apparatus,"In an ultrasound diagnostic apparatus and an operation method of the ultrasound diagnostic apparatus of the invention, a control circuit performs polarization processing on a plurality of ultrasound transducers in a non-diagnosis period, during which transmission of ultrasound waves and reception of reflected waves for performing ultrasound diagnosis are not performed, in a case where the cumulative driving time of the plurality of ultrasound transducers for performing the ultrasound diagnosis becomes equal to or longer than a specified time. A transmission circuit generates a first transmission signal having a driving voltage for performing ultrasound diagnosis using a pulse generation circuit in the case of performing the ultrasound diagnosis, and generates a second transmission signal having a polarization voltage for performing polarization processing using the same pulse generation circuit as in the case of generating the first transmission signal in the case of performing the polarization processing.",20230221,FUJIFILM CORP,YAMAMOTO KATSUYA,A61B8/463
US-2021298565-A1,"Flexible tube for endoscope, endoscopic medical device, and methods for producing the same","Provided are a flexible tube for an endoscope, the flexible tube having a flexible tube base made of metal, a resin cover layer that covers an outer periphery of the flexible tube base, and a primer layer that includes at least one compound represented by general formula (1) or (2) and that is disposed between the flexible tube base and the resin cover layer, in which the resin cover layer includes at least one selected from the group consisting of polyamides, polyesters, polyurethanes, and polyolefins on a side of the resin cover layer in contact with the primer layer, an endoscopic medical device including the flexible tube for an endoscope; a method for producing the flexible tube for an endoscope; and a method for producing the endoscopic medical device.R1m-M-(OR2)n-m  General formula (1):O-[M-(OR2)n-1]2  General formula (2):M represents, for example, Al, Ti, or Zr.R1 and R2 each represent a hydrogen atom or a specific group.m is an integer of 0 to 3, n is a valence of M, and n&gt;m is satisfied.",20210930,FUJIFILM CORP,NAKAI YOSHIHIRO,B05D7/52
US-2024395409-A1,"Information processing system, information processing method, and information processing program","An information processing system including: a first information processing apparatus including at least one first processor; and a second information processing apparatus including at least one second processor, wherein: the first processor is configured to perform training of a learning model that receives biological information and outputs diagnosis information by using a combination of biological information including at least a medical image and diagnosis information related to the biological information, and the second processor is configured to: acquire the learning model that is trained from the first information processing apparatus; and generate new diagnosis information related to new biological information that is different from the biological information used for training of the learning model that is trained by inputting the new biological information to the learning model that is trained.",20241128,FUJIFILM CORP,MATSUMASA HIRONORI,G16H50/70
US-11540702-B2,"Flexible tube for endoscope, endoscopic medical device, resin composition for covering flexible tube substrate for endoscope, and set of resin compositions for covering flexible tube substrate for endoscope","Provided is a flexible tube, for an endoscope, having a flexible tube substrate, for an endoscope, that is flexible and tubular and a resin layer covering the flexible tube substrate for an endoscope. The resin layer includes one or more layers, the layers including a layer A including a polyester elastomer (a) as a resin component, a hindered amine compound (b), and a particular compound (c). Also provided are an endoscopic medical device including the flexible tube for an endoscope and a resin composition and a set of resin compositions that are suitable for forming the resin layer of the flexible tube for an endoscope.",20230103,FUJIFILM CORP,FURUKAWA KAZUSHI,A61B1/0011
US-2022292679-A1,Systems and methods of processing magnetic resonance images using phase-sensitive structural similarity index measure,"A computer-implemented method of processing complex magnetic resonance (MR) images is provided. The method includes receiving a pair of corrupted complex data and pristine complex images. The method also includes training a neural network model using the pair by inputting the corrupted complex data to the neural network model, setting the pristine complex images as target outputs, and processing the corrupted complex data using the neural network model to derive output complex images of the corrupted complex data. Training a neural network model also includes comparing the output complex images with the target outputs by computing a phase-sensitive structural similarity index measure (PS-SSIM) between each of the output complex images and its corresponding target complex image, wherein the PS-SSIM is real-valued and varies with phases of the output complex image and phases of the target complex image, and adjusting the neural network model based on the comparison.",20220915,GE PREC HEALTHCARE LLC,AHN SANGTAE,G06N3/08
US-2024410966-A1,Systems and methods of artifact reduction in magnetic resonance images,"A computer-implemented method of reducing artifacts in multi-channel magnetic resonance (MR) images is provided. The method includes receiving a plurality of sets of MR images acquired by a radio-frequency (RF) coil assembly having a plurality of channels. Each set of MR images includes a plurality of slices of MR images acquired by one of the plurality of channels. The method also includes estimating a plurality of sets of artifacts in the plurality of sets of MR images by inputting the plurality of sets of MR images into a neural network model. Each set of artifacts corresponds to the one of the plurality of channels. The method further includes reducing artifacts in the plurality of sets of MR images based on estimated artifacts, deriving MR images of reduced artifacts by combining the MR images of reduced artifacts, and outputting the MR images of reduced artifacts.",20241212,GE PREC HEALTHCARE LLC,WANG XINZENG,A61B5/055
US-2024090869-A1,Patient-specific neuromodulation alignment structures,"The present discussion relates to structures and devices to facilitate application of an ultrasound therapy beam to a target anatomic region in a replicable manner. In certain aspects, adjustable positioning structures are described that allow a general probe positioning structure to be configured for a specific patient in a manner that allows the device to be used repeatedly to target the anatomic region, even when in non-clinical settings. In other aspects, a probe positioning structure is fabricated that is specific to a respective patient anatomy, such that use of the probe positioning structure provides repeatable targeting of the target anatomic region, even when in non-clinical settings.",20240321,GE PREC HEALTHCARE LLC,SHOUDY DAVID ANDREW,A61B8/4411
US-2024304330-A1,System and method for training artificial intelligence models using sub-group training datasets of a majortiy class of samples,"Various systems and methods are provided for training and using a diagnostic model including artificial intelligence (AI) models. The diagnostic model including the AI models may be trained by receiving training data including a majority class of samples corresponding to medical data of patients that do not have the medical condition and a minority class of samples corresponding to medical data of patients that do have the medical condition, determining sub-groups of the majority class of samples based on features of the majority class of samples, generating sub-group training datasets that each include respective samples of the sub-groups of the majority class of samples and samples of the minority class of samples, and training the AI models of the diagnostic model using the sub-group training datasets. The diagnostic model including the AI models may be used to determine whether a patient has a medical condition.",20240912,GE PREC HEALTHCARE LLC,RAVISHANKAR HARIHARAN,A61B6/5217
US-2022092768-A1,Generating enhanced x-ray images,"Techniques are provided for generating enhanced image representations from original X-ray images using deep learning techniques. In one embodiment, a system is provided that includes a memory storing computer executable components and a processor that executes the computer executable components stored in the memory. The computer executable components can include a reception component, an analysis component, and an artificial intelligence component. The analysis component analyzes the original X-ray image using an AI-based model with respect to a set of features of interest. The AI component generates a plurality of enhanced image representations. Each enhanced image representation highlights a subset of the features of interest and suppresses remaining features of interest in the set that are external to the subset.",20220324,GE PREC HEALTHCARE LLC,MELAPUDI VIKRAM,G06T12/00
US-2021290061-A1,Enhanced ecg workflows,"A method and system for obtaining and analyzing ECG waveforms from a patient is disclosed. Initially, a recommendation for obtaining an ECG waveform from a patient is issued, typically from a cardiologist. An ECG recording device is used to obtain ECG data from the patient. The recording device generates patient identification information, time and date information and an initial analysis that are included in a log delivered along with the ECG data to an analysis server. The analysis server generates a recommended action for the patient, which is delivered to the recording device while the patient is still present at the recording device. The recording device can then carry out the recommended action and provide the results for analysis by the cardiologist. The analysis server can utilize artificial intelligence/machine learning to generate the recommended action for the patient without having to involve the cardiologist, thereby reducing the number of visits for the treatment of the patient.",20210923,GE PREC HEALTHCARE LLC,T SATYANARAYANA,A61B5/364
EP-3906857-A1,Systèmes et procédés pour une plateforme d&#39;entraînement de dispositif médical mobile,"Methods and systems are provided for controlling movement of a mobile medical device drive platform. In one example, a mobile platform includes a chassis configured to house one or more medical devices, an omnidirectional wheel system including an omnidirectional wheel coupled to the chassis, a battery housed in the chassis, the battery configured to supply power to drive the omnidirectional wheel system and/or supply power to operate the one or more medical devices, and a battery charging system housed in the chassis, where the battery charging system is configured to facilitate wired and/or wireless charging of the battery.",20211110,GE PREC HEALTHCARE LLC,KUMAR G S SAMPATH,A61B50/13
US-2022273260-A1,Ultrasound imaging system and method for low-resolution background volume acquisition,"An ultrasound imaging system and method includes acquiring low-resolution volume data with an ultrasound probe during the process of acquiring high-resolution slice data of a plane with the ultrasound probe. The ultrasound imaging system and method includes displaying an ultrasound image on a display device based on the high-resolution slice data, generating a low-resolution volume based on the low-resolution volume data, and implementing, with a processor, a neural network to calculate guidance information based on the low-resolution volume. The ultrasound imaging system and method includes automatically performing an action with the processor based on the guidance information.",20220901,GE PREC HEALTHCARE LLC,DÉNARIÉ BASTIEN EMMANUEL,A61B8/5215
US-11690582-B2,Systems and methods for a mobile medical device drive platform,"Methods and systems are provided for controlling movement of a mobile medical device drive platform. In one example, a mobile platform includes a chassis configured to house one or more medical devices, an omnidirectional wheel system including an omnidirectional wheel coupled to the chassis, a battery housed in the chassis, the battery configured to supply power to drive the omnidirectional wheel system and/or supply power to operate the one or more medical devices, and a battery charging system housed in the chassis, where the battery charging system is configured to facilitate wired and/or wireless charging of the battery.",20230704,GE PREC HEALTHCARE LLC,KUMAR G S SAMPATH,B60B2900/531
US-2024144442-A1,Generation of image denoising training data via photon-count splitting,"Systems/techniques that facilitate generation of image denoising training data via photon-count splitting are provided. In various embodiments, a system can access a set of sinograms generated by a photon-counting computed tomography scanner. In various aspects, the system can split the set of sinograms into a first reduced-photon-count set of sinograms and a second reduced-photon-count set of sinograms. In various instances, the system can convert, via image reconstruction, the first reduced-photon-count set of sinograms into at least one training input image and the second reduced-photon-count set of sinograms into at least one training output image. In various cases, the system can train a deep learning neural network based on the at least one training input image and the at least one training output image.",20240502,GE PREC HEALTHCARE LLC,WANG SEN,G06T12/10
US-2020337591-A1,System and method for correcting for patient motion during mr scanning,"K-space data obtained from a magnetic resonance imaging scan where motion was detected is split into two parts in accordance with the timing of the motion to produce first and second sets of k-space data corresponding to different poses. Sub-images are reconstructed from the k first and second sets of k-space data, which are used as inputs to a deep neural network which transforms them into a motion-corrected image.",20201029,GEN ELECTRIC,ROTMAN MICHAEL,G01R33/56509
US-2018000383-A1,Method and system for tracking a person in a medical room,"A method for tracking the position of a person in an environment, such as a medical room, relative to a medical device is presented. The method comprises identifying the position of a medical device in the environment, providing a mobile device in the vicinity of a person in the environment, the mobile device configured to follow movement of the person in the environment, and identifying the position of the mobile device in the environment by using at least one stationary device. Further, the method comprises using a processor to process data relating to the position of the mobile device in the environment to obtain an expected position of the person in the environment, data relating to the position of the medical device in the environment, and data relating the expected position of the person in the environment to obtain an expected relative position of the person with respect to the medical device.",20180104,GEN ELECTRIC,HEITZ RENAUD,A61B6/10
US-10949951-B2,Patient-specific deep learning image denoising methods and systems,"Systems and methods for improved image denoising using a deep learning network model are disclosed. An example system includes an input data processor to process a first patient image of a first patient to add a first noise to the first patient image to form a noisy image input. The example system includes an image data denoiser to process the noisy image input using a first deep learning network to identify the first noise. The image data denoiser is to train the first deep learning network using the noisy image input. When the first deep learning network is trained to identify the first noise, the image data denoiser is to deploy the first deep learning network as a second deep learning network model to be applied to a second patient image of the first patient to identify a second noise in the second patient image.",20210316,GEN ELECTRIC,TANG JIE,G06N3/045
US-2021369241-A1,Imaging system and method with live examination completeness monitor,"An ultrasound imaging system and method accesses an imaging protocol for an ultrasound imaging session. The imaging protocol includes designated views that are to be obtained to complete the imaging protocol. Image data is acquired with an ultrasound imaging system, and artificial intelligence is used to identify a portion of the image data corresponding to at least one of the designated views of the imaging protocol. The identified portion of the image data corresponding to the designated view(s) of imaging protocol is automatically saved, and a graphical progress-of-completeness indicator of the imaging protocol is displayed that indicates that one or more of: the designated views of the imaging protocol that have been acquired and/or that one or more additional designated views of the imaging protocol have yet to be acquired.",20211202,GEN ELECTRIC,AASE SVEIN ARNE,A61B8/0883
US-2020015031-A1,Location based method of operating a medical device,"A patient monitoring system that operates mobile medical devices based upon a known location of the mobile medical device within a facility. Each of the mobile medical devices communicates with a central control unit to obtain information and communicate information received from the patient. Each communication event between the mobile medical device and the central control unit can be used to identify the location of the mobile medical device within the facility. The known physical location of the mobile medical device can be correlated to one of a plurality of departments within the care facility. Once the location is correlated to the department within the care facility, the operation of the mobile medical device can be adjusted by selecting an operating mode and user interface based on the department. The automated adjustment of the operating mode and user interface improves the function of the medical device without requiring user input.",20200109,GEN ELECTRIC,MANDWAL RAJEEV,A61B5/1113
US-11712208-B2,Systems and methods to deliver point of care alerts for radiological findings,"Apparatus, systems, and methods to deliver point of care alerts for radiological findings are disclosed. An example imaging apparatus includes an image data store, an image quality checker, and a training learning network. The example image data store is to store image data acquired using the imaging apparatus. The example image quality checker is to evaluate image data from the image data store in comparison to an image quality measure. The example trained learning network is to process the image data to identify a clinical finding in the image data, the identification of a clinical finding to trigger a notification at the imaging apparatus to notify a healthcare practitioner regarding the clinical finding and prompt a responsive action with respect to a patient associated with the image data.",20230801,GEN ELECTRIC,NYE KATELYN ROSE,A61B5/704
US-2022211529-A1,Constraining mechanisms for selective deployment and associated methods,"Various aspects of the present disclosure are directed toward medical device deployment apparatuses, systems, and methods. The apparatuses, systems, and methods may include at least one constraining fiber configured to form a warp knit surrounding a medical device with a first series of loops forming the warp knit with at least one of the first series of loops including a first portion forming a knot and a second portion arranged in addition to the knot.",20220707,GORE & ASS,SKELTON TYSON J,D10B2509/06
US-2019151121-A1,Devices and methods for approximating the cross-sectional profile of vasculature having branches,"This disclosure is related to devices and related methods for isolating a treatment region in a human body from fluid pressure. In various embodiments, an implantable device for isolating a treatment region in a human body from fluid pressure comprises a first elongated segment, and a second elongated segment, and one or more branch segments in fluid communication with one of the first elongated segment and the second elongated segment. The elongated segments have a combined cross section that is substantially conformable to an intraluminal cross section of a body lumen into which they are implanted. A method of installing an implantable medical device into the body of a patient comprises deploying a first elongated segment, deploying a second elongated segment, and deploying one or more branch segments in a target region of a vasculature.",20190523,GORE & ASS,ROBISON AARON,A61F2/89
US-2024024642-A1,Removable covers for drug eluting medical devices,"The present disclosure includes an expandable medical device and outer sheath combination. The outer sheath is capable of being split to form multiple sheath sections that may be peeled back to expose a portion or all of the expandable medical device. The medical device, as well as the outer sheath, may include one or more therapeutic agents for delivery to a treatment area within a patient.",20240125,GORE & ASS,CULLY EDWARD H,A61M25/10184
US-10893964-B2,Inflatable balloon and cover,"The present disclosure describes implantable medical devices comprising covers, such as a balloon cover. Such devices can comprise a first layer of a porous polymeric material, such as ePTFE, surrounded by layers of a porous polymeric material having an imbibed elastomer, such as polyurethane. The cover can be used to assist in deployment of an expandable implant, such as a stent-graft, within the body of the patient.",20210119,GORE & ASS,KANJICKAL DEENU G,B29C66/5221
US-2024374377-A1,Anchors for implantable medical devices,"Various aspects of the present disclosure are directed toward apparatuses, systems, and methods that include an anchoring implantable medical device configured to anchor an implantable medical device.",20241114,GORE & ASS,GILL KEVIN A,A61M2210/125
US-2022151599-A1,Sealing device and delivery system,"A medical device for sealing a defect in a body includes a wire frame that includes a plurality of wires that form a first occluding member and a second occluding member. In some embodiments, a sealing member is in contact with the wire frame. In some embodiments, the sealing member is configured to define one or more openings in the sealing member.",20220519,GORE & ASS,BROWN TYLER J,A61B2017/00592
CA-3105224-A1,Implantable medical device deployment system,"Embodiments of a deployment system and an implantable medical device are disclosed. The deployment system includes: a catheter having a first end and a second end; a tip coupled to the first end of the catheter; one or more constraining lines arranged through one or more eyelets of the implantable medical device and configured to collapse portions of the implantable medical device toward the catheter; and one or more release lines configured to engage the one or more constraining lines. The one or more release lines may be further configured to, for example, maintain contact between the implantable medical device and the one or more constraining lines during deployment, the one or more release lines being partially nested in the tip.",20200123,GORE & ASS,COLE DANIEL S,A61F2220/0083
US-12053381-B2,Implantable medical device deployment system,"Various aspects of the present disclosure are directed toward apparatuses, systems ( 200 ), and methods for deploying a medical device ( 202 ). In certain instances, the medical device ( 202 ) may be a shunt device. In addition, the apparatuses, systems ( 200 ), and methods may include one or more constraining lines ( 212 ) arranged through a portion of the implantable medical device ( 202 ) and one or more release lines ( 216 ) configured to engage the one or more constraining lines ( 212 ).",20240806,GORE & ASS,COLE DANIEL S,A61F2220/0083
US-11896811-B2,Implantable ventricular assist devices and methods,"Various aspects of the present disclosure are directed toward implantable medical devices, systems, and methods for cardiac assistance.",20240213,GORE & ASS,BRYSON SCOTT M,A61M60/894
US-11510679-B2,Multiple inflation endovascular medical device,"A medical device may include a catheter, an expandable member, a cover, and an actuator. The catheter may include a longitudinal axis, proximal and distal ends, and a cover lumen extending from the proximal to the distal end. The expandable member may include proximal and distal ends and may be disposed on a distal section of the catheter. The cover may include a first region that may be disposed along the expandable member, and a second region that may extend along a length of the catheter beyond the proximal end of the expandable member towards the proximal end of the catheter. A first end of the cover may invert into the cover lumen. The actuator may be coupled to the first end of the cover and configured to move the first end of the cover towards the proximal end of the catheter along the longitudinal axis of the catheter.",20221129,GORE & ASS,BROYLES MICHAEL,A61M25/104
US-2023172508-A1,Cognitive notifications choreographer,"The present invention may include a computer receives one or more communications and data from a sensor. The computer determines an activity of a user based on the received data, wherein the activity is determined by a trained neural network. The computer calculates a stress coefficient based on the activity and the data. The computer generates a cognitive notifications choreographer model from the stress coefficient and one or more communications and causes a communication software to reply to the one or more communications based on the cognitive notifications choreographer model determining the stress coefficient above a threshold value.",20230608,IBM,CUNICO HERNAN A,G10L25/66
US-2021401593-A1,Liquid cooling for medical devices,"Embodiments include a cooling device for a medical device. The cooling device including a controller configured to receive data from one or more temperature sensors and a pump, configured to be operated by the controller, to circulate a cooling fluid through a cooling system and through fluid channels in the medical device. The cooling device is configured to be worn by a user and to be selectively coupled to the medical device by the user.",20211230,IBM,NOTOHARDJONO BUDY,A45F3/166
US-2022058529-A1,Detecting Human Input Activity in a Cognitive Environment Using Wearable Inertia and Audio Sensors,A mechanism is provided in a data processing system comprising a processor and a memory. The memory comprises instructions which are executed by the processor to cause the processor to be specifically configured to implement a recognizer module for detecting user input in a cognitive environment. The recognizer module receives sensor signals from at least one wearable device being worn by a user. The recognizer module analyzes the sensor signals using a machine learning model to determine at least one user input indicator describing user input activity of the user. The recognizer module communicates the at least one user input indicator to a cognitive system executing within the cognitive environment. The cognitive system performs at least one cognitive action based on the at least one user input indicator.,20220224,IBM,DIBIA VICTOR C,A61B5/1118
US-11301991-B2,Methods and systems for performing image analytics using graphical reporting associated with clinical images,Methods and systems for performing image analytics using graphical reporting associated with clinical images. One system includes at least one data source and a server. The server includes an electronic processor and an interface for communicating with the data source. The electronic processor is configured to receive training information from the at least one data source over the interface. The training information includes a plurality of images and graphical reporting associated with each of the plurality of images. Each graphical reporting includes a graphical marker designating a portion of one of the plurality of images and diagnostic information associated with the portion of the one of the plurality of images. The electronic processor is also configured to perform machine learning to develop a model using the training information. The model is used to automatically analyze an image.,20220412,IBM,REICHER MURRAY A,G06T12/30
US-2021128053-A1,Epileptic seizure detection with eeg preprocessing,Methods and systems for detecting seizures include generating two-dimensional frames that each include a first set of elements that store measurements from sensors and a second set of elements that store values calculated from said measurements. The two-dimensional frames are classified using a machine learning model. It is determined that a subject experienced a seizure during a measurement interval based on an output of the machine learning model. A corrective action is performed responsive to the determination that the subject experienced a seizure.,20210506,IBM,YANAGISAWA HIROKI,A61B5/372
US-11302044-B2,Method of determining contrast phase of a computerized tomography image,"A computer-implemented method for classifying and presenting a contrast phase (CP) of a contrast enhanced computerized tomography (CECT) scan is provided. The method includes training an artificial intelligence (AI) algorithm utilizing a set of CPs labeled CECT data to associate a set of characteristics of the data with a probability associated with the CP. The method includes receiving a new set of unlabeled CECT data, and applying the AI algorithm to the new unlabeled CECT data to associate a first probability of a first CP and a second probability of a second CP. The method also includes providing a graphical representation including the first probability of the first CP and the second probability of the second CP.",20220412,IBM,SITEK ARKADIUSZ,A61B6/5217
US-2022031199-A1,Mobility analysis,"A method, a structure, and a computer system for assessing user mobility. The exemplary embodiments may include collecting mobility data corresponding to a user and extracting one or more low level features from the mobility data. The exemplary embodiments may further include extracting one or more clinical level features from the low level features and assessing one or more health conditions of the user based on applying one or more models to the one or more clinical level features.",20220203,IBM,HAO TIAN,G16H50/30
US-2019311803-A1,Medical device system performance index,"A distributed network system and method includes a processing unit configured to manage safety data for a plurality of medical devices, a database software component in communication with the processing unit, and a monitoring software component in communication with the processing unit. The monitoring software component is configured to monitor a number of messages between a number of medical devices and the processing unit, to process performance parameters to generate an overall performance index, and to generate an output that is viewable by a user. The output includes relative contributions of each of the performance parameters to the overall performance index, where the overall performance index is generated using a weighting factor associated with each of the performance parameters. The performance parameters include the number of messages waiting to be processed, which has the largest weighting factor, and a disk queue length, which has the smallest weighting factor.",20191010,ICU MEDICAL INC,KOHLBRECHER CHRISTOPHER EGAN,G16H40/40
US-12046361-B2,Tagging pump messages with identifiers that facilitate restructuring,"Various techniques for facilitating communication with and across a clinical environment and a cloud environment are described. For example, a method for tagging messages with facility identifiers in a manner that does not require changing the identifiers when logically re-arranging the facilities. A connectivity adapter in the clinical environment can receive a message from an infusion pump and tag the message with only permanent IDs such that when the facility in which the connectivity resides is categorized under a different system or region, the identifiers in the message need not be updated.",20240723,ICU MEDICAL INC,XAVIER BEN,H04L43/16
US-12142370-B2,Passing authentication token to authorize access to rest calls via web sockets,"Various techniques for facilitating communication with and across a clinical environment and a cloud environment are described. For example, a method for authenticating a network device residing in the clinical environment using a token is described. An authentication proxy in the cloud environment can receive a request from a connectivity adapter in the clinical environment and retrieve a security token from an authentication system in the cloud. The connectivity adapter can use the security token to send signed requests to the authentication system.",20241112,ICU MEDICAL INC,XAVIER BEN,H04L43/16
US-11599854-B2,Systems and methods for a graphical interface including a graphical representation of medical data,This disclosure describes systems and methods for a graphical interface including a graphical representation of medical data. The graphical interface platform may receive medical data and provide medical safety reporting capabilities including reporting of history data and real-time visual monitoring data. The graphical interface platform may be configured to identify potential problems and corrections to medical devices in operation while a reporting cycle is underway through visual representation of performance metrics.,20230307,ICU MEDICAL INC,HUME JAMES A,G16H20/30
US-2024303601-A1,Systems and methods for a graphical interface including a graphical representation of medical data,This disclosure describes systems and methods for a graphical interface including a graphical representation of medical data. The graphical interface platform may receive medical data and provide medical safety reporting capabilities including reporting of history data and real-time visual monitoring data. The graphical interface platform may be configured to identify potential problems and corrections to medical devices in operation while a reporting cycle is underway through visual representation of performance metrics.,20240912,ICU MEDICAL INC,HUME JAMES A,G16H40/67
US-11883623-B2,Medical connector,"A soft grip medical connector comprises a housing with an upstream end, a downstream end and a lumen extending through a central portion thereof. A flexible member comprises a valve portion integrally formed with a sleeve portion. The valve portion is positioned within a section of the housing and is configured to control a flow of fluid through the housing lumen. The sleeve is inverted to envelope at least a portion of the outer surface of the housing. In some embodiments the gripping portion is integrally formed with the valve portion. In some embodiments, the connector is also generally configured to create a positive pressure in a catheter lumen upon removal of a syringe or other medical device from the upstream end of the connector. Methods of making a medical fluid connector generally comprise forming a valve member with a sleeve extending there from, and assembling the valve, sleeve and housing.",20240130,ICU MEDICAL INC,FANGROW THOMAS F,A61M39/10
US-2022401125-A1,Single port instrument access device,"Disclosed are medical devices for surgical procedures, especially procedures that involve the manipulation of surgical instrument end effectors close to the skin surface at an incision site. In accordance with some embodiments, an instrument access device is configured to couple to a wound retractor at a distal end of the device and to receive a multiple instrument entry guide in a port at the proximal end of the instrument access device, with an envelope between the distal and proximal ends defining a sealed cavity for maintaining insufflation pressure. Various embodiments provide means for rotating an assistant port in the envelope about a port that receives the instrument entry guide without twisting the envelope. Also disclosed are various envelope shapes. Also disclosed is an instrument entry guide that aligns surgical instrument shafts.",20221222,INTUITIVE SURGICAL OPERATIONS,LITKE RONALD G,A61B34/35
US-2024273900-A1,Protection of personally identifiable content in a video stream generated by an imaging device during a medical procedure,"An illustrative image processing system is configured to apply a video stream to a machine learning model, the video stream generated by an imaging device during a medical procedure performed with respect to a patient; classify, based on an output of the machine learning model, an image frame included in the video stream as an ex-body frame that depicts content external to a body of the patient: and apply, based on the classifying the image frame as the ex-body frame, a privacy enhancing operation to the image frame.",20240815,INTUITIVE SURGICAL OPERATIONS,QIN YIDAN,G06F21/6263
US-2021142475-A1,Systems and methods for segmentation of anatomical structures for image-guided surgery,A method for image segmentation comprises receiving volumetric image data for an anatomical region and generating a first volumetric patch from the volumetric image data. The method also comprises generating a second volumetric patch from the first volumetric patch by weighting a plurality of volumetric units in the first volumetric patch and receiving the second volumetric patch as an input to a convolutional neural network. The method also comprises conducting a down-sampling filter process and conducting an up-sampling filter process within the convolutional neural network.,20210513,INTUITIVE SURGICAL OPERATIONS,LI JUNNING,A61B90/37
US-10751135-B2,System and method for providing feedback during manual joint positioning,"A system and method of providing feedback during manual joint positioning includes a computer-assisted medical device. The computer-assisted medical device includes an articulated arm comprising a joint and a control unit coupled to the articulated arm. The control unit is configured to provide feedback during manual positioning of the joint by determining a target position for the joint, determining kinematics of the joint relative to the target position, and providing feedback based on the kinematics of the joint.",20200825,INTUITIVE SURGICAL OPERATIONS,GRIFFITHS PAUL G,B25J19/0004
WO-2019023390-A2,Medical device handle,"An example medical device configured for use with a teleoperated surgical system may include a control system, a movable manipulator arm, and a handle coupled to the manipulator arm, wherein in a first pose of the movable manipulator arm, the handle is oriented at a first convenient hold angle to a clinical user, wherein in a second pose of the movable manipulator arm different from the first pose, the handle is oriented at a second convenient hold angle to the clinical user, different from the first convenient hold angle, and wherein the control system includes programmed instructions to automatically move the handle from the first orientation to the second orientation as the movable manipulator arm moves from the first pose to the second pose.",20190131,INTUITIVE SURGICAL OPERATIONS,HULFORD TIMOTHY B,A61B2034/258
US-2021382157-A1,Method and system for adaptive beamforming of ultrasound signals,"The invention relates to a method for adaptive beamforming of ultrasound signals, the method comprising the steps of (a) Receiving time-aligned RF signals acquired by multiple ultrasound transducer elements in response to an ultrasound transmission; (b) Determining content-adaptive apodization weights for beamforming the time-aligned RF signals by applying a trained artificial neural network (16) to the time-aligned RF signals; and (c) Applying the content-adaptive apodization weights to the time-aligned RF signals to calculate a beamformed output signal. The invention also relates to a method for training an artificial neural network (16) useful in adaptive beamforming of ultrasound signals, and a related computer program and system.",20211209,KONINKLIJKE PHILIPS NV,LUIJTEN WOUTER MARINUS BENJAMIN,G06N3/045
US-11639422-B2,Skin-contact product having moisture and microclimate control,"Skin-contact products with a transpiration function such as medical devices or medicinal products, of which face masks, aspirators, ventilators, breast pumps or wound dressings are examples are described especially a skin-contact product with a transpiration function with an improved microclimate at a patient interface material-skin contact area. In an embodiment a material system is described that comprises a hydrophobic silicone base material and a hydrophilic silicone material that is combined with the hydrophobic base material.",20230502,KONINKLIJKE PHILIPS NV,WILLARD NICOLAAS PETRUS,A61M2205/0238
US-2023355208-A1,Medical device with forward and sideward ablation monitoring ultrasound transducers,The invention relates to ultrasound imaging method and apparatus suitable for minimally invasive ultrasound diagnostic devices in cardiac ablation monitoring and in tumor ablation monitoring. The present invention proposes an assembly of forward and side-facing transducers and a system of embedded forward and side-facing transducers in apertures on surfaces of the assembly. This provides control of the acoustic properties of the transducer and improved ablation monitoring when the assembly is incorporated in a medical device.  FIG.  10,20231109,KONINKLIJKE PHILIPS NV,DELADI SZABOLCS,A61B8/4483
US-2019240402-A1,System and method for predicting motor wear out in infusion systems,A rotary drive for a medical device (10) includes a rotary motor (14) including a rotor (26). A rotary motion encoder (34) is connected to the rotor. The rotary motion encoder is configured to generate a number of encoder steps measuring a rotational distance of the rotor. At least one electronic processor (18) is programmed to determine at least one of a slippage value of the rotary motor measured during motor operation and a coasting value of the rotary motor measured after stopping motor operation based on comparison of an actual count of encoder steps and an expected count of encoder steps.,20190808,KONINKLIJKE PHILIPS NV,CONSIGLIO RONALD PAUL,A61M5/1452
US-2022160432-A1,Persistent guide wire identification,"A system (IPS) for supporting image-based navigation, comprising: an input interface (IN) for reviving one or more input images acquired by an X-ray imager (IA) whilst two or more medical devices (GW 1,  GW 2 ) are present in a field of view (FoV) of the X-ray imaging apparatus. An image identifier (ID) identifies the two or more medical devices based on image information in the one or more images. A tagger (TGG) associates a respective, unique, tag with each of at least two of the two or more medical devices (GW 1,  GW 2 ) so identified. A graphics display generator (GDG) effects displaying on a display device (DD) the one or more input images in a video feed, with the tags included.",20220526,KONINKLIJKE PHILIPS NV,AUVRAY VINCENT MAURICE ANDRÉ,G16H40/63
US-2019167152-A1,Method and apparatus for the diagnosis of pneumonia using exhaled breath metabolomics,"A method and apparatus for the diagnosis of hospital-acquired pneumonia is described. The method uses the analysis of volatile organic compounds (VOCs) in exhaled breath that indicate pneumonia or the presence of pathogens in the respiratory tract in intubated and mechanically ventilated intensive care unit patients. The apparatus may be an electronic nose incorporated into a ventilation system, which outputs to a display the indication of pneumonia. One particular useful VOC is 1-propanol.",20190606,KONINKLIJKE PHILIPS NV,WEDA JOHANNES,G01N33/0047
US-11497563-B2,Synchronized tracking of multiple interventional medical devices,"A controller (240/340) for simultaneously tracking multiple interventional medical devices includes a memory (242/342) that stores instructions and a processor (241/341) that executes the instructions. When executed by the processor (241/341), the instructions cause the controller to execute a process that includes receiving timing information from a first signal emitted from an ultrasound probe (252/352) and reflective of timing when the ultrasound probe (252/352) transmits ultrasound beams to generate ultrasound imagery. The process executed by the controller also includes forwarding the timing information to be available for use by a first acquisition electronic component (232/332). The first acquisition electronic component (232/332) also receives sensor information from a first passive ultrasound sensor (S1) on a first interventional medical device (212/312). The timing information is used to synchronize the sensor information from the first passive ultrasound sensor (S1) on the first interventional medical device (212/312) with sensor information from a second passive ultrasound sensor (S2) on a second interventional medical device (216/316).",20221115,KONINKLIJKE PHILIPS NV,ERKAMP RAMON QUIDO,A61B2034/2063
US-2018035901-A1,Wearable device obtaining audio data for diagnosis,"Systems, devices, and methods for providing audio database for health systems that may utilize wearable devices that monitor wearable sensor readings for symptoms associated with a disease and that may prompt a user of the wearable device to place a microphone from the wearable device on a specific location on the user&#39;s body for recording an audio file that may be sent to a health professional for diagnosis of the disease.",20180208,KONINKLIJKE PHILIPS NV,CRONIN JOHN E,A61B5/0816
US-11925453-B2,Virtually-oriented electromagnetic tracking system for medical instrument navigation,"A medical device for the electromagnetic tracking of a medical instrument transported through the medical device. The medical device has a central axis and a channel that receives and transports a medical instrument through the medical device. The channel extends to a distal portion of the medical device and connects with an opening in the medical device that is not aligned with the central axis. The medical device includes a tracking component that is a plurality of coordinated electromagnetic sensors for generating a virtual axis of travel for the medical instrument, with the virtual axis passing through the opening of the device and being aligned with tool insertion axis.",20240312,KONINKLIJKE PHILIPS NV,MEHENDALE ADITYA,A61B5/062
US-2018078117-A1,Deflectable medical device,"A deflectable medical device ( 1 ) includes a shape memory alloy wire ( 15 ) integrated into a flexible elongated body ( 11 ). The shape memory alloy wire ( 15 ) is arranged to shorten upon receiving energy from an energy supply ( 2,4 ), thereby deflecting the medical device ( 1 ). A rod ( 18 ) positioned in a lumen ( 14 ) of the flexible elongated body ( 11 ) and compressed between a fixture ( 16 ) in the proximal end ( 12 ) of the elongated body ( 11 ) and the distal end ( 13 ) of the elongated body ( 11 ) is responsible for the shape memory alloy wire ( 15 ) recovering its initial length upon discontinuation of energy supply.",20180322,KONINKLIJKE PHILIPS NV,VONCKEN RUDOLF MARIA JOZEF,A61M25/0147
US-2020021996-A1,Access point with life-critical network aware ieee 802.11 channel selection,"A medical device comprises a medical imaging, diagnostic, or therapeutic component ( 10 ), and an access point ( 30 ) operating as a hub for a wireless local area network (WLAN) complying with a wireless communication protocol having a defined set of WLAN channels. The access point includes a radio ( 32 ), an electronic processor ( 34 ), and a non-transitory storage medium ( 36 ) storing a list of one or more critical medical WLANs ( 40 ) and instructions executable by the electronic processor. Scan instructions ( 42 ) operate the radio to measure traffic on the WLAN channels generated by critical medical WLANs listed on the list ( 40 ). Channel selection instructions ( 44 ) select a channel based on at least the measured traffic on the WLAN channels generated by critical medical WLANs on the list ( 40 ). WLAN operating instructions ( 46 ) operate the access point as a hub for a medical device WLAN carrying traffic on the selected WLAN channel.",20200116,KONINKLIJKE PHILIPS NV,HARROD JOHN PRICE,H04W16/10
US-2022265196-A1,Clinical contextual electrocardiogram monitoring,Various embodiments of the present disclosure encompass an ECG control network of ECG test controller (10) and ECG context controller (40). The ECG test controller (10) control a recording of an ECG test. The ECG context controller (40) control a synchronization of the recording of the ECG test by the ECG test controller (10) with a recording of a video clip illustrative of a clinical context of the ECG test and/or a recording of an audio clip informative of a clinical context of the ECG test. The ECG context controller (40) further control a simultaneous presentation of a display of the recording of the ECG test with of a playing of the video clip contextually interpretative of the ECG test and/or a playing of the audio clip contextually interpretative of the ECG test.,20220825,KONINKLIJKE PHILIPS NV,ZHOU SOPHIA HUAI,A61B5/318
US-11140957-B2,Protective cradle and modular pouches,"A modular medical device employs a defibrillator/monitor (20) and one or more pouch modules (60). The defibrillator/monitor (20) includes a defibrillator and/or an electrocardiogram (“ECG”) monitor (e.g., a defibrillator module and a ECG monitor module). Each pouch module (60) is permanently or detachably adjoined to the defibrillator/monitor (20) and is structurally configured to store one or more accessory items (40, 50) in support of an operation of the defibrillator/monitor (20) (e.g., ECG cable(s), electrode(s), transducer(s), pad(s), data storage device(s), paper, communication device(s), first aid product(s)/fluid(s) and medical supply(ies)/tool(s)). Alternatively, a cradle module (70) having a frame may be employed by the modular medical device to adjoin the pouch module(s) (60) to the defibrillator/monitor (20) and may partially, if not entirely, encircle the defibrillator/monitor (20). The pouch module(s) (60) and/or the cradle module (70) may include storage covers to secure the stored accessory item(s) (40, 50) within the pouch module(s) (60).",20211012,KONINKLIJKE PHILIPS NV,PARK JAE,A61B5/318
US-2024252828-A1,Method and apparatus for delivering bundle branch pacing,"A medical device processor is configured to receive at least one cardiac electrical signal that is sensed during bilateral bundle branch pacing delivered from a bipolar electrode pair comprising an anode positioned along a first bundle branch and a cathode positioned along a second bundle branch opposite the first bundle branch, determine at least one feature from the first cardiac electrical signal, determine that the at least one feature meets first bundle branch capture criteria; and determine anodal bundle branch capture in response to the first bundle branch capture criteria being met.",20240801,MEDTRONIC INC,ZHOU XIAOHONG,A61N1/3702
US-2021154477-A1,Implantable medical devices for multi-chamber pacing,"Systems, devices, and methods may be used to deliver and provide cardiac pacing therapy to a patient. Leads or leadlets carrying one or more left ventricular electrodes may be positioned in or near the interventricular septum to sense and pace left ventricular signals of the patient&#39;s heart. In one example, a leadlet including one or more left ventricular electrodes may extend in the coronary sinus from a leadless implantable medical device located in the right atrium.",20210527,MEDTRONIC INC,ASLESON ANDREA J,A61N1/3622
US-2023191142-A1,Implantable medical lead shield,"An example medical device system includes an implantable medical lead including a first defibrillation electrode and a second defibrillation electrode, the first and second defibrillation electrodes configured to deliver antitachyarrhythmia shocks, and a pace electrode disposed between the first defibrillation electrode and the second defibrillation electrode, the pace electrode configured to deliver a pacing pulse that generates an electric field proximate to the pace electrode. The medical device system includes a shield configured to be implanted in a patient separately from the implantable medical lead and disposed anterior at least one of the electrodes, wherein the shield is configured to impede an electric field of the electrical therapy in a direction from at least one of the first defibrillation electrode, the second defibrillation electrode, or the pace electrode away from a heart of the patient.",20230622,MEDTRONIC INC,FORMOSA ELIZABETH K,A61N1/39622
US-2019117985-A1,Multi-threshold sensing of cardiac electrical signals in an implantable medical device,An implantable medical device system is configured to sense cardiac events in response to a cardiac electrical signal crossing a cardiac event sensing threshold. A control circuit is configured to determine a drop time interval based on a heart rate and control a sensing circuit to hold the cardiac event sensing threshold at a threshold value during the drop time interval.,20190425,MEDTRONIC INC,CAO JIAN,A61N1/3987
US-2021121707-A1,Recharge algorithm for accurate heat control estimation in presence of ferrite and electronics,"A method for controlling charging a power source of an implantable medical device (IMD) in a patient including determining a power being delivered to a primary coil of an external charging device for recharging, determining an estimated power delivered to the IMD power source an estimated heat generated by the primary coil based on a resistance of the primary coil determined as function of at least one of a recharge frequency, a temperature of the primary coil, and a current supplied to the primary coil, calculating an estimated heat generated by the IMD by subtracting the estimated heat generated by the primary coil and the estimated power delivered stored by the rechargeable power source from the power being delivered to a primary coil; and controlling based on the heat generated by the IMD, the power being delivered by the primary coil of the external charging device.",20210429,MEDTRONIC INC,FRIED ANDREW,H02J50/10
US-2019167360-A1,Navigation guidance method for complex catheters,"A method and system for determining a target location for a medical device having complex geometry relative to an anatomical feature, and for navigating and positioning the medical device at the target location. The system may include a medical device including a treatment element having a centroid, one or more navigation electrodes, and a longitudinal axis and a navigation system in communication with the one or more navigation electrodes, the navigation system including a processing unit. The processing unit may be programmed to define a plane that approximates a surface of the anatomical feature, define a centroid of the anatomical feature, define a vector that is normal to the plane and extends away from the centroid of the anatomical feature, and determine a target location for the treatment element of the medical device based on the vector to assist the user in placing the device for treatment.",20190606,MEDTRONIC INC,HARELAND SCOTT A,A61B34/20
US-10874850-B2,Impedance-based verification for delivery of implantable medical devices,"A device for delivering an implantable medical device (IMD) includes an elongated member and a deployment bay configured to house the IMD, the deployment bay defining a distal opening for deploying the IMD out of the deployment bay. The device includes a first electrode located inside the deployment bay during intravascular navigation, a second electrode, and impedance detection circuitry configured to deliver an electrical signal to a path between the first electrode and the second electrode through at least one of a fluid or tissue of the patient. The device also includes processing circuitry configured to determine an impedance of the path based on the signal and control a user interface to indicate when an impedance of the path indicates that at least one of the IMD or the distal opening is in a fixation configuration relative to the target site of the patient.",20201229,MEDTRONIC INC,DRAKE RONALD A,A61N1/059
US-2021060348-A1,Cardiac resynchronization therapy mode switching using mechanical activity,"A method includes determining whether electrical activity is indicative of atrial fibrillation, determining whether mechanical activity is indicative of atrial fibrillation, and adjusting a pacing parameter or mode based on whether the electrical activity and the mechanical activity are indicative of atrial fibrillation. The electrical activity may be detected based on a far-field measurement. The method may be performed using a leadless implantable medical device.",20210304,MEDTRONIC INC,GHOSH SUBHAM,A61N1/36507
US-2023127724-A1,Implantable medical devices having modular lead bores,Implantable medical devices have modular lead bores that are constructed from individual lead bore modules. A given modular lead bore utilizes the number of individual lead bore modules necessary for the particular implantable medical device. Each lead bore module has a lead bore passageway and a feedthrough passageway. An electrical contact is present within the lead bore passageway of each lead bore module and the electrical contact is aligned to the lead bore passageway of a lead bore module. Hermetic feedthrough assemblies are also present within the lead bore passageway of each lead bore module. A feedthrough pin passes through a hermetic feedthrough assembly within a feedthrough passageway of each lead bore module. Each feedthrough pin is electrically coupled to a corresponding electrical contact and the medical device circuitry.,20230427,MEDTRONIC INC,JANZIG DARREN A,A61N1/3754
US-2021379387-A1,Extra-cardiovascular cardiac pacing system,"An extra-cardiovascular medical device is configured to select a capacitor configuration from a capacitor array and deliver a low voltage, pacing pulse by discharging the selected capacitor configuration across an extra-cardiovascular pacing electrode vector. In some examples, the medical device is configured to determine the capacitor configuration based on a measured impedance of the extra-cardiovascular pacing electrode vector.",20211209,MEDTRONIC INC,THOMPSON-NAUMAN AMY E,A61N1/3706
US-11475998-B2,Data preparation for artificial intelligence-based cardiac arrhythmia detection,"Techniques are disclosed for preparing data for use in artificial intelligence (AI)-based cardiac arrhythmia detection. In accordance with the techniques of this disclosure, a computing system may obtain a cardiac electrogram (EGM) strip that represents a waveform of a cardiac rhythm of a same patient. Additionally, the computing system may preprocess the cardiac EGM strip. The computing system may then apply a deep learning model to the preprocessed cardiac EGM strip to generate arrhythmia data indicating whether the cardiac EGM strip represents one or more occurrences of one or more cardiac arrhythmias.",20221018,MEDTRONIC INC,MUSGROVE DONALD R,G16H50/20
US-11607140-B2,Self-calibrating glucose monitor,A medical system including processing circuitry configured to receive a cardiac signal indicative of a cardiac characteristic of a patient from sensing circuitry and configured to receive a glucose signal indicative of a glucose level of the patient. The processing circuitry is configured to formulate a training data set including one or more training input vectors using the cardiac signal and one or more training output vectors using the glucose signal. The processing circuitry is configured to train a machine learning algorithm using the formulated training data set. The processing circuitry is configured to receive a current cardiac signal from the patient and determine a representative glucose level using the current cardiac signal and the trained machine learning algorithm.,20230321,MEDTRONIC INC,O'BRIEN RICHARD J,A61B2560/0223
US-11638828-B2,Demand driven capacitor charging for cardiac pacing,An implantable medical device system delivers a pacing pulse to a patient&#39;s heart and starts a first pacing interval corresponding to a pacing rate in response to the delivered pacing pulse. The system charges a holding capacitor to a pacing voltage amplitude during the first pacing interval. The system detects an increased intrinsic heart rate that is at least a threshold rate faster than the current pacing rate from a cardiac electrical signal received by a sensing circuit of the implantable medical device. The system starts a second pacing interval in response to an intrinsic cardiac event sensed from the cardiac electrical signal and withholds charging of the holding capacitor for at least a portion of the second pacing interval in response to detecting the increased intrinsic heart rate.,20230502,MEDTRONIC INC,SAWCHUK ROBERT T,A61N1/3621
US-2022266029-A1,Neurostimulation using time-interleaved cascade of bipolar electrode combinations,"An example method of delivering electrical stimulation includes obtaining, by an implantable medical device (IMD) connected to a lead carrying a plurality of electrodes, one or more stimulation parameters; and delivering, by the IMD and based on the one or more stimulation parameters, electrical stimulation therapy via the plurality of electrodes, wherein delivering the electrical stimulation therapy comprises scanning delivery of the electrical stimulation therapy through different pairs of electrodes of the plurality of electrodes.",20220825,MEDTRONIC INC,KRAMER JEFFERY M,A61N1/36067
US-11247061-B2,Cardiac device system,"In some examples, medical device systems that deliver anti-tachyarrhythmia shock(s) (e.g., defibrillation shock(s)) to a heart of a patient in coordination with the respiration of the patient. In one example, a medical device system including therapy generation circuitry configured to generate a defibrillation shock. The medical device system also includes processing circuitry configured to identify a time at which a respiratory volume of a lung of a patient is at approximately end tidal volume or less; and control the therapy generation circuitry to deliver the defibrillation shock to a heart of the patient at the time that the respiratory volume of the lung of a patient is at the approximately end tidal volume or less.",20220215,MEDTRONIC INC,THOMPSON-NAUMAN AMY E,A61N1/3925
WO-2024201167-A1,Medical device for detecting arrhythmia,"A medical device is configured to obtain a cardiac signal segment from a cardiac signal sensed by a sensing circuit of the medical device and perform a morphology analysis of the cardiac signal segment for classifying the cardiac signal segment as being one of ventricular tachyarrhythmia, non-ventricular tachyarrhythmia or asystole. The medical device may override a rejection rule for withholding a tachyarrhythmia detection by detecting ventricular tachyarrhythmia in response to a required number of tachyarrhythmia intervals being detected and the cardiac signal segment being classified as ventricular tachyarrhythmia based on the morphology analysis when the rejection rule is met.",20241003,MEDTRONIC INC,ARANDA HERNANDEZ ALFONSO,A61N1/3621
US-2019336752-A1,Fixation device for medical device retention,"In some examples, a fixation device includes a flexible band with a first base portion, a second base portion, and a connecting strap connecting the first base portion to the second base portion, the connecting strap configured to retain a medical device to an anatomical structure of a patient, wherein the flexible band is constructed of a first material. The fixation device may further include a plurality of inserts, each insert of the plurality of inserts defining an inner channel and constructed of a second material more rigid than the first material of the flexible band, wherein a first insert of the plurality of inserts is at least partially within the first base portion, and wherein a second insert of the plurality of inserts is at least partially within the second base portion.",20191107,MEDTRONIC INC,BAUER RYAN T,A61N1/3605
US-9861826-B2,Optimized flash memory device for miniaturized devices,"An implantable medical device have an associated memory device is disclosed. The implantable medical device utilizes techniques for optimizing one or more embedded operations of the memory device, such operations including programming, reading or erasing data. The techniques for optimizing the embedded operations include controlling the operations as a function of an energy source of the implantable medical device.",20180109,MEDTRONIC INC,GORDON CHARLES R,G06F9/44505
US-2023255654-A1,Tunneling and insertion tool for implantable medical device,"A tool includes a handle, a plunger actuator proximate the handle, a shaft extending from the handle, a plunger, an engagement mechanism. The shaft includes a proximal end and a distal end, and the shaft defines a channel extending along a length of the shaft. A first actuation of the plunger actuator causes the plunger to translate along the length of the shaft in a distal direction. A second actuation of the plunger actuator causes the plunger to translate along the length of the shaft in a proximal direction. The engagement mechanism is disposed on the distal end and is configured to engage an implantable medical device, and release the implantable medical device in response to the plunger exerting a contact force on the implantable medical device exceeding a reaction force of the engagement mechanism when the plunger translates along the length of the shaft in the distal direction.",20230817,MEDTRONIC INC,DRAKE RONALD A,A61N1/056
US-12076153-B2,Pace pulse detector for a medical device,"In situations in which an implantable medical device (e.g., a subcutaneous ICD) is co-implanted with a leadless pacing device (LPD), it may be important that the subcutaneous ICD knows when the LPD is delivering pacing, such as anti-tachycardia pacing (ATP). Techniques are described herein for detecting, with the ICD and based on the sensed electrical signal, pacing pulses and adjusting operation to account for the detected pulses, e.g., blanking the sensed electrical signal or modifying a tachyarrhythmia detection algorithm. In one example, the ICD includes a first pace pulse detector configured to obtain a sensed electrical signal and analyze the sensed electrical signal to detect a first type of pulses having a first set of characteristics and a second pace pulse detector configured to obtain the sensed electrical signal and analyze the sensed electrical signal to detect a second type of pulses having a second set of characteristics.",20240903,MEDTRONIC INC,REINKE JAMES D,A61N1/371
US-2022362558-A1,Ventricular conduction system pacing therapy control,A medical device is configured to sense at least one cardiac electrical signal and generate pacing pulses according to a first pacing therapy by generating pacing pulses for delivery to a first combination of ventricular pacing sites including at least one ventricular conduction system pacing site. The medical device may be configured to determine a ventricular conduction condition based on a QRS signal feature of the sensed cardiac signal during the first pacing therapy. The medical device may change to a second pacing therapy different than the first pacing therapy based on the determined ventricular conduction condition.,20221117,MEDTRONIC INC,ZHOU XIAOHONG,A61N1/371
US-2020338267-A1,Therapy program modification based on a therapy field model,"Techniques for modeling therapy fields for therapy delivered by medical devices are described. Each therapy field model is based on a set of therapy parameters and represents where therapy will propagate from the therapy system delivering therapy according to the set of therapy parameters. Therapy field models may be useful in guiding the modification of therapy parameters. As one example, a processor compares an algorithmic model of a therapy field to a reference therapy field and adjusts at least one therapy parameter based on the comparison. As another example, a processor adjusts at least one therapy parameter to increase an operating efficiency of the therapy system while substantially maintaining the modeled therapy field.",20201029,MEDTRONIC INC,GERBER MARTIN T,A61N1/36034
US-12015281-B2,Integrity monitoring for a transcutaneous energy system,"According to one or more embodiments, a system is provided. The system includes a power device implantable within a patient for powering an implantable medical device. The power device includes a first coil configured to receive wireless power signals for powering the implantable medical device and processing circuitry configured to determine at least one measurable electrical characteristic in a plurality of electrical pathways in the power device including an electrical pathway to the first coil, and detect reduced performance in receiving wireless power signals based at least in part on the determined at least one measurable electrical characteristic.",20240618,MEDTRONIC INC,SCHILLING ERIC A,H02J2105/46
US-2021252197-A1,Hemostatic devices and methods of use,"An anchorage device is provided that is configured to surround an implantable medical device. The anchorage device includes a substrate formed from a first material and a second material. At least one of the first and second materials includes a hemostatic agent. Kits, systems and methods are disclosed.",20210819,MEDTRONIC INC,PULAPURA SATISH,A61L31/04
US-2022032003-A1,Systems and methods for manufacturing 3d printed medical devices,"Systems and methods of manufacturing 3D printed medical devices. The method includes feeding a first filament and a second filament into an interior cavity of a heating cartridge and melting each of the filaments on a substrate. The heating cartridge is then moved linearly and rotationally relative to the substrate to form a jacket including material from each of the first and second filaments. Further, rotating the substrate provides a uniform mixture and creates support rings between the filament materials within the structure of the jacket.",20220203,MEDTRONIC INC,BAXTER JONATHAN E,B29C64/336
US-11471570-B2,Hemostatic devices and methods of use,"An anchorage device is provided that is configured to surround an implantable medical device. The anchorage device includes a substrate and a hemostatic agent. The substrate includes a first piece and a second piece that is joined with the first piece. The first piece includes the hemostatic agent and the second piece includes an active pharmaceutical ingredient. Kits, systems and methods are disclosed.",20221018,MEDTRONIC INC,PULAPURA SATISH,A61L31/16
US-2024252116-A1,Optical force sensor with a catheter/sheath,"Devices, systems, and methods for quantifying applied pressure by a device against an area of tissue. In particular, the present technology is related to medical devices including an optical element with a fiber Bragg grating, systems including the medical devices, and methods of quantifying applied pressure by the medical device. In one embodiment, a medical device comprises an elongate body including a distal portion and a proximal portion opposite the distal portion, and an optical element located at the distal portion of the elongate body. In one embodiment, the optical element include an optical fiber with a fiber Bragg grating. In one embodiment, the medical device is part of a medical system comprising a control unit in communication with the medical device, the control unit including an optical interrogator in communication with the optical element and processing circuitry configured to receive data from the optical interrogator.",20240801,MEDTRONIC INC,HOWARD STEPHEN,G01L1/246
US-10154794-B2,Implantable cardioverter-defibrillator (ICD) tachyarrhythmia detection modifications responsive to detected pacing,"An implantable medical device comprises a sensing module configured to obtain electrical signals from one or more electrodes and a control module configured to process the electrical signals from the sensing module in accordance with a tachyarrhythmia detection algorithm to monitor for a tachyarrhythmia. The control module detects initiation of a pacing train delivered by a second implantable medical device, determines a type of the detected pacing train, and modifies the tachyarrhythmia detection algorithm based on the type of the detected pacing train.",20181218,MEDTRONIC INC,STADLER ROBERT W,A61N1/39622
US-11446507-B2,Facilitating trusted pairing of an implantable device and an external device,"Systems, apparatus, methods and computer-readable storage media facilitating trusted pairing between an implantable medical device (IMD) and an external device are provided. In one embodiment, an IMD includes a housing configured to be implanted within a patient, a memory and circuitry within the housing and a processor that executes executable components stored in the memory. The executable components can include: a communication component configured to initiate establishing a telemetry connection with an external device in accordance with a first telemetry protocol based on reception of a request, from the external device, to establish the telemetry connection with the IMD using the first telemetry protocol; and a validation component configured to restrict establishment of the telemetry connection with the external device in accordance with the first telemetry protocol based on reception of validation information from the external device, wherein provision of the validation information is excluded from the first telemetry protocol.",20220920,MEDTRONIC INC,YODER MATTHEW R,A61N1/37217
US-11666702-B2,Medical devices and related event pattern treatment recommendation methods,"Medical devices and related patient management systems and methods are provided. An exemplary system includes a medical device to obtain measurement values for a physiological condition in a body of a patient and a computing device to identify a plurality of event patterns within a plurality of monitoring periods based on the measurement values, prioritize the plurality of event patterns based on one or more prioritization criteria, filter the prioritized list of event patterns based on one or more filtering criteria, and generate a snapshot graphical user interface display. The snapshot graphical user interface display includes a graph overlay region having a graphical representation of the measurement values with respect to a time of day and an event detection region below the graph overlay region, where the event detection region includes pattern guidance displays for event patterns of the filtered prioritized list ordered according to the prioritization.",20230606,MEDTRONIC MINIMED INC,MORAWIEC RISAKO,G06T11/10
US-10709834-B2,"Medication fluid infusion set component with integrated physiological analyte sensor, and corresponding fluid infusion device","Disclosed is a medical device component for delivering medication fluid to a patient. The medical device component includes a fluid infusion device to regulate delivery of medication fluid, a body-mountable base unit, and a top cover assembly that is removably couplable to the base unit and to the fluid infusion device. The base unit includes a cannula to deliver medication fluid under the control of the fluid infusion device, and a physiological analyte sensor to measure a physiological characteristic. The base unit also includes an electronics assembly electrically connected to sensor leads to obtain measurements in the analog domain, to convert measurements into digital sensor data, and to communicate conditioned digital sensor data to the fluid infusion device. The top cover assembly is configured to provide both fluid and electrical connections for the base unit, by way of an infusion tube having sensor conductors integrated therein or otherwise associated therewith.",20200714,MEDTRONIC MINIMED INC,CHIU CHIA-HUNG,A61M2205/3303
US-12005234-B2,Backup notifications in a medical device system,"Techniques disclosed herein relate generally to notification generation in a medical device system. In some embodiments, the techniques involve generating a first notification via a medical application executing on a first device, determining that the first notification was not acknowledged within a predetermined time frame, and causing generation of a second notification at a medical device carried by a user to notify the user that the first notification has not been acknowledged.",20240611,MEDTRONIC MINIMED INC,BAZARGAN AFSHIN,G16H40/67
US-2020246543-A1,Patient monitoring systems and related presentation methods,"Medical devices and related patient management systems and methods are provided. A method of monitoring a plurality of patients involves a computing device obtaining measurement data for the plurality of patients from a database, obtaining one or more prioritization rules from the database, generating a prioritized list of the plurality of patients based on the measurement data in accordance with the one or more prioritization rules, and providing a dashboard graphical user interface (GUI) display including the prioritized list. The prioritized list on the dashboard GUI display is dynamically updated in accordance with the prioritization rule(s) in response to updated measurement data in the database.",20200806,MEDTRONIC MINIMED INC,SADEGHZADEH MAHTA,G16H20/17
US-2021178064-A1,Context-sensitive predictive operation of a medication delivery system in response to gesture-indicated activity changes,"Gesture-informed patient management systems and related medical devices and operating methods are provided. A method of operating a medical device involves identifying a current operational context, predicting an occurrence of an event based at least in part on historical data associated with the patient and a correlation between the current operational context and the event, automatically configuring operation of the medical device to influence a physiological condition of the patient to account for the predicted occurrence of the event, and after configuring the operation of the medical device to account for the predicted occurrence of the event, automatically reconfiguring the operation of the medical device in response to detected gesture data influenced by an output of a sensing arrangement.",20210617,MEDTRONIC MINIMED INC,VLEUGELS KATELIJN,A61M2205/8206
US-2020101221-A1,Infusion devices and related meal bolus adjustment methods,"Medical devices and related systems and operating methods are provided. A method of operating an infusion device capable of delivering fluid influencing a physiological condition to a patient involves obtaining an event indication, such as a meal indication, determining an initial bolus amount based on the event indication, and determining predicted values for the physiological condition of the patient during a time window into the future based at least in part on the initial bolus amount. When the predicted values violate a threshold during the time window, the control system identifies an adjusted bolus amount that results in the predicted values for the physiological condition satisfying the threshold during the time window from within a search space defined by the initial bolus amount and operates an actuation arrangement of the infusion device to deliver the adjusted bolus amount of the fluid to the patient.",20200402,MEDTRONIC MINIMED INC,LINTEREUR LOUIS J,A61M2230/201
US-2020253461-A1,"Endoscope apparatus, medical device, and belt-like body","An endoscope apparatus includes: an endoscope including a first operation portion that is coupled to a first insertion portion to be inserted into a subject; a medical device including a second operation portion that is coupled to a second insertion portion to be inserted into the subject through the first insertion portion, the second operation portion including at least one locking member; and a belt-like body having flexibility and including at least three end portions in which at least one end portion includes a locked portion to be locked to the locking portion, the belt-like body being configured to be wound around the endoscope to hold and fix the second operation portion of the medical device in a state where the at least three end portions are connected to the second operation portion.",20200813,OLYMPUS CORP,WANG XIONGWEI,A61B1/0052
US-2020146529-A1,"Diagnosis support apparatus, diagnosis support method and computer-readable non-transitory storage medium for storing program","A diagnosis support apparatus performs identification for a plurality of support items, which are identification classifications about diagnosis support, and the diagnosis support apparatus is provided with a processor. The processor performs analysis processing for acquiring analysis results including an analysis result about an observation mode by analyzing at least one of an input signal specifying the observation mode and an observation image obtained by observing an inside of a subject with an endoscope; performs support item setting processing for setting a support item corresponding to the analysis results obtained by the analysis processing, among the plurality of support items, which are the identification classifications; and generates diagnosis support information, which is information used for diagnosis of a legion candidate area included in the observation image, based on an identification index corresponding to the set support item and the observation image.",20200514,OLYMPUS CORP,KONO TAKASHI,A61B1/0638
US-12002201-B2,"Ultrasonic diagnostic device, operation method of ultrasonic diagnostic device, and computer readable recording medium","An ultrasonic diagnostic device includes a processor including hardware, the processor being configured to: analyze a first examination performed on a subject using first ultrasound image data of an ultrasound image of the subject to be diagnosed; calculate a rate of accuracy of diagnosis in a case where a second examination is performed on the subject based on an analysis result of the first examination performed on the subject, analysis results of the first examination performed on a plurality of sample subjects, and analysis results of the second examination performed on the plurality of sample subjects; and control a display device to display the rate of accuracy of diagnosis.",20240604,OLYMPUS CORP,KOZAI SHIGENORI,G06T7/0012
US-2021015349-A1,Medical device,"A medical device includes: a sheath; a first bending portion provided at a distal end side of the sheath; a second bending portion provided between the first bending portion and the sheath; a first wire fixed to a first wire fixing portion provided at a distal end side of the first bending portion and inserted in the sheath toward a proximal end side of the sheath; and a second wire fixed to a second wire fixing portion provided between the first bending portion and the second bending portion and inserted in the sheath toward the proximal end side of the sheath, wherein a part of the first wire positioned in the first bending portion and a part of the first wire positioned in the second bending portion have straightness, and at least a part of the second wire positioned in the second bending portion has straightness.",20210121,OLYMPUS CORP,OKADA TSUTOMU,A61B2017/306
WO-2019077837-A1,"Inference device, medical system, inference method, and inference program","An inference device according to the present invention comprises: an error correction part for detecting an error in data obtained by receiving a wireless signal from a medical device inserted into the body of a subject and correcting the detected error; an assessment part for assessing, on the basis of either detection information relating to the error detected by the error detection part or to correction information relating to the error corrected by the error correction part, whether noise from an external source was present when the wireless signal was acquired from the medical device; and a noise inference part for inferring the cause of the noise if the assessment part assesses that the noise was present.",20190425,OLYMPUS CORP,MINAI TETSUO,H04N23/56
US-2021023359-A1,Overtube,"An embodiment provides an overtube which includes: a plurality of lumens including a lumen with a pliable folded structure at a portion to be inserted into a treatment target; and a grip portion having a rigidity in a radial direction, being easily inserted into the treatment target, allowing a medical device to be easily inserted thereinto, and facilitating administration of a drug.",20210128,OLYMPUS CORP,KOJO HIROYUKI,A61B2217/005
US-2020341094-A1,Multi-contrast mri image reconstruction using machine learning,"A computer-implemented method for reconstructing a MRI image, including: receiving a plurality of MRI measurement data sets f1 to fN, wherein each data set is acquired from an examination object based on a different MRI protocol of an MRI system; receiving MRI images u10 to uN0 corresponding to the MRI measurement data sets f1 to fN; applying, in at least a first step GD1, trained functions to the MRI images u10 to uN0, using a neural network and a forward-sampling operator, wherein at least one output MRI image uT is generated; and providing the at least one output MRI image uT, wherein the forward-sampling operator determines an agreement between at least one MRI image u10 to uN0 and the corresponding MRI measurement data set f1 to fN.",20201029,SIEMENS HEALTHCARE GMBH,POLAK DANIEL,A61B5/055
US-2021264645-A1,Multi-contrast mri image reconstruction using machine learning,"A method for reconstructing a MRI image may include: receiving MRI measurement data sets f1 to fN, each data set being acquired from an examination object based on a different MRI protocol of an MRI system; receiving MRI images u10 to uN0 corresponding to the MRI measurement data sets f1 to fN; performing one or more translation and rotation transformations on the MRI images u10 to uN0; applying one or more trained functions: to the transformed MRI images u10 to uN0, using a neural network, and to the MRI images u10 to uN0, using a forward-sampling operator; performing one or more inverse translation and rotation transformations on an output of the neural network; and generating at least one output MRI image uT based on an output of the forward-sampling operator, the inversely transformed output of the neural network, and the input MRI images u10 to uN0.",20210826,SIEMENS HEALTHCARE GMBH,POLAK DANIEL,A61B5/055
US-2018344284-A1,Moving a robot arm,"A method is disclosed for moving a robot arm for an ultrasound examination, an ultrasound probe being attached to the robot arm. An associated ultrasound system is also disclosed. In an embodiment, the method includes providing a trained artificial neural network recording a medical issue; determining a motion dataset containing a motion sequence of the robot arm by applying the trained artificial neural network to the medical issue; transferring the motion dataset to a controller of the robot arm; and moving the robot arm in accordance with the motion sequence of the motion dataset. An associated second computing unit, and an associated computer program product are also disclosed.",20181206,SIEMENS HEALTHCARE GMBH,FREUDENBERGER JOERG,G06N3/045
US-10133964-B2,Magnetic resonance image reconstruction system and method,"A method for training a system for reconstructing a magnetic resonance image includes: under-sampling image data from each of a plurality of fully-sampled images; and inputting the under-sampled image data to a multi-scale neural network comprising sequentially connected layers. Each layer has an input for receiving input image data and an output for outputting reconstructed image data. Each layer performs a process comprising: decomposing the array of input image data; applying a thresholding function to the decomposed image data, to form a shrunk data, the thresholding function outputting a value asymptotically approaching one when the thresholding function receives an input having a magnitude greater than a first value, reconstructing the shrunk data for combining with a reconstructed image data output by another one of the layers to form updated reconstructed image data, and machine-learning at least one parameter of the decomposing, the thresholding function, or the reconstructing.",20181120,SIEMENS HEALTHCARE GMBH,GUO YI,G01R33/5608
US-2023097895-A1,Multimodal analysis of imaging and clinical data for personalized therapy,Systems and methods for predicting clinical outcomes of a patient are provided. An input medical image of a tumor of a patient is received. The tumor is segmented from the input medical image. One or more assessments of the tumor are performed based on the segmentation. A clinical outcome of the patient is predicted based on results of the one or more assessments of the tumor. The clinical outcome of the patient is output.,20230330,SIEMENS HEALTHCARE GMBH,LOU BIN,G16H50/20
US-11707250-B2,Fault monitoring apparatus and method for operating a medical device,"The disclosure relates to a method for operating a medical device, (e.g., an imaging apparatus such as an X-ray device or magnetic resonance tomography unit), and a fault monitoring apparatus for carrying out the method. The fault monitoring apparatus is connected to the medical device via a signal connection. In the method, the fault monitoring apparatus receives an item of status information from the medical device and stores the item of status information in a system state. Further, the fault monitoring apparatus compares the stored system state with a predetermined target state, and, depending on the comparison, releases a function of the medical device, wherein the predetermined target state has a successfully executed function test.",20230725,SIEMENS HEALTHCARE GMBH,CAMPAGNA SWEN,A61B5/055
US-2020023101-A1,Medical device,"The disclosed medical device has high visibility on non-woven fabric having a color such as green, blue, or the like, excellent identifiability from other medical devices having colors such as green, blue, or the like, and also a high adhesion property and strength of a coating. The medical device comprises an elongated body and a resin layer covering at least a proximal portion of the elongated body. The resin layer is comprised of a first layer which includes a first fluororesin, an organic pigment and titanium oxide, and a second layer which is formed on the first layer and includes a second fluororesin.",20200123,TERUMO CORP,OIWA TOMOYA,A61L31/10
US-11065003-B2,Treatment method for joining biological organs,"Provided is a treatment method that reduces risk factors contributing to anastomotic leakage by using a medical device. The treatment method includes placing a medical device including a sheet-like main body portion for promoting adhesion between biological tissues between one joint target site and another joint target site of a biological organ to be joined, and joining the one joint target site and the other joint target site to each other in a state where at least a portion of the main body portion is interposed between the one joint target site and the other joint target site.",20210720,TERUMO CORP,ARAMAKI NAOKI,A61B2017/1132
US-2020155195-A1,Atherectomy device and method,"A medical device is disclosed, the medical device includes an outer tubular member made from one or more rigid materials having a first bend element including a distal end portion of the outer tubular member and a second bend element proximal to the first bend element in a natural state; and a treatment member on the distal end portion configured to grind a substance inside a body lumen, and wherein an outer diameter of the treatment member is larger than an outer diameter of the outer tubular member, and a difference between the outer diameter of the treatment member and the outer diameter of the outer tubular member is less than a thickness of a blood vessel wall.",20200521,TERUMO CORP,Hatta tomonori,A61B2017/00309
US-10881848-B2,"Connector, infusion set, and medical device connectable to connector","A connector is connectable to a medical device that includes a female connector portion. The connector includes: a main body member including: a cylinder portion that is insertable into the female connector portion, and a lock portion configured to, upon insertion of the cylinder portion into the female connector portion, pass over part of the medical device and then move in a predetermined locking direction to lock the medical device; and a lock member that is movable with respect to the main body member. When the main body member is in a state in which the lock portion locks the medical device, the lock member is moveable to a lock position at which the lock member limits movement of the lock portion in a predetermined unlocking direction.",20210105,TERUMO CORP,UEDA YASUHIRO,A61M39/1011
US-2023329735-A1,Medical device and procedure method,"A medical device insertable into a blood vessel for effectively removing an object flowing in a biological lumen while reducing the burden on the living body includes an elongated shaft portion, and an expansion portion which is an elastically deformable cylindrical body having a plurality of gaps and in which a proximal portion or a distal portion of the cylindrical body is interlocked with the shaft portion. The expansion portion has a ring-shaped or annular bent portion which protrudes toward a proximal side position radially outside the expansion portion in a bent state of being bent along an axial direction, and an axial length of a second portion from the bent portion to a proximal end of the expansion portion is shorter than an axial length of a first portion from the bent portion to the distal end of the expansion portion.",20231019,TERUMO CORP,IMAI MASAOMI,A61B17/221
US-2019388673-A1,Medical device,"A medical device including a connector portion having a distal end and a proximal end, and a screw groove configured for fluid communication between the connector portion and another medical device. The screw groove has a first side wall provided close to the distal end and a second side wall provided close to the proximal end. The first side wall has a stop portion whose lead angle has been reduced or eliminated.",20191226,TERUMO CORP,KAKINOKI TOSHIHIKO,A61M2039/1033
EP-3777741-A1,Medizinische vorrichtung,"Provided is a medical device which can suppress torsion of a wire in a circumferential direction in an expansion body formed using the wire. 
     Amedical device (10) includes an elongated shaft portion (20), and an expansion body (21) disposed in a distal portion of the shaft portion (20) , and configured to expand and contract in a radial direction. The expansion body (21) has wire portions (50) in which a distal portion and a proximal portion are linked with the shaft portion (20), and a holding portion (51) formed using at least one of the wire portions (50), and holding a biological tissue. At least one of a proximal side and a distal side of the holding portion (51) has an opening portion (57) formed using the wire portion (50) or formed using a plurality of the wire portions (50). When the expansion body (21) expands, the wire portion (50) forming the holding portion (51) faces the opening portion (57).",20210217,TERUMO CORP,TAKAHASHI YUSUKE,A61B18/082
US-2023016997-A1,Image acquisition medical device and medical system,The disclosed image acquisition medical device and medical system make it possible to easily grasp an orientation of a distal end portion of the medical device based on an angiographic image and a tomographic image. The image acquisition medical device includes a flexible body portion that extends in an axial direction; an image sensor that is disposed in the body portion and that is configured to acquire an image of a hollow organ; and a contrast unit that protrudes toward a distal end side of the body portion and that makes an orientation of a distal end portion of the body portion visually recognizable in an angiographic image. Relative positions of the image sensor and the contrast unit in an axial rotation direction are fixed.,20230119,TERUMO CORP,YAMASHITA YASUNORI,A61M25/0905
US-11419629-B2,Medical device for cutting substances inside a body lumen,"A medical device is disclosed for cutting substances inside a body lumen. The medical device includes: a drive shaft that is rotatable; at least one strut that is rotatably connected to a distal side of the drive shaft, the at least one strut extending along a rotation axis, and wherein a central portion of the at least one strut is bent so as to be expandable radially outwardly; and a support portion that is rotatably connected to the distal side of the drive shaft, and wherein the support portion is formed in a mesh shape and a tubular shape while including multiple gaps, at least a portion of which is positioned on a radially inside of the at least one strut, and which is expandable radially outwardly by a central portion in a direction extending along the rotation axis being bent.",20220823,TERUMO CORP,Hatta tomonori,A61F2002/018
WO-2019069739-A1,"Medical device, method for controlling rotation of medical device, and rotation control equipment","Provided are a medical device capable of effectively destroying matter inside a living body lumen, a method for controlling rotation of the medical device, and rotation control equipment. A medical device (10) is inserted into a living body lumen to destroy a blood clot B in the living body lumen, the medical device comprising: a long shaft unit (20) that is rotationally driven; a drive unit (71) that rotates the shaft unit (20); a rotatable destroying unit (60) provided at the distal end of the shaft unit (20); and a control unit (100) that controls the rotation of the drive unit (71). The control unit (100) controls the drive unit (71) so that the drive unit is repeatedly rotated with breaks between such rotations.",20190411,TERUMO CORP,KITAOKA TAKASHI,A61B2017/320716
US-2020323786-A1,Growth-factor nanocapsules with tunable release capability for bone regeneration,"Growth factors are of great potential in regenerative medicine. However, their clinical applications are largely limited in by short in vivo half-lives and a narrow therapeutic window. Thus, a robust controlled release system remains an unmet medical need for growth-factor-based therapies. A nanoscale controlled release system (degradable protein nanocapsule) is provided via in-situ polymerization on growth factor. The release rate can be finely tuned by engineering the surface polymer composition. Improved therapeutic outcomes are achieved with the growth factor nanocapsules, as illustrated in spinal cord fusion mediated by bone morphogenetic protein-2 (BMP-2) nanocapsules.",20201015,UNIV CALIFORNIA,LU YUNFENG,A61K9/5192
US-10884088-B2,PH-weighted MRI using fast amine chemical exchange saturation transfer (CEST) imaging,"A pH-weighted chemical exchange saturation transfer (CEST) magnetic resonance imaging (MRI) method and system are provided that works by indirectly measuring the NMR signal from amine protons found on the backbones of amino acids and other metabolites, which resonate at a frequency of +2.8-3.2 ppm with respect to bulk water protons. The technique uses a modified magnetization transfer radiofrequency saturation pulse for the generation of image contrast. A train of three 100 ms Gaussian pulses at high amplitude (6 uT) or Sinc3 pulses are played at a particular frequency off-resonance from bulk water prior to a fast echo planar imaging (EPI) readout, with one full image acquired at each offset frequency. This non-invasive pH-weighted MRI technique does not require exogenous contrast agents and can be used in preclinical investigations and clinical monitoring in patients with malignant glioma, stroke, and other ailments.",20210105,UNIV CALIFORNIA,ELLINGSON BENJAMIN,A61B5/055
US-2023206516-A1,Scatter estimation for pet from image-based convolutional neural network,"A method, system, and computer readable medium to perform nuclear medicine scatter correction estimation, sinogram estimation and image reconstruction from emission and attenuation correction data using deep convolutional neural networks. In one embodiment, a Deep Convolutional Neural network (DCNN) is used, although multiple neural networks can be used (e.g., for angle-specific processing). In one embodiment, a scatter sinogram is directly estimated using a DCNN from emission and attenuation correction data. In another embodiment a DCNN is used to estimate a scatter-corrected image and then the scatter sinogram is computed by a forward projection.",20230629,UNIV CALIFORNIA,QI JINYI,G06T12/10
US-2023149338-A1,Diagnosis and treatment of addiction,"The present disclosure provides a novel treatment for addiction disorders, particularly opioid addiction. More specifically, the present disclosure provides a treatment for opioid addiction comprising a combination use of any one or more of SCFAs in combination with one or more carnitines, providing effective depletion of microbiome in certain brain regions. A diagnosis method for the progress of the addiction treatment is also provided.",20230518,UNIV CALIFORNIA,SIMPSON SIERRA,A61K9/00
US-2022249761-A1,Integrated system for mechanical processing of lipoaspirate,"An integrated lipoaspirate processing system is disclosed for mechanically processing adipose tissue into a therapeutic material that, in some embodiments, may be directly injected into a subject. The system includes an emulsification device that is used to emulsify the lipoaspirate sample. The emulsified lipoaspirate is then filtered by a microfluidic filtration device. The filtrate of the microfluidic filtration device is then processed in a microfluidic dissociation device. The integrated platform or system helps standardize hydrodynamic processing of lipoaspirate by producing predictable and consistent shear forces and enabling automation in clinical settings. Progressive processing through multiple devices in series enables optimal recovery of regenerative cells while preventing clogging.",20220811,UNIV CALIFORNIA,HAUN JERED,C12M47/04
US-2024374897-A1,Closed-Loop Neuromodulation for the Treatment of Affective Neuropsychiatric Disorders,The present disclosure provides methods and systems for treating affective disorders such as depression and/or anxiety and/or related disorders. Closed-loop therapy is performed with a neurostimulator that records electroencephalographic signals from neural activity associated with symptoms of a neuropsychiatric disorder and delivers electrical stimulation when pre-specified patterns of neural activity associated with a symptom are detected. Methods are also disclosed for mapping the brain of a patient to optimize placement of electrodes for detecting neural activity associated with symptoms of a neuropsychiatric disorder and to optimize placement of electrodes for delivery of electrical stimulation. Methods of monitoring and evaluating the effects of electrical stimulation on clinical symptoms and status are also provided.,20241114,UNIV CALIFORNIA,SCANGOS KATHERINE,A61B5/291
US-2019117763-A1,Stable poliovirus variants and uses thereof,"Provided herein are compositions of virus like particles (VLPs) of poliovirus (PV) that have one or more stabilizing mutations that confer a higher degree of thermostability to the N-antigenic form of the VLPs. These VLPs are non-infectious, and thus safer for use in vaccine development and administration to clinical subjects.",20190425,UNIV FLORIDA,FLANEGAN JAMES B,A61P31/14
US-2023066453-A1,Methods and compositions for medical implants having anti-bacterial coatings,"In one aspect, the disclosure relates to protective, anti-bacterial coatings for medical implants and methods of making the same. Also disclosed herein are methods for improving the anti-bacterial properties of a medical device coated with silicon carbide (SiC) or titanium nitride (TiN). Further disclosed herein are medical devices including an anti-microbial layer prepared by the disclosed methods. This abstract is intended as a scanning tool for purposes of searching in the particular art and is not intended to be limiting of the present disclosure.",20230302,UNIV FLORIDA,ESQUIVEL-UPSHAW JOSEPHINE F,A61L27/04
US-2024165049-A1,Methods and compositions for treatment of low circulating testosterone conditions,"In one aspect, the disclosure relates to methods of treating a subject having a clinical condition associated with low circulating levels of testosterone, comprising: administering to the subject a therapeutically effective dose of sevoflurane, thereby treating the clinical condition associated with low circulating levels of testosterone. In some aspects, the sevoflurane can be administered nasally or by inhalation. In another aspect, exposure to sevoflurane results in long-term increase in serum levels of testosterone in the subject (e.g., 60 days to 120 days). This abstract is intended as a scanning tool for purposes of searching in the particular art and is not intended to be limiting of the present disclosure.",20240523,UNIV FLORIDA,MARTYNYUK ANATOLY EUGENY,A61K31/08
US-2021121325-A1,Methods and compositions for iontophoretic drug delivery to the eye,"In one aspect, the disclosure relates to drug delivery devices for the ionophoretic delivery of a therapeutic agent(s) to the eye. In some aspects, the disclosed ionophoretic ocular delivery device is configured for delivery of a therapeutic agent to the anterior portion of the eye. In various aspects, the present disclosure provides methods for treatment of an ophthalmological disorder, disease, or clinical condition by delivering a therapeutic agent(s) to the eye using a disclosed ionophoretic ocular delivery device. This abstract is intended as a scanning tool for purposes of searching in the particular art and is not intended to be limiting of the present disclosure.",20210429,UNIV FLORIDA,CHAUHAN ANUJ,G02C7/04
US-11752236-B2,Methods and compositions for medical implants having anti-bacterial coatings,"In one aspect, the disclosure relates to protective, anti-bacterial coatings for medical implants and methods of making the same. Also disclosed herein are methods for improving the anti-bacterial properties of a medical device coated with silicon carbide (SiC) or titanium nitride (TiN). Further disclosed herein are medical devices including an anti-microbial layer prepared by the disclosed methods. This abstract is intended as a scanning tool for purposes of searching in the particular art and is not intended to be limiting of the present disclosure.",20230912,UNIV FLORIDA,ESQUIVEL-UPSHAW JOSEPHINE F,A61L27/04
US-11534074-B2,Systems and methods for predicting and treating neurological condition relapses,"Systems and methods for predicting and treating relapses for neurological conditions in accordance with embodiments of the invention are illustrated. One embodiment includes a method for predicting and treating a clinical neurological condition relapse. The method includes steps for selecting a threshold heart rate variability value for a patient suffering from a clinical neurological condition, monitoring, using a cardiac monitor, the heart rate variability of the patient over time, providing an indicator that a relapse is imminent when the heart rate variability of the patient falls below the threshold heart rate variability value, and treating the patient using a transcranial magnetic stimulation device by applying an accelerated theta burst stimulation protocol where the transcranial magnetic stimulation target is the left prefrontal dorsolateral cortex.",20221227,UNIV LELAND STANFORD JUNIOR,WILLIAMS NOLAN,A61N2/006
US-2020368352-A1,Polymeric perfluorocarbon nanoemulsions for ultrasonic drug uncaging,"Disclosed herein are compositions comprising polymeric perfluorocarbon nanoemulsions and methods of their production, as well as methods for their use in imaging, examination, diagnosis and/or treatment of neurological and psychiatric diseases, as well as for ultrasound- mediated localized drug release into the brain.",20201126,UNIV LELAND STANFORD JUNIOR,AIRAN RAAG D,A61B5/055
US-2020390332-A1,Pressure sensing retractor for measuring orbital compartment pressure of an eye,"A pressure sensing retractor device and method is provided for measuring orbital compartment pressure of an eye. The device uses nested claw-like retractors where the inner claw retractor is capable of pulling an eyelid of the eye of a patient, and the outer claw retractor is capable of sensing the orbital compartment pressure of the eye. The pressure sensing retractor outputs the force sensor signal as a continuous signal of the orbital compartment pressure of the eye. Embodiments of the invention can be applied towards analysis of orbital compartment syndrome, retrobulbar hemorrhage (RBH), and canthotomy/cantholysis. Unlike applanation tonometry, retractor placement with the retractor provided herein requires no specialized training. Ease of use can help facilitate appropriate clinical decision, especially in environments without immediate access to ophthalmic consultation.",20201217,UNIV LELAND STANFORD JUNIOR,ERICKSON BENJAMIN PETER,A61B2090/064
US-2022327700-A1,Dose reduction for medical imaging using deep convolutional neural networks,"A method of reducing radiation dose for radiology imaging modalities and nuclear medicine by using a convolutional network to generate a standard-dose nuclear medicine image from low-dose nuclear medicine image, where the network includes N convolution neural network (CNN) stages, where each stage includes M convolution layers having K×K kernels, where the network further includes an encoder-decoder structure having symmetry concatenate connections between corresponding stages, downsampling using pooling and upsampling using bilinear interpolation between the stages, where the network extracts multi-scale and high-level features from the low-dose image to simulate a high-dose image, and adding concatenate connections to the low-dose image to preserve local information and resolution of the high-dose image, the high-dose image includes a dose reduction factor (DRF) equal to 1 of a radio tracer in a patient, the low-dose PET image includes a DRF of at least 4 of the radio tracer in the patient.",20221013,UNIV LELAND STANFORD JUNIOR,ZAHARCHUK GREG,G06V10/764
US-2023355815-A1,Active delivery of radiotracers across the blood brain barrier,"Non-invasive methods permitting accurate detection of innate immune dysfunction are critical to enhance the understanding, diagnosis, and treatment of inflammatory disorders. Identifying specific biomarkers of innate immune cells and their functional phenotypes, paired with subsequent PET tracer development, is thus an area of great interest with important implications for a broad range of diseases. However, existing targets lack cell specificity and/or fail to provide functionally relevant information regarding immune cell status. To overcome these limitations, a PET tracer was developed targeting TREM1 a highly specific biomarker of pro-inflammatory myeloid-driven immune responses.",20231109,UNIV LELAND STANFORD JUNIOR,JAMES MICHELLE L,A61K51/1027
US-2022160450-A1,Magnetic Wire for Retrieval and Elimination of calculus from the Urinary Tract,A medical device for retrieval of kidney stone fragments from a urinary tract is provided. The medical device has a plurality of magnets arranged within a flexible sheath forming a flexible wire. The magnets are magnetically attached end-to-end and arranged with their magnetic polarities alternating in direction.The magnetization direction of each of the magnets is orthogonal to the length axis of the flexible wire. A removable inner stylet is situated within the flexible sheath allowing for modifiable flexibility of the wire. The medical device is dimensioned to be introduced into the urinary tract and standard endoscopic devices. The medical device is further dimensioned to allow for the wire with magnetically attached stone fragments to be retrieved from the urinary tract. The magnetic field along the length axis is sufficient to attract to the surface of the flexible wire superparamagnetic nanoparticles which have bound themselves to kidney stone fragments.,20220526,UNIV LELAND STANFORD JUNIOR,Ge Tianjia Jessie,A61B2017/22082
US-2022087592-A1,Optical systems and methods for intraoperative detection of csf leaks,"A multi-wavelength surgical system is provided using an endoscope sensitive in the short-wave infrared region which allows exploration of different areas of the skull base for CSF leaks. The device includes an LED box with multiple wavelengths including allowing excitation of ICG with 785-808 nm, enhancing the water absorption from 1200-1550 nm and above 1800 nm and incorporating white light to allow for surgical navigation. Because CSF is 99% water having a large absorption in the SWIR band around 1200-1550 nm and above 1800 nm, the system and method should be an effective means of diagnosis without the need for intrathecal fluorescein.",20220324,UNIV LELAND STANFORD JUNIOR,VALDEZ TULIO A,A61B5/4058
US-11992298-B2,Systems and methods for predicting and treating neurological condition relapses,"Systems and methods for predicting and treating relapses for neurological conditions in accordance with embodiments of the invention are illustrated. One embodiment includes a method for predicting and treating a clinical neurological condition relapse. The method includes steps for selecting a threshold heart rate variability value for a patient suffering from a clinical neurological condition, monitoring, using a cardiac monitor, the heart rate variability of the patient over time, providing an indicator that a relapse is imminent when the heart rate variability of the patient falls below the threshold heart rate variability value, and treating the patient using a transcranial magnetic stimulation device by applying an accelerated theta burst stimulation protocol where the transcranial magnetic stimulation target is the left prefrontal dorsolateral cortex.",20240528,UNIV LELAND STANFORD JUNIOR,WILLIAMS NOLAN,A61B5/02405
US-2021236216-A1,Multifunctional operational component for robotic devices,"The various embodiments disclosed herein relate to modular medical devices, including various devices with detachable modular components and various devices with pivotally attached modular components. Additional embodiments relate to procedures in which various of the devices are used cooperatively. Certain embodiments of the medical devices are robotic in vivo devices.",20210805,UNIV NEBRASKA,FARRITOR SHANE,A61B34/30
US-10695137-B2,"Methods, systems, and devices for surgical access and procedures","The embodiments disclosed herein relate to various medical device components, including components that can be incorporated into robotic and/or in vivo medical devices. Certain embodiments include various actuation system embodiments, including fluid actuation systems, drive train actuation systems, and motorless actuation systems. Additional embodiments include a reversibly lockable tube that can provide access for a medical device to a patient&#39;s cavity and further provides a reversible rigidity or stability during operation of the device. Further embodiments include various operational components for medical devices, including medical device arm mechanisms that have both axial and rotational movement while maintaining a relatively compact structure. medical device winch components, medical device biopsy/stapler/clamp mechanisms, and medical device adjustable focus mechanisms.",20200630,UNIV NEBRASKA,FARRITOR SHANE,A61B34/70
US-2023171147-A1,"Robotic surgical devices, systems, and related methods","Various medical devices and related systems, including robotic and/or in vivo medical devices, and various robotic surgical devices for in vivo medical procedures. Included herein, for example, is a robotic surgical system having a support beam positionable through an incision, and a robotic device having a device body, first and second rotating shoulder components coupled to the device body, and first and second robotic arms coupled to the first and second shoulder components, respectively.",20230601,UNIV NEBRASKA,FARRITOR SHANE,H04L43/08
US-11484374-B2,Local control robotic surgical devices and related methods,The various robotic medical devices include robotic devices that are disposed within a body cavity and positioned using a support component disposed through an orifice or opening in the body cavity. Additional embodiments relate to devices having arms coupled to a device body wherein the device has a minimal profile such that the device can be easily inserted through smaller incisions in comparison to other devices without such a small profile. Further embodiments relate to methods of operating the above devices.,20221101,UNIV NEBRASKA,MARKVICKA ERIC,Y10T74/20329
US-2019365490-A1,Multifunctional Operational Component for Robotic Devices,"The various embodiments disclosed herein relate to modular medical devices, including various devices with detachable modular components and various devices with pivotally attached modular components. Additional embodiments relate to procedures in which various of the devices are used cooperatively. Certain embodiments of the medical devices are robotic in vivo devices.",20191205,UNIV NEBRASKA,FARRITOR SHANE,A61B2017/00283
US-2022378529-A1,Robotic Device with Compact Joint Design and Related Systems and Methods,"The embodiments disclosed herein relate to various robotic and/or in vivo medical devices having compact joint configurations. Other embodiments relate to various medical device components, including forearms having grasper or cautery end effectors, that can be incorporated into certain robotic and/or in vivo medical devices.",20221201,UNIV NEBRASKA,FREDERICK TOM,A61B2018/1253
US-2021161480-A1,Monitoring physiological status based on bio-vibrational and radio frequency data analysis,"A patient monitoring device includes an ECG sensor coupled to a patient, a sensor coupled to the patient and configured to bio-vibrational signals, and a radio frequency monitoring device configured to produce information responsive to electromagnetic energy reflected from the patient&#39;s thoracic cavity. A processor processes the ECG signals, the bio-vibrational signals, and the radio frequency information to generate a plurality of physiological parameters of the patient. The processor also performs at least one of a predictive analysis and a trend analysis of the plurality of physiological to determine a current clinical condition of the patient. The trend analysis includes determining a substantial relationship between changes in the plurality of physiological parameters. The processor can also compare the current clinical condition of the patient to predetermined clinically actionable criteria to determine one or more clinically actionable events and provide an output relating to one or more clinically actionable events.",20210603,ZOLL MEDICAL CORP,VOLOSIN KENT,A61B5/6802
US-2021001135-A1,Systems and methods of delivering therapy using an ambulatory medical device,"An ambulatory medical device includes two or more response mechanisms; a memory storing an active operation mode parameter identifying an active operation mode from a plurality of operation modes; a controller connected with the two or more response mechanisms; and a therapy manager component executable by the controller and configured to identify the active operation mode, detect a physiological parameter indicative of a health disorder of the patient, request that the patient change the state of one of the two or more response mechanisms in response to detection of the physiological parameter, monitor the state of each of the two or more response mechanisms within a first predetermined period, and delay therapy to the patient in response to detection of a first change in the state of one of the two or more response mechanisms within the predetermined period and identification of a first mode as the active operation mode.",20210107,ZOLL MEDICAL CORP,KAIB THOMAS E,A61B5/28
US-10136826-B2,System and method for distinguishing a cardiac event from noise in an electrocardiogram (ECG) signal,"A cardiac monitoring device includes: at least one sensing electrode for obtaining an electrocardiogram (ECG) signal from a patient; a processing unit comprising at least one processor operatively coupled to the at least one sensing electrode; and at least one non-transitory computer-readable medium comprising program instructions that, when executed by the at least one processor, causes the cardiac monitoring device to: obtain the ECG signal from the at least one sensing electrode; determine a transformed ECG signal based on the ECG signal; extract at least one value representing at least one feature of the transformed ECG signal; provide the at least one value to determine a score associated with the ECG signal, thereby providing an ECG-derived score; compare the ECG-derived score to a predetermined threshold score determined by machine learning; and provide an indication of a cardiac event if the ECG-derived score is one of above or below the predetermined threshold score determined by the machine learning.",20181127,ZOLL MEDICAL CORP,SULLIVAN ADAM,A61B5/747
US-11529086-B2,Medical device for sensing cardiac function,"A medical device includes at least one electrode to sense an electrocardiogram (ECG) signal of a patient, and a controller coupled to the at least one electrode. The controller is configured to generate a first ECG template based on a first ECG signal of the patient received during a first baselining operation. The controller is configured to determine that the patient has been administered a therapeutic shock, and responsive to the determination that the patient has been administered the therapeutic shock, the controller is configured to initiate a second baselining operation and generate a second ECG template based on a second ECG signal of the patient received during the second baselining operation. The controller is configured to determine whether the patient is experiencing a cardiac event based on a comparison of the second ECG template to a real time ECG signal received during real time monitoring of the patient.",20221220,ZOLL MEDICAL CORP,KAIB THOMAS E,A61B5/746
US-2018153765-A1,System for Assisting Rescuers in Performing Cardio-Pulmonary Resuscitation (CPR) on a Patient,"A system for assisting a rescuer in performing cardio-pulmonary resuscitation (CPR) on a patient includes: a proximity sensor configured to be positioned at a location corresponding to a location of a rescuer&#39;s hand when delivering compressions to a patient&#39;s chest, the proximity sensor configured to produce a signal indicative of the rescuer&#39;s hands being released from the patient&#39;s chest; a medical device operatively coupled with the proximity sensor and configured to provide resuscitative treatment to the patient; and a controller communicatively coupled with the medical device and the proximity sensor. The controller is configured to: determine, based upon the signal from the proximity sensor, if the rescuer&#39;s hands have been released from the patient&#39;s chest, and trigger an action by the medical device in response to a determination that the rescuer&#39;s hands have been released from the patient&#39;s chest.",20180607,ZOLL MEDICAL CORP,FREEMAN GARY A,A61N1/39
US-11622726-B2,Use of muscle oxygen saturation and pH in clinical decision support,"Embodiments of the present invention include a system having at least one sensor configured to monitor a muscle oxygen saturation (SmO2) level of a patient who is undergoing cardiac arrest and to generate a signal representing SmO2 level; a user interface device; a processor communicably coupled to the user interface device, the processor configured to cause the user interface device to present an array of two or more possible nodes of a clinical decision support tree, wherein at least one of the nodes indicates cardiopulmonary resuscitation (CPR) treatment of the patient with no ventilation, and wherein at least another of the nodes indicates CPR treatment of the patient with active ventilation; determine which of the two or more possible nodes should be emphasized based on the SmO2 level; and update the array of the two or more possible nodes based on the determination.",20230411,ZOLL MEDICAL CORP,FREEMAN GARY A,A61H2230/30
US-11393584-B2,System and method for adapting alarms in a wearable medical device,"A wearable ambulatory external defibrillator system includes a garment configured to be worn by a patient and including electrocardiogram (ECG) sensing electrodes integrated into the garment, therapy delivery electrodes configured to deliver a therapy, and a wearable medical device controller including at least one processor. The at least one processor is configured to issue a first instance of an alarm in response to an indication of a cardiac abnormality and/or an event concerning one or more components of the system. The first instance of the alarm includes a visual alarm. The at least one processor is further configured to determine that no response to the first instance of the alarm was received within a target response time, adapt at least one characteristic of the alarm, and issue a second instance of the alarm having the at least one adapted characteristic. The second instance of the alarm includes an auditory alarm.",20220719,ZOLL MEDICAL CORP,KAIB THOMAS E,G16H50/30
US-2022072323-A1,Medical device configured to test for user responsiveness,"A medical device is disclosed that includes one or more treatment electrodes, one or more sensors, and one or more controllers connected to the one or more treatment electrodes and one or more sensors. The medical device also includes one or more response mechanisms connected to the one or more controllers. The one or more controllers are configured to receive input from the one or more response mechanism and are also configured to determine whether a patient wearing the medical device actuated the one or more response mechanisms based, at least in part, on the input received from the one or more response mechanisms. In some disclosed embodiments, the medical device is a wearable defibrillator.",20220310,ZOLL MEDICAL CORP,DONNELLY EDWARD J,A61N1/3987
