id,title,date,assignee,word_count,date_parsed,year,type_document,text_for_rag
US-D677384-S,Surgical hip anterior approach arthroplasty device,2013-03-05,"Smith & Nephew, Inc.",6,2013-03-05,2013,Modèle industriel,[Modèle industriel] TITLE: Surgical hip anterior approach arthroplasty device
US-D695407-S,Surgical generator,2013-12-10,"Ethicon Endo-Surgery, Inc.",2,2013-12-10,2013,Modèle industriel,[Modèle industriel] TITLE: Surgical generator
US-D847989-S,Surgical fastener cartridge,2019-05-07,Ethicon Llc,3,2019-05-07,2019,Modèle industriel,[Modèle industriel] TITLE: Surgical fastener cartridge
US-D948043-S,Surgical fastener,2022-04-05,Cilag Gmbh International,2,2022-04-05,2022,Modèle industriel,[Modèle industriel] TITLE: Surgical fastener
US-D896380-S,Surgical fastener cartridge,2020-09-15,Ethicon Llc,3,2020-09-15,2020,Modèle industriel,[Modèle industriel] TITLE: Surgical fastener cartridge
US-D822206-S,Surgical fastener,2018-07-03,Ethicon Llc,2,2018-07-03,2018,Modèle industriel,[Modèle industriel] TITLE: Surgical fastener
US-D831209-S,Surgical stapler cartridge,2018-10-16,Ethicon Llc,3,2018-10-16,2018,Modèle industriel,[Modèle industriel] TITLE: Surgical stapler cartridge
US-D744647-S,Surgical clip,2015-12-01,Conmed Corporation,2,2015-12-01,2015,Modèle industriel,[Modèle industriel] TITLE: Surgical clip
US-D959662-S,Buttress assembly for a surgical stapler,2022-08-02,Cilag Gmbh International,6,2022-08-02,2022,Modèle industriel,[Modèle industriel] TITLE: Buttress assembly for a surgical stapler
US-D794796-S,Intervertebral implant,2017-08-15,"Nuvasive, Inc.",2,2017-08-15,2017,Modèle industriel,[Modèle industriel] TITLE: Intervertebral implant
US-D910847-S,Surgical instrument assembly,2021-02-16,Ethicon Llc,3,2021-02-16,2021,Modèle industriel,[Modèle industriel] TITLE: Surgical instrument assembly
US-D854152-S,Surgical stapler,2019-07-16,Ethicon Llc,2,2019-07-16,2019,Modèle industriel,[Modèle industriel] TITLE: Surgical stapler
US-D895837-S,Surgical guide tray,2020-09-08,"Mighty Oak Medical, Inc.",3,2020-09-08,2020,Modèle industriel,[Modèle industriel] TITLE: Surgical guide tray
US-D979062-S,Interbody bone implant,2023-02-21,"Spinal Elements, Inc.",3,2023-02-21,2023,Modèle industriel,[Modèle industriel] TITLE: Interbody bone implant
US-D905246-S,Tibial implant components,2020-12-15,Mako Surgical Corp.,3,2020-12-15,2020,Modèle industriel,[Modèle industriel] TITLE: Tibial implant components
US-D1014754-S,Buttress assembly for a surgical stapler,2024-02-13,Cilag Gmbh International,6,2024-02-13,2024,Modèle industriel,[Modèle industriel] TITLE: Buttress assembly for a surgical stapler
US-D835281-S,Multimode surgical console,2018-12-04,Stryker Corporation,3,2018-12-04,2018,Modèle industriel,[Modèle industriel] TITLE: Multimode surgical console
US-D753176-S,Medical device display with animated graphical user interface,2016-04-05,Aerocrine Ab,8,2016-04-05,2016,Modèle industriel,[Modèle industriel] TITLE: Medical device display with animated graphical user interface
US-D920515-S,Spinal implant,2021-05-25,"Restor3D, Inc.",2,2021-05-25,2021,Modèle industriel,[Modèle industriel] TITLE: Spinal implant
US-D898913-S,Staple cartridge for a surgical stapler,2020-10-13,Ehticon LLC,6,2020-10-13,2020,Modèle industriel,[Modèle industriel] TITLE: Staple cartridge for a surgical stapler
US-D980425-S,Surgical instrument assembly,2023-03-07,Cilag Gmbh International,3,2023-03-07,2023,Modèle industriel,[Modèle industriel] TITLE: Surgical instrument assembly
US-D897531-S,Stapling head feature for a surgical stapler,2020-09-29,Ethicon Llc,7,2020-09-29,2020,Modèle industriel,[Modèle industriel] TITLE: Stapling head feature for a surgical stapler
US-D794803-S,Medical device receiver and display in combination,2017-08-15,"Dexcom, Inc.",7,2017-08-15,2017,Modèle industriel,[Modèle industriel] TITLE: Medical device receiver and display in combination
US-D1009259-S,Surgical screw extractor,2023-12-26,Shukla Medical,3,2023-12-26,2023,Modèle industriel,[Modèle industriel] TITLE: Surgical screw extractor
US-D1040347-S,Three dimensional mastopexy implant,2024-08-27,"Tepha, Inc.",4,2024-08-27,2024,Modèle industriel,[Modèle industriel] TITLE: Three dimensional mastopexy implant
US-D736921-S,Seal anchor for use in surgical procedures,2015-08-18,Covidien Lp,7,2015-08-18,2015,Modèle industriel,[Modèle industriel] TITLE: Seal anchor for use in surgical procedures
US-D967960-S,Porous tibial implant,2022-10-25,Howmedica Osteonics Corp.,3,2022-10-25,2022,Modèle industriel,[Modèle industriel] TITLE: Porous tibial implant
US-D933217-S,Surgical tool,2021-10-12,Aesculap Ag,2,2021-10-12,2021,Modèle industriel,[Modèle industriel] TITLE: Surgical tool
US-D700698-S,Surgical instrument,2014-03-04,"DePuy Synthes Products, LLC",2,2014-03-04,2014,Modèle industriel,[Modèle industriel] TITLE: Surgical instrument
US-D972137-S,Surgical rasp,2022-12-06,Orthocision Inc.,2,2022-12-06,2022,Modèle industriel,[Modèle industriel] TITLE: Surgical rasp
US-D747800-S,Dermatological medical device,2016-01-19,Dermal Photonics Corporation,3,2016-01-19,2016,Modèle industriel,[Modèle industriel] TITLE: Dermatological medical device
US-D950101-S,Cassette with insert tray for surgical tools,2022-04-26,Straumann Holding Ag,7,2022-04-26,2022,Modèle industriel,[Modèle industriel] TITLE: Cassette with insert tray for surgical tools
US-D800904-S,Surgical stapling instrument,2017-10-24,"Ethicon Endo-Surgery, Llc",3,2017-10-24,2017,Modèle industriel,[Modèle industriel] TITLE: Surgical stapling instrument
US-D730297-S,Surgical connector,2015-05-26,"Ethicon Endo-Surgery, Inc.",2,2015-05-26,2015,Modèle industriel,[Modèle industriel] TITLE: Surgical connector
US-D904612-S,Cartridge for linear surgical stapler,2020-12-08,Ethicon Llc,5,2020-12-08,2020,Modèle industriel,[Modèle industriel] TITLE: Cartridge for linear surgical stapler
US-D789839-S,Screw retention for interbody implant,2017-06-20,"Life Spine, Inc.",5,2017-06-20,2017,Modèle industriel,[Modèle industriel] TITLE: Screw retention for interbody implant
US-D930181-S,Medical device treatment system,2021-09-07,American Sterilizer Company,4,2021-09-07,2021,Modèle industriel,[Modèle industriel] TITLE: Medical device treatment system
US-D963852-S,Controller for medical device,2022-09-13,Memic Innovative Surgery Ltd.,4,2022-09-13,2022,Modèle industriel,[Modèle industriel] TITLE: Controller for medical device
US-D932053-S,Surgical tray for dental implants,2021-09-28,Implant Direct Sybron International Llc,5,2021-09-28,2021,Modèle industriel,[Modèle industriel] TITLE: Surgical tray for dental implants
US-D904613-S,Cartridge for linear surgical stapler,2020-12-08,Ethicon Llc,5,2020-12-08,2020,Modèle industriel,[Modèle industriel] TITLE: Cartridge for linear surgical stapler
US-D843585-S,Medical device console,2019-03-19,General Electric Company,3,2019-03-19,2019,Modèle industriel,[Modèle industriel] TITLE: Medical device console
US-D942011-S,Spinal implant,2022-01-25,Mirus Llc,2,2022-01-25,2022,Modèle industriel,[Modèle industriel] TITLE: Spinal implant
US-D893717-S,Staple cartridge for surgical instrument,2020-08-18,Ethicon Llc,5,2020-08-18,2020,Modèle industriel,[Modèle industriel] TITLE: Staple cartridge for surgical instrument
US-D1003431-S,Cushion for medical device,2023-10-31,Koninklijke Philips N.V.,4,2023-10-31,2023,Modèle industriel,[Modèle industriel] TITLE: Cushion for medical device
US-D907782-S,Surgical control apparatus,2021-01-12,"Intuitive Surgical Operations, Inc.",3,2021-01-12,2021,Modèle industriel,[Modèle industriel] TITLE: Surgical control apparatus
US-D952144-S,Surgical staple cartridge retainer with firing system authentication key,2022-05-17,Cilag Gmbh International,9,2022-05-17,2022,Modèle industriel,[Modèle industriel] TITLE: Surgical staple cartridge retainer with firing system authentication key
US-D964564-S,Surgical staple cartridge retainer with a closure system authentication key,2022-09-20,Cilag Gmbh International,10,2022-09-20,2022,Modèle industriel,[Modèle industriel] TITLE: Surgical staple cartridge retainer with a closure system authentication key
US-D952856-S,Dental implant,2022-05-24,Southern Implants (Pty) Ltd.,2,2022-05-24,2022,Modèle industriel,[Modèle industriel] TITLE: Dental implant
US-D1002013-S,Console for controlling surgical robot,2023-10-17,Cmr Surgical Limited,5,2023-10-17,2023,Modèle industriel,[Modèle industriel] TITLE: Console for controlling surgical robot
US-D892328-S,Intra-cardiac implant,2020-08-04,Chengjun Guo,2,2020-08-04,2020,Modèle industriel,[Modèle industriel] TITLE: Intra-cardiac implant
US-D774651-S,Combined wearable medical device and case,2016-12-20,Zoll Medical Corporation,6,2016-12-20,2016,Modèle industriel,[Modèle industriel] TITLE: Combined wearable medical device and case
US-D944400-S,Spinal implant,2022-02-22,Mirus Llc,2,2022-02-22,2022,Modèle industriel,[Modèle industriel] TITLE: Spinal implant
US-D956977-S,Three dimensional mastopexy implant,2022-07-05,"Tepha, Inc.",4,2022-07-05,2022,Modèle industriel,[Modèle industriel] TITLE: Three dimensional mastopexy implant
US-D833608-S,Stapling head feature for surgical stapler,2018-11-13,Ethicon Llc,6,2018-11-13,2018,Modèle industriel,[Modèle industriel] TITLE: Stapling head feature for surgical stapler
US-D733298-S,Surgical needle device,2015-06-30,Ams Research Corporation,3,2015-06-30,2015,Modèle industriel,[Modèle industriel] TITLE: Surgical needle device
US-D879290-S,Medical device,2020-03-24,Visionflex Llc,2,2020-03-24,2020,Modèle industriel,[Modèle industriel] TITLE: Medical device
US-D865175-S,Staple cartridge for surgical instrument,2019-10-29,Ethicon Llc,5,2019-10-29,2019,Modèle industriel,[Modèle industriel] TITLE: Staple cartridge for surgical instrument
US-D882783-S,Handle for surgical stapler,2020-04-28,Ethicon Llc,4,2020-04-28,2020,Modèle industriel,[Modèle industriel] TITLE: Handle for surgical stapler
US-D961069-S,Clip for surgical or medical purposes,2022-08-16,Palliare Limited,6,2022-08-16,2022,Modèle industriel,[Modèle industriel] TITLE: Clip for surgical or medical purposes
US-D893547-S,Surgical pump display screen or portion thereof with graphical user interface,2020-08-18,"DePuy Synthes Products, Inc.",11,2020-08-18,2020,Modèle industriel,[Modèle industriel] TITLE: Surgical pump display screen or portion thereof with graphical user interface
US-D933227-S,Surgical tool,2021-10-12,"Onpoint Vision, Inc.",2,2021-10-12,2021,Modèle industriel,[Modèle industriel] TITLE: Surgical tool
US-D962433-S,Implant placement guide,2022-08-30,"Intarcia Therapeutics, Inc.",3,2022-08-30,2022,Modèle industriel,[Modèle industriel] TITLE: Implant placement guide
US-D947036-S,Implant package,2022-03-29,Dentsply Sirona Inc.,2,2022-03-29,2022,Modèle industriel,[Modèle industriel] TITLE: Implant package
US-D759819-S,Glenoid implant,2016-06-21,Catalyst Orthopaedics Llc,2,2016-06-21,2016,Modèle industriel,[Modèle industriel] TITLE: Glenoid implant
US-D806245-S,Medical device handle,2017-12-26,The Spectranetics Corporation,3,2017-12-26,2017,Modèle industriel,[Modèle industriel] TITLE: Medical device handle
US-D950728-S,Surgical staple cartridge,2022-05-03,Cilag Gmbh International,3,2022-05-03,2022,Modèle industriel,[Modèle industriel] TITLE: Surgical staple cartridge
US-D855184-S,Implant for bone fixation,2019-07-30,"Life Spine, Inc.",4,2019-07-30,2019,Modèle industriel,[Modèle industriel] TITLE: Implant for bone fixation
US-D833624-S,Medical device,2018-11-13,Masimo Corporation,2,2018-11-13,2018,Modèle industriel,[Modèle industriel] TITLE: Medical device
US-D809139-S,Handle for a medical device,2018-01-30,"Evalve, Inc.",5,2018-01-30,2018,Modèle industriel,[Modèle industriel] TITLE: Handle for a medical device
US-D910177-S,Implant,2021-02-09,"Arrowhead Medical Device Technologies, Llc",1,2021-02-09,2021,Modèle industriel,[Modèle industriel] TITLE: Implant
US-D923797-S,Medical device console,2021-06-29,Galil Medical Inc.,3,2021-06-29,2021,Modèle industriel,[Modèle industriel] TITLE: Medical device console
US-D803396-S,Handle for an endoscopic surgical instrument,2017-11-21,Ethicon Llc,6,2017-11-21,2017,Modèle industriel,[Modèle industriel] TITLE: Handle for an endoscopic surgical instrument
US-D851256-S,Medical device electronic module,2019-06-11,"Dexcom, Inc.",4,2019-06-11,2019,Modèle industriel,[Modèle industriel] TITLE: Medical device electronic module
US-D749223-S,Surgical robot arm on a cart,2016-02-09,KB Medical SA,6,2016-02-09,2016,Modèle industriel,[Modèle industriel] TITLE: Surgical robot arm on a cart
US-D865174-S,Shaft assembly for surgical stapler,2019-10-29,Ethicon Llc,5,2019-10-29,2019,Modèle industriel,[Modèle industriel] TITLE: Shaft assembly for surgical stapler
US-D890926-S,Intervertebral implant,2020-07-21,Tyber Medical Llc,2,2020-07-21,2020,Modèle industriel,[Modèle industriel] TITLE: Intervertebral implant
US-D857201-S,Implant for bone fixation,2019-08-20,"Life Spine, Inc.",4,2019-08-20,2019,Modèle industriel,[Modèle industriel] TITLE: Implant for bone fixation
US-D991971-S,Operating room team display screen with a graphical user interface of a bed and surgical robotic arms icons,2023-07-11,Covidien Lp,18,2023-07-11,2023,Modèle industriel,[Modèle industriel] TITLE: Operating room team display screen with a graphical user interface of a bed and surgical robotic arms icons
US-D784536-S,Medical device,2017-04-18,Pfm Medical Ag,2,2017-04-18,2017,Modèle industriel,[Modèle industriel] TITLE: Medical device
US-D938457-S,Medical device display screen or portion thereof with graphical user interface,2021-12-14,"Tandem Diabetes Care, Inc.",11,2021-12-14,2021,Modèle industriel,[Modèle industriel] TITLE: Medical device display screen or portion thereof with graphical user interface
US-D846738-S,Implant delivery apparatus,2019-04-23,Glaukos Corporation,3,2019-04-23,2019,Modèle industriel,[Modèle industriel] TITLE: Implant delivery apparatus
US-D940327-S,Combination medical device receiver and display,2022-01-04,"Dexcom, Inc.",6,2022-01-04,2022,Modèle industriel,[Modèle industriel] TITLE: Combination medical device receiver and display
US-D872753-S,Display screen or portion thereof with graphical user interface for a medical device,2020-01-14,MAQUET CARDIOPULMONARY GmbH,13,2020-01-14,2020,Modèle industriel,[Modèle industriel] TITLE: Display screen or portion thereof with graphical user interface for a medical device
US-D942623-S,Spinal implant,2022-02-01,Mirus Llc,2,2022-02-01,2022,Modèle industriel,[Modèle industriel] TITLE: Spinal implant
US-D983973-S,Surgical stapler,2023-04-18,Cilag Gmbh International,2,2023-04-18,2023,Modèle industriel,[Modèle industriel] TITLE: Surgical stapler
US-D983379-S,Medical device,2023-04-11,Stryker Corporation,2,2023-04-11,2023,Modèle industriel,[Modèle industriel] TITLE: Medical device
US-D869655-S,Surgical fastener cartridge,2019-12-10,Ethicon Llc,3,2019-12-10,2019,Modèle industriel,[Modèle industriel] TITLE: Surgical fastener cartridge
US-D854151-S,Surgical instrument shaft,2019-07-16,Ethicon Llc,3,2019-07-16,2019,Modèle industriel,[Modèle industriel] TITLE: Surgical instrument shaft
US-D751192-S,Medical device,2016-03-08,Health Line International Corp.,2,2016-03-08,2016,Modèle industriel,[Modèle industriel] TITLE: Medical device
US-D857894-S,Surgical fixation system,2019-08-27,"Nuvasive, Inc.",3,2019-08-27,2019,Modèle industriel,[Modèle industriel] TITLE: Surgical fixation system
US-D857199-S,Orthopedic implant,2019-08-20,"Biomedical Enterprises, Inc.",2,2019-08-20,2019,Modèle industriel,[Modèle industriel] TITLE: Orthopedic implant
US-D738498-S,Sacroiliac surgical guide,2015-09-08,"George Frey, Benjamin Majors, Geoff Lai",3,2015-09-08,2015,Modèle industriel,[Modèle industriel] TITLE: Sacroiliac surgical guide
US-D775336-S,Surgical fastener,2016-12-27,"Ethicon Endo-Surgery, Llc",2,2016-12-27,2016,Modèle industriel,[Modèle industriel] TITLE: Surgical fastener
US-D763442-S,Handpiece for surgical instrument,2016-08-09,"Ethicon Endo-Surgery, Llc",4,2016-08-09,2016,Modèle industriel,[Modèle industriel] TITLE: Handpiece for surgical instrument
US-D802768-S,Medical device,2017-11-14,"Welch Allyn, Inc.",2,2017-11-14,2017,Modèle industriel,[Modèle industriel] TITLE: Medical device
US-D908216-S,Surgical instrument,2021-01-19,Ethicon Llc,2,2021-01-19,2021,Modèle industriel,[Modèle industriel] TITLE: Surgical instrument
US-D831058-S,Medical device control unit display screen with graphical user interface,2018-10-16,Ekos Corporation,10,2018-10-16,2018,Modèle industriel,[Modèle industriel] TITLE: Medical device control unit display screen with graphical user interface
US-D877901-S,Surgical tool,2020-03-10,Coloplast A/S,2,2020-03-10,2020,Modèle industriel,[Modèle industriel] TITLE: Surgical tool
US-D831829-S,Dental implant reusable bite registration post,2018-10-23,Dene S. LeBeau,6,2018-10-23,2018,Modèle industriel,[Modèle industriel] TITLE: Dental implant reusable bite registration post
US-D886119-S,Display screen or portion thereof with a graphical user interface for an ultrasonic surgical console,2020-06-02,Stryker Corporation,15,2020-06-02,2020,Modèle industriel,[Modèle industriel] TITLE: Display screen or portion thereof with a graphical user interface for an ultrasonic surgical console
US-D950734-S,Surgical robot,2022-05-03,"Curexo, Inc.",2,2022-05-03,2022,Modèle industriel,[Modèle industriel] TITLE: Surgical robot
US-D896372-S,Connector for medical device,2020-09-15,"Karl Storz Endovision, Inc.",4,2020-09-15,2020,Modèle industriel,[Modèle industriel] TITLE: Connector for medical device
US-D870294-S,Medical device,2019-12-17,"Vioptix, Inc.",2,2019-12-17,2019,Modèle industriel,[Modèle industriel] TITLE: Medical device
US-D809138-S,Handle for surgical and dental tool,2018-01-30,Premier Dental Products Company,6,2018-01-30,2018,Modèle industriel,[Modèle industriel] TITLE: Handle for surgical and dental tool
US-D719651-S,Handle for a medical device,2014-12-16,Ambu A/S,5,2014-12-16,2014,Modèle industriel,[Modèle industriel] TITLE: Handle for a medical device
US-D870288-S,Spinal interbody fusion implant,2019-12-17,The Regents Of The University Of California,4,2019-12-17,2019,Modèle industriel,[Modèle industriel] TITLE: Spinal interbody fusion implant
US-D884178-S,Orthopedic implant,2020-05-12,"Life Spine, Inc.",2,2020-05-12,2020,Modèle industriel,[Modèle industriel] TITLE: Orthopedic implant
US-D759248-S,Intervertebral implant,2016-06-14,"Nuvasive, Inc.",2,2016-06-14,2016,Modèle industriel,[Modèle industriel] TITLE: Intervertebral implant
US-D897537-S,Surgical apparatus,2020-09-29,"Intuitive Surgical Operations, Inc.",2,2020-09-29,2020,Modèle industriel,[Modèle industriel] TITLE: Surgical apparatus
US-D933820-S,Handle for surgical device,2021-10-19,Olympus Corporation,4,2021-10-19,2021,Modèle industriel,[Modèle industriel] TITLE: Handle for surgical device
US-D821593-S,Electro-dermal patch for use as a medical device,2018-06-26,"Elira, Inc.",8,2018-06-26,2018,Modèle industriel,[Modèle industriel] TITLE: Electro-dermal patch for use as a medical device
US-D1049376-S,Surgical instrument,2024-10-29,Cilag Gmbh International,2,2024-10-29,2024,Modèle industriel,[Modèle industriel] TITLE: Surgical instrument
US-D980976-S,Surgical cannula guide,2023-03-14,"New York Society For The Relief Of The Ruptured And Crippled, Maintaining The Hospital For Special Surgery",3,2023-03-14,2023,Modèle industriel,[Modèle industriel] TITLE: Surgical cannula guide
US-D1012284-S,Medical device system and removable connectors set,2024-01-23,"Boston Scientific Scimed, Inc.",7,2024-01-23,2024,Modèle industriel,[Modèle industriel] TITLE: Medical device system and removable connectors set
US-D824518-S,Spinal implant,2018-07-31,"K2M, Inc.",2,2018-07-31,2018,Modèle industriel,[Modèle industriel] TITLE: Spinal implant
US-D840360-S,Hand controller for controlling surgical robot,2019-02-12,Cmr Surgical Limited,6,2019-02-12,2019,Modèle industriel,[Modèle industriel] TITLE: Hand controller for controlling surgical robot
US-D1040348-S,Lip implant,2024-08-27,"Surgisil, L.L.P.",2,2024-08-27,2024,Modèle industriel,[Modèle industriel] TITLE: Lip implant
US-D870279-S,Medical device handle,2019-12-17,Koninklijke Philips N.V.,3,2019-12-17,2019,Modèle industriel,[Modèle industriel] TITLE: Medical device handle
US-D820441-S,Surgical handpiece nosecone,2018-06-12,Integra Lifesciences Nr Ireland Limited,3,2018-06-12,2018,Modèle industriel,[Modèle industriel] TITLE: Surgical handpiece nosecone
US-D898197-S,Spinal implant,2020-10-06,Mirus Llc,2,2020-10-06,2020,Modèle industriel,[Modèle industriel] TITLE: Spinal implant
US-D942018-S,Medical device console,2022-01-25,Galil Medical Inc.,3,2022-01-25,2022,Modèle industriel,[Modèle industriel] TITLE: Medical device console
US-D1040821-S,Display screen or portion thereof with animated graphical user interface of a base station for a surgical probe,2024-09-03,Endomagnetics Ltd,18,2024-09-03,2024,Modèle industriel,[Modèle industriel] TITLE: Display screen or portion thereof with animated graphical user interface of a base station for a surgical probe
US-D846119-S,Lighted surgical retractor base,2019-04-16,Medtronic Advanced Energy Llc,4,2019-04-16,2019,Modèle industriel,[Modèle industriel] TITLE: Lighted surgical retractor base
US-D733303-S,Intervertebral implant,2015-06-30,"Nuvasive, Inc.",2,2015-06-30,2015,Modèle industriel,[Modèle industriel] TITLE: Intervertebral implant
US-D1009930-S,Display screen of a medical device with icon,2024-01-02,Gambro Lundia Ab,8,2024-01-02,2024,Modèle industriel,[Modèle industriel] TITLE: Display screen of a medical device with icon
US-D888946-S,Medical device handle,2020-06-30,Abbott Cardiovascular Systems Inc.,3,2020-06-30,2020,Modèle industriel,[Modèle industriel] TITLE: Medical device handle
US-D831831-S,Base for medical device electronic module,2018-10-23,"Dexcom, Inc.",6,2018-10-23,2018,Modèle industriel,[Modèle industriel] TITLE: Base for medical device electronic module
US-D914882-S,Medical device inserter,2021-03-30,"Dexcom, Inc.",3,2021-03-30,2021,Modèle industriel,[Modèle industriel] TITLE: Medical device inserter
US-D834193-S,Surgical stent,2018-11-20,"St. Jude Medical, Cardiology Division, Inc.",2,2018-11-20,2018,Modèle industriel,[Modèle industriel] TITLE: Surgical stent
US-D928969-S,Surgical robot arm,2021-08-24,Cmr Surgical Limited,3,2021-08-24,2021,Modèle industriel,[Modèle industriel] TITLE: Surgical robot arm
US-D858767-S,Surgical clip applier device,2019-09-03,Ethicon Llc,4,2019-09-03,2019,Modèle industriel,[Modèle industriel] TITLE: Surgical clip applier device
US-D958151-S,Display screen with a graphical user interface for surgical planning,2022-07-19,"Carlsmed, Inc.",10,2022-07-19,2022,Modèle industriel,[Modèle industriel] TITLE: Display screen with a graphical user interface for surgical planning
US-D1010816-S,User-wearable holder for medical device,2024-01-09,"Tandem Diabetes Care, Inc.",5,2024-01-09,2024,Modèle industriel,[Modèle industriel] TITLE: User-wearable holder for medical device
US-D858769-S,Intervertebral implant,2019-09-03,"Nuvasive, Inc.",2,2019-09-03,2019,Modèle industriel,[Modèle industriel] TITLE: Intervertebral implant
US-D891618-S,Orthopedic implant,2020-07-28,"DePuy Synthes Products, Inc.",2,2020-07-28,2020,Modèle industriel,[Modèle industriel] TITLE: Orthopedic implant
US-D808016-S,Healing scan body for dental implant,2018-01-16,"Truabutment Korea, Inc.",6,2018-01-16,2018,Modèle industriel,[Modèle industriel] TITLE: Healing scan body for dental implant
US-D847336-S,Parallel surgical guide spacer,2019-04-30,Sicage Llc,4,2019-04-30,2019,Modèle industriel,[Modèle industriel] TITLE: Parallel surgical guide spacer
US-D927689-S,Three dimensional mastopexy implant,2021-08-10,"Tepha, Inc.",4,2021-08-10,2021,Modèle industriel,[Modèle industriel] TITLE: Three dimensional mastopexy implant
US-D906355-S,Display screen or portion thereof with a graphical user interface for a surgical instrument,2020-12-29,Ethicon Llc,14,2020-12-29,2020,Modèle industriel,[Modèle industriel] TITLE: Display screen or portion thereof with a graphical user interface for a surgical instrument
US-D914201-S,Medical connector contamination prevention device,2021-03-23,"Splash Medical Devices, LLC",5,2021-03-23,2021,Modèle industriel,[Modèle industriel] TITLE: Medical connector contamination prevention device
US-D875931-S,Parallel surgical guide spacer,2020-02-18,Sicage Llc,4,2020-02-18,2020,Modèle industriel,[Modèle industriel] TITLE: Parallel surgical guide spacer
US-D1006991-S,Surgical bur assembly,2023-12-05,Stryker European Operations Limited,3,2023-12-05,2023,Modèle industriel,[Modèle industriel] TITLE: Surgical bur assembly
US-D785794-S,Adapter for a surgical device,2017-05-02,"Gyrus Acmi, Inc.",5,2017-05-02,2017,Modèle industriel,[Modèle industriel] TITLE: Adapter for a surgical device
US-D914878-S,Surgical instrument anvil,2021-03-30,Ethicon Llc,3,2021-03-30,2021,Modèle industriel,[Modèle industriel] TITLE: Surgical instrument anvil
US-D998802-S,Surgical robot body,2023-09-12,"Curexo, Inc.",3,2023-09-12,2023,Modèle industriel,[Modèle industriel] TITLE: Surgical robot body
US-D828557-S,Surgical clip,2018-09-11,Conmed Corporation,2,2018-09-11,2018,Modèle industriel,[Modèle industriel] TITLE: Surgical clip
US-D942624-S,Spinal implant,2022-02-01,Mirus Llc,2,2022-02-01,2022,Modèle industriel,[Modèle industriel] TITLE: Spinal implant
US-D836199-S,End effector for a surgical stapler,2018-12-18,Ethicon Llc,6,2018-12-18,2018,Modèle industriel,[Modèle industriel] TITLE: End effector for a surgical stapler
US-D767762-S,Intervertebral implant,2016-09-27,"Nuvasive, Inc.",2,2016-09-27,2016,Modèle industriel,[Modèle industriel] TITLE: Intervertebral implant
US-D735336-S,Intervertebral implant,2015-07-28,"Nuvasive, Inc.",2,2015-07-28,2015,Modèle industriel,[Modèle industriel] TITLE: Intervertebral implant
US-D884180-S,Bone wedge implant,2020-05-12,"Paragon 28, Inc.",3,2020-05-12,2020,Modèle industriel,[Modèle industriel] TITLE: Bone wedge implant
US-D976399-S,Surgical instrument,2023-01-24,Microbot Medical Ltd.,2,2023-01-24,2023,Modèle industriel,[Modèle industriel] TITLE: Surgical instrument
US-D970015-S,Surgical robot arm,2022-11-15,"Curexo, Inc.",3,2022-11-15,2022,Modèle industriel,[Modèle industriel] TITLE: Surgical robot arm
US-RE48501-E,Cage spinal implant,2021-04-06,"Providence Medical Technology, Inc.",3,2021-04-06,2021,Modèle industriel,[Modèle industriel] TITLE: Cage spinal implant
US-D734475-S,Surgical console,2015-07-14,Abbott Medical Optics Inc.,2,2015-07-14,2015,Modèle industriel,[Modèle industriel] TITLE: Surgical console
US-D856345-S,Display screen with graphical user interface for a multimode surgical console,2019-08-13,Stryker Corporation,11,2019-08-13,2019,Modèle industriel,[Modèle industriel] TITLE: Display screen with graphical user interface for a multimode surgical console
US-D892141-S,Display screen with graphic user interface for a surgical console,2020-08-04,Stryker Corporation,10,2020-08-04,2020,Modèle industriel,[Modèle industriel] TITLE: Display screen with graphic user interface for a surgical console
US-D705929-S,Surgical guide,2014-05-27,George A. Frey,2,2014-05-27,2014,Modèle industriel,[Modèle industriel] TITLE: Surgical guide
US-D672038-S,Surgical guide,2012-12-04,George Frey,2,2012-12-04,2012,Modèle industriel,[Modèle industriel] TITLE: Surgical guide
US-D700322-S,Intervertebral surgical tool,2014-02-25,Jeffrey B. Kleiner,3,2014-02-25,2014,Modèle industriel,[Modèle industriel] TITLE: Intervertebral surgical tool
US-D578644-S,Medical device delivery handle,2008-10-14,Abbott Laboratories,4,2008-10-14,2008,Modèle industriel,[Modèle industriel] TITLE: Medical device delivery handle
US-D661803-S,User interface for a surgical instrument,2012-06-12,"Ethicon Endo-Surgery, Inc.",6,2012-06-12,2012,Modèle industriel,[Modèle industriel] TITLE: User interface for a surgical instrument
US-D708742-S,Handle for medical device,2014-07-08,Karl Storz Gmbh & Co. Kg,4,2014-07-08,2014,Modèle industriel,[Modèle industriel] TITLE: Handle for medical device
US-D650074-S,Surgical instrument,2011-12-06,"Ethicon Endo-Surgery, Inc.",2,2011-12-06,2011,Modèle industriel,[Modèle industriel] TITLE: Surgical instrument
US-D685907-S,Handle for a surgical instrument,2013-07-09,"Imds Corporation, Adrian Park",5,2013-07-09,2013,Modèle industriel,[Modèle industriel] TITLE: Handle for a surgical instrument
US-D706433-S,Medical device,2014-06-03,"Activator Methods International, Ltd",2,2014-06-03,2014,Modèle industriel,[Modèle industriel] TITLE: Medical device
US-D618797-S,Handle assembly for surgical instrument,2010-06-29,"Ethicon Endo-Surgery, Inc.",5,2010-06-29,2010,Modèle industriel,[Modèle industriel] TITLE: Handle assembly for surgical instrument
US-D576725-S,Medical device delivery handle,2008-09-09,"Abbot Laboratories, Inc.",4,2008-09-09,2008,Modèle industriel,[Modèle industriel] TITLE: Medical device delivery handle
US-D628289-S,Surgical instrument handle,2010-11-30,Tyco Healthcare Group Lp,3,2010-11-30,2010,Modèle industriel,[Modèle industriel] TITLE: Surgical instrument handle
US-D653343-S,Surgical cuff,2012-01-31,"St. Jude Medical, Inc.",2,2012-01-31,2012,Modèle industriel,[Modèle industriel] TITLE: Surgical cuff
US-D627066-S,Surgical instrument handle,2010-11-09,Tyco Healthcare Group Lp,3,2010-11-09,2010,Modèle industriel,[Modèle industriel] TITLE: Surgical instrument handle
US-D634010-S,Medical device indicator guide,2011-03-08,"Vivant Medical, Inc.",4,2011-03-08,2011,Modèle industriel,[Modèle industriel] TITLE: Medical device indicator guide
US-D652927-S,Surgical stent,2012-01-24,"St. Jude Medical, Inc.",2,2012-01-24,2012,Modèle industriel,[Modèle industriel] TITLE: Surgical stent
US-D637713-S,Medical device adaptor,2011-05-10,Carmel Pharma Ab,3,2011-05-10,2011,Modèle industriel,[Modèle industriel] TITLE: Medical device adaptor
US-D660433-S,Surgical stent assembly,2012-05-22,"St. Jude Medical, Inc.",3,2012-05-22,2012,Modèle industriel,[Modèle industriel] TITLE: Surgical stent assembly
US-D653341-S,Surgical stent,2012-01-31,"St. Jude Medical, Inc.",2,2012-01-31,2012,Modèle industriel,[Modèle industriel] TITLE: Surgical stent
US-D637288-S,Surgical handpiece,2011-05-03,Conmed Corporation,2,2011-05-03,2011,Modèle industriel,[Modèle industriel] TITLE: Surgical handpiece
US-D631966-S,Basilar invagination implant,2011-02-01,"Globus Medical, Inc.",3,2011-02-01,2011,Modèle industriel,[Modèle industriel] TITLE: Basilar invagination implant
US-D578645-S,Medical device delivery handle,2008-10-14,Abbott Laboratories,4,2008-10-14,2008,Modèle industriel,[Modèle industriel] TITLE: Medical device delivery handle
US-D628290-S,Surgical instrument handle,2010-11-30,Tyco Healthcare Group Lp,3,2010-11-30,2010,Modèle industriel,[Modèle industriel] TITLE: Surgical instrument handle
US-D629108-S,Spinal implant,2010-12-14,Ulrich Gmbh & Co. Kg,2,2010-12-14,2010,Modèle industriel,[Modèle industriel] TITLE: Spinal implant
US-D630324-S,Dissecting surgical jaw,2011-01-04,Tyco Healthcare Group Lp,3,2011-01-04,2011,Modèle industriel,[Modèle industriel] TITLE: Dissecting surgical jaw
US-D578643-S,Medical device delivery handle,2008-10-14,Abbott Laboratories,4,2008-10-14,2008,Modèle industriel,[Modèle industriel] TITLE: Medical device delivery handle
US-D687549-S,Surgical instrument,2013-08-06,"Ethicon Endo-Surgery, Inc.",2,2013-08-06,2013,Modèle industriel,[Modèle industriel] TITLE: Surgical instrument
US-D669176-S,Surgical guide,2012-10-16,George Frey,2,2012-10-16,2012,Modèle industriel,[Modèle industriel] TITLE: Surgical guide
US-D660967-S,Surgical stent,2012-05-29,"St. Jude Medical, Inc.",2,2012-05-29,2012,Modèle industriel,[Modèle industriel] TITLE: Surgical stent
US-D626233-S,Expandable intervertebral implant,2010-10-26,Stryker Spine,3,2010-10-26,2010,Modèle industriel,[Modèle industriel] TITLE: Expandable intervertebral implant
US-D622854-S,Patellofemoral implant,2010-08-31,"Mako Surgical Corp., University Of Florida Research Foundation, Inc.",2,2010-08-31,2010,Modèle industriel,[Modèle industriel] TITLE: Patellofemoral implant
US-D594986-S,Intervertebral implant,2009-06-23,"Nuvasive, Inc.",2,2009-06-23,2009,Modèle industriel,[Modèle industriel] TITLE: Intervertebral implant
US-D598109-S,Graphical user interface module for patient-operated medical device,2009-08-11,Deka Products Limited Partnership,8,2009-08-11,2009,Modèle industriel,[Modèle industriel] TITLE: Graphical user interface module for patient-operated medical device
US-D587372-S,Abutment for a dental implant,2009-02-24,Straumann Holding Ag,5,2009-02-24,2009,Modèle industriel,[Modèle industriel] TITLE: Abutment for a dental implant
US-D623749-S,Cervical spinal implant,2010-09-14,"Horton Kenneth L, Robert Masson",3,2010-09-14,2010,Modèle industriel,[Modèle industriel] TITLE: Cervical spinal implant
US-D720071-S,Vertebral implant,2014-12-23,"Bruce H. Robie, Eric Woodard",2,2014-12-23,2014,Modèle industriel,[Modèle industriel] TITLE: Vertebral implant
US-D650481-S,Intervertebral body fusion implant device,2011-12-13,"Jamie Gottlieb, David Janice",5,2011-12-13,2011,Modèle industriel,[Modèle industriel] TITLE: Intervertebral body fusion implant device
US-D611147-S,Spinal implant,2010-03-02,"Zimmer Spine, Inc.",2,2010-03-02,2010,Modèle industriel,[Modèle industriel] TITLE: Spinal implant
US-D615653-S,Spinal implant,2010-05-11,Horton Kenneth L,2,2010-05-11,2010,Modèle industriel,[Modèle industriel] TITLE: Spinal implant
US-D587807-S,Surgical suture anchor,2009-03-03,"Rose Wolf, Jordan Christopher S",3,2009-03-03,2009,Modèle industriel,[Modèle industriel] TITLE: Surgical suture anchor
US-D708747-S,Spinal fusion implant,2014-07-08,"Nuvasive, Inc.",3,2014-07-08,2014,Modèle industriel,[Modèle industriel] TITLE: Spinal fusion implant
US-D720067-S,Medical device,2014-12-23,Carmel Pharma Ab,2,2014-12-23,2014,Modèle industriel,[Modèle industriel] TITLE: Medical device
US-D631551-S,Medical device,2011-01-25,Maquet Critical Care Ab,2,2011-01-25,2011,Modèle industriel,[Modèle industriel] TITLE: Medical device
US-D599019-S,Spinal fusion implant,2009-08-25,"Nuvasive, Inc.",3,2009-08-25,2009,Modèle industriel,[Modèle industriel] TITLE: Spinal fusion implant
US-D674900-S,Intervertebral body fusion implant device,2013-01-22,"David Janice, Hildebrand Timothy W",5,2013-01-22,2013,Modèle industriel,[Modèle industriel] TITLE: Intervertebral body fusion implant device
US-D603502-S,Surgical impactor,2009-11-03,Orthopedic Development Corporation,2,2009-11-03,2009,Modèle industriel,[Modèle industriel] TITLE: Surgical impactor
US-D667111-S,Handle for surgical instrument,2012-09-11,Surgical Innovations Limited,4,2012-09-11,2012,Modèle industriel,[Modèle industriel] TITLE: Handle for surgical instrument
US-D623748-S,Cervical spinal implant with lock,2010-09-14,"Horton Kenneth L, Robert Masson",5,2010-09-14,2010,Modèle industriel,[Modèle industriel] TITLE: Cervical spinal implant with lock
US-D605762-S,Surgical stapler cartridge,2009-12-08,"Ethicon Endo-Surgery, Inc.",3,2009-12-08,2009,Modèle industriel,[Modèle industriel] TITLE: Surgical stapler cartridge
US-D565743-S,Surgical container with applicators,2008-04-01,"Vector Surgical, Inc.",4,2008-04-01,2008,Modèle industriel,[Modèle industriel] TITLE: Surgical container with applicators
US-D641080-S,Medical device having syringe port with locking mechanism,2011-07-05,Medimop Medical Projects Ltd.,8,2011-07-05,2011,Modèle industriel,[Modèle industriel] TITLE: Medical device having syringe port with locking mechanism
US-D608456-S,Surgical instrument tray,2010-01-19,"Sandel Medical Industries, Llc",3,2010-01-19,2010,Modèle industriel,[Modèle industriel] TITLE: Surgical instrument tray
US-D677791-S,Intervertebral implant,2013-03-12,"Zimmer Spine, Inc.",2,2013-03-12,2013,Modèle industriel,[Modèle industriel] TITLE: Intervertebral implant
US-D593202-S,Surgical spatula,2009-05-26,Orthopedic Development Corporation,2,2009-05-26,2009,Modèle industriel,[Modèle industriel] TITLE: Surgical spatula
US-D797934-S,Spinal fusion implant,2017-09-19,"Nuvasive, Inc.",3,2017-09-19,2017,Modèle industriel,[Modèle industriel] TITLE: Spinal fusion implant
US-D629900-S,Surgical cutting guide device,2010-12-28,"Synvasive Technology, Inc.",4,2010-12-28,2010,Modèle industriel,[Modèle industriel] TITLE: Surgical cutting guide device
US-D618884-S,Surgical gown,2010-07-06,Qin Zhu,2,2010-07-06,2010,Modèle industriel,[Modèle industriel] TITLE: Surgical gown
US-D580551-S,Spinal implant,2008-11-11,"Zimmer Spine, Inc.",2,2008-11-11,2008,Modèle industriel,[Modèle industriel] TITLE: Spinal implant
US-D640858-S,Surgical scrub V-neck shirt,2011-07-05,Allegiance Corporation,4,2011-07-05,2011,Modèle industriel,[Modèle industriel] TITLE: Surgical scrub V-neck shirt
US-D681205-S,Intervertebral body spacer implant,2013-04-30,"Nanovis, LLC",4,2013-04-30,2013,Modèle industriel,[Modèle industriel] TITLE: Intervertebral body spacer implant
US-D703337-S,Medical device,2014-04-22,"Activator Methods International, Ltd",2,2014-04-22,2014,Modèle industriel,[Modèle industriel] TITLE: Medical device
US-D655424-S,Cassette for a medical device,2012-03-06,"Becton, Dickinson And Company",5,2012-03-06,2012,Modèle industriel,[Modèle industriel] TITLE: Cassette for a medical device
US-D601251-S,Surgical instrument,2009-09-29,"Horton Kenneth L, Reardon Joshua J",2,2009-09-29,2009,Modèle industriel,[Modèle industriel] TITLE: Surgical instrument
US-D678895-S,Display screen of a medical device with user interface icons,2013-03-26,Maquet Cardiovascular Llc,10,2013-03-26,2013,Modèle industriel,[Modèle industriel] TITLE: Display screen of a medical device with user interface icons
US-D608015-S,Surgical instrument tray,2010-01-12,"Sandel Medical Industries, Llc",3,2010-01-12,2010,Modèle industriel,[Modèle industriel] TITLE: Surgical instrument tray
US-D646463-S,Reusable surgical gowns,2011-10-11,Lac-Mac Limited,3,2011-10-11,2011,Modèle industriel,[Modèle industriel] TITLE: Reusable surgical gowns
US-D588699-S,Dental implant,2009-03-17,"Bti, I+D, S.L.",2,2009-03-17,2009,Modèle industriel,[Modèle industriel] TITLE: Dental implant
US-D620113-S,Interbody fusion device implant,2010-07-20,Eminent Spine Llc,4,2010-07-20,2010,Modèle industriel,[Modèle industriel] TITLE: Interbody fusion device implant
US-D637721-S,Spinal implant,2011-05-10,Horton Kenneth L,2,2011-05-10,2011,Modèle industriel,[Modèle industriel] TITLE: Spinal implant
US-D618442-S,Surgical scrub v-neck shirt,2010-06-29,Allegiance Corporation,4,2010-06-29,2010,Modèle industriel,[Modèle industriel] TITLE: Surgical scrub v-neck shirt
US-D674181-S,Medical device case,2013-01-15,Lifescan Scotland Limited,3,2013-01-15,2013,Modèle industriel,[Modèle industriel] TITLE: Medical device case
US-D697209-S,Sacroiliac joint implant,2014-01-07,"NuTech Spine, Inc.",3,2014-01-07,2014,Modèle industriel,[Modèle industriel] TITLE: Sacroiliac joint implant
US-D647628-S,"Storage module for surgical devices, in particular for boneplate templates",2011-10-25,Stryker Leibinger Gmbh & Co. Kg,10,2011-10-25,2011,Modèle industriel,"[Modèle industriel] TITLE: Storage module for surgical devices, in particular for boneplate templates"
US-D632783-S,Connector for medical device,2011-02-15,Karl Storz Gmbh & Co. Kg,4,2011-02-15,2011,Modèle industriel,[Modèle industriel] TITLE: Connector for medical device
US-D610257-S,Surgical drill guide,2010-02-16,Horton Kenneth L,3,2010-02-16,2010,Modèle industriel,[Modèle industriel] TITLE: Surgical drill guide
US-D685087-S,Surgical instrument sleeve,2013-06-25,Misonix Incorporated,3,2013-06-25,2013,Modèle industriel,[Modèle industriel] TITLE: Surgical instrument sleeve
US-D595853-S,Spinal implant,2009-07-07,"Zimmer Spine, Inc.",2,2009-07-07,2009,Modèle industriel,[Modèle industriel] TITLE: Spinal implant
US-D636872-S,Handgrip for medical device,2011-04-26,Karl Storz Gmbh & Co. Kg,4,2011-04-26,2011,Modèle industriel,[Modèle industriel] TITLE: Handgrip for medical device
US-D685091-S,Surgical knife safety handle guard,2013-06-25,"Beaver-Vistec International (US), Inc.",5,2013-06-25,2013,Modèle industriel,[Modèle industriel] TITLE: Surgical knife safety handle guard
US-D580057-S,Orthopaedic implant,2008-11-04,"Wright Medical Technology, Inc.",2,2008-11-04,2008,Modèle industriel,[Modèle industriel] TITLE: Orthopaedic implant
US-D691710-S,Medical device inserter,2013-10-15,Abbott Diabetes Care Inc.,3,2013-10-15,2013,Modèle industriel,[Modèle industriel] TITLE: Medical device inserter
US-D652503-S,Medical device,2012-01-17,Cequr Sa,2,2012-01-17,2012,Modèle industriel,[Modèle industriel] TITLE: Medical device
US-D710014-S,Interactive medical device booklet,2014-07-29,"Aum Cardiovascular, Inc.",4,2014-07-29,2014,Modèle industriel,[Modèle industriel] TITLE: Interactive medical device booklet
US-D634843-S,Handheld surgical depth instrument with rectangular body,2011-03-22,Eidosmed Llc,7,2011-03-22,2011,Modèle industriel,[Modèle industriel] TITLE: Handheld surgical depth instrument with rectangular body
US-D626234-S,Tibial implant,2010-10-26,Mako Surgical Corp.,2,2010-10-26,2010,Modèle industriel,[Modèle industriel] TITLE: Tibial implant
US-RE40755-E,Needle-bearing medical device,2009-06-23,"Mdc Investment Holdings, Inc.",3,2009-06-23,2009,Modèle industriel,[Modèle industriel] TITLE: Needle-bearing medical device
US-D835788-S,Interbody fusion implant,2018-12-11,HD LifeSciences LLC,3,2018-12-11,2018,Modèle industriel,[Modèle industriel] TITLE: Interbody fusion implant
US-D677798-S,Medical device package tray,2013-03-12,"Angiodynamics, Inc.",4,2013-03-12,2013,Modèle industriel,[Modèle industriel] TITLE: Medical device package tray
US-D583945-S,Dental implant,2008-12-30,"Biotechnology Institute, I Mas D, S.L.",2,2008-12-30,2008,Modèle industriel,[Modèle industriel] TITLE: Dental implant
US-D603512-S,Dental implant,2009-11-03,Silvio Franco Emanuelli,2,2009-11-03,2009,Modèle industriel,[Modèle industriel] TITLE: Dental implant
US-D692136-S,Intervertebral implant,2013-10-22,"Tyber Medical, LLC",2,2013-10-22,2013,Modèle industriel,[Modèle industriel] TITLE: Intervertebral implant
US-D874009-S,Medical device,2020-01-28,BTL Industries Ltd.,2,2020-01-28,2020,Modèle industriel,[Modèle industriel] TITLE: Medical device
US-D581538-S,Surgical implant,2008-11-25,Horton Kenneth L,2,2008-11-25,2008,Modèle industriel,[Modèle industriel] TITLE: Surgical implant
US-D647613-S,Ergonomic handle for medical device,2011-10-25,"Kimberly-Clark, Inc.",5,2011-10-25,2011,Modèle industriel,[Modèle industriel] TITLE: Ergonomic handle for medical device
US-D945610-S,Surgical retractor,2022-03-08,"Warsaw Orthopedic, Inc.",2,2022-03-08,2022,Modèle industriel,[Modèle industriel] TITLE: Surgical retractor
US-D577122-S,Dental implant,2008-09-16,"Biotechnology Institute, I Mas D, S.L.",2,2008-09-16,2008,Modèle industriel,[Modèle industriel] TITLE: Dental implant
US-D619707-S,Surgical manipulator,2010-07-13,Insitu Systems Limited,2,2010-07-13,2010,Modèle industriel,[Modèle industriel] TITLE: Surgical manipulator
US-D604855-S,Medical device,2009-11-24,PWB Health Ltd.,2,2009-11-24,2009,Modèle industriel,[Modèle industriel] TITLE: Medical device
US-D600806-S,Cannulated surgical instrument,2009-09-22,"Horton Kenneth L, Reardon Joshua J",3,2009-09-22,2009,Modèle industriel,[Modèle industriel] TITLE: Cannulated surgical instrument
US-D638935-S,Medical device handle,2011-05-31,Abbott Cardiovascular Systems Inc.,3,2011-05-31,2011,Modèle industriel,[Modèle industriel] TITLE: Medical device handle
US-D626238-S,Anterior posterior surgical stand and tray,2010-10-26,Zinnanti Thomas J,6,2010-10-26,2010,Modèle industriel,[Modèle industriel] TITLE: Anterior posterior surgical stand and tray
US-D720470-S,Surgical tray,2014-12-30,"Op-Marks, Inc.",2,2014-12-30,2014,Modèle industriel,[Modèle industriel] TITLE: Surgical tray
US-D709194-S,Handle for surgical instrument,2014-07-15,"Ethicon Endo-Surgery, Inc.",4,2014-07-15,2014,Modèle industriel,[Modèle industriel] TITLE: Handle for surgical instrument
US-D855180-S,Surgical instrument,2019-07-30,Eduard Haefliger,2,2019-07-30,2019,Modèle industriel,[Modèle industriel] TITLE: Surgical instrument
US-D775335-S,Multi-level surgical guide,2016-12-27,"Mighty Oak Medical, Inc.",3,2016-12-27,2016,Modèle industriel,[Modèle industriel] TITLE: Multi-level surgical guide
US-D745156-S,Spinal implant,2015-12-08,"Providence Medical Technology, Inc.",2,2015-12-08,2015,Modèle industriel,[Modèle industriel] TITLE: Spinal implant
US-D724726-S,Surgical handpiece,2015-03-17,"Smith & Nephew, Inc.",2,2015-03-17,2015,Modèle industriel,[Modèle industriel] TITLE: Surgical handpiece
US-D666295-S,Dental implant,2012-08-28,Hung William Y S,2,2012-08-28,2012,Modèle industriel,[Modèle industriel] TITLE: Dental implant
US-D603513-S,Dental implant,2009-11-03,Silvio Franco Emanuelli,2,2009-11-03,2009,Modèle industriel,[Modèle industriel] TITLE: Dental implant
US-D861864-S,Operating unit for surgical device,2019-10-01,Olympus Corporation,5,2019-10-01,2019,Modèle industriel,[Modèle industriel] TITLE: Operating unit for surgical device
US-D716470-S,Surgical device,2014-10-28,"P Tech, Llc",2,2014-10-28,2014,Modèle industriel,[Modèle industriel] TITLE: Surgical device
US-D724207-S,Surgical retractor,2015-03-10,Cardioprecision Limited,2,2015-03-10,2015,Modèle industriel,[Modèle industriel] TITLE: Surgical retractor
US-D683016-S,Medical device with lateral aperture,2013-05-21,Baylis Medical Company Inc,5,2013-05-21,2013,Modèle industriel,[Modèle industriel] TITLE: Medical device with lateral aperture
US-D576278-S,Surgical stapler,2008-09-02,"Ethicon Endo-Surgery, Inc.",2,2008-09-02,2008,Modèle industriel,[Modèle industriel] TITLE: Surgical stapler
US-D777921-S,Interbody bone implant,2017-01-31,"Spinal Elements, Inc.",3,2017-01-31,2017,Modèle industriel,[Modèle industriel] TITLE: Interbody bone implant
US-D720070-S,Surgical instrument handle,2014-12-23,Ben M. Khalaj,3,2014-12-23,2014,Modèle industriel,[Modèle industriel] TITLE: Surgical instrument handle
US-D667955-S,Dental implant,2012-09-25,Frank-Peter Spahn,2,2012-09-25,2012,Modèle industriel,[Modèle industriel] TITLE: Dental implant
US-D606195-S,Interspinous implant,2009-12-15,"Paradigm Spine, Llc",2,2009-12-15,2009,Modèle industriel,[Modèle industriel] TITLE: Interspinous implant
US-D680654-S,Medical support device,2013-04-23,Katia Borreli,3,2013-04-23,2013,Modèle industriel,[Modèle industriel] TITLE: Medical support device
US-D1048417-S,Patch to secure a medical device,2024-10-22,A & M Wassink Investments Pty Ltd,6,2024-10-22,2024,Modèle industriel,[Modèle industriel] TITLE: Patch to secure a medical device
US-D721814-S,Remote control for a surgical console,2015-01-27,"Alcon Research, Ltd.",6,2015-01-27,2015,Modèle industriel,[Modèle industriel] TITLE: Remote control for a surgical console
US-D785179-S,Post part for a dental implant,2017-04-25,Silvio Franco Emanuelli,6,2017-04-25,2017,Modèle industriel,[Modèle industriel] TITLE: Post part for a dental implant
US-D749727-S,Surgical navigation tool,2016-02-16,"Stryker European Holdings, I, Llc",3,2016-02-16,2016,Modèle industriel,[Modèle industriel] TITLE: Surgical navigation tool
US-D749730-S,Blade for ultrasonic surgical instrument,2016-02-16,"Ethicon Endo-Surgery, Llc",5,2016-02-16,2016,Modèle industriel,[Modèle industriel] TITLE: Blade for ultrasonic surgical instrument
US-D628694-S,Medical device,2010-12-07,Karl Storz Gmbh & Co. Kg,2,2010-12-07,2010,Modèle industriel,[Modèle industriel] TITLE: Medical device
US-D612052-S,Handle for ophthalmic surgical instrument,2010-03-16,"Alcon Research, Ltd.",5,2010-03-16,2010,Modèle industriel,[Modèle industriel] TITLE: Handle for ophthalmic surgical instrument
US-D717810-S,Display for medical device,2014-11-18,Aerocrine Ab,4,2014-11-18,2014,Modèle industriel,[Modèle industriel] TITLE: Display for medical device
US-D927687-S,Surgical instrument handle,2021-08-10,GetSet Surgical SA,3,2021-08-10,2021,Modèle industriel,[Modèle industriel] TITLE: Surgical instrument handle
US-D850625-S,Medical device for extra-corporeal heart and/or lung support,2019-06-04,MAQUET CARDIOPULMONARY GmbH,8,2019-06-04,2019,Modèle industriel,[Modèle industriel] TITLE: Medical device for extra-corporeal heart and/or lung support
US-D918032-S,Package for medical device,2021-05-04,"Millennium Pharmaceuticals, Inc.",4,2021-05-04,2021,Modèle industriel,[Modèle industriel] TITLE: Package for medical device
US-D817493-S,Removing apparatus of abutment for dental implant,2018-05-08,EBI Inc.,7,2018-05-08,2018,Modèle industriel,[Modèle industriel] TITLE: Removing apparatus of abutment for dental implant
US-D679011-S,Handle of surgical instrument,2013-03-26,Olympus Medical Systems Corp.,4,2013-03-26,2013,Modèle industriel,[Modèle industriel] TITLE: Handle of surgical instrument
US-D599015-S,Surgical dilator impactor,2009-08-25,Orthopedic Development Corporation,3,2009-08-25,2009,Modèle industriel,[Modèle industriel] TITLE: Surgical dilator impactor
US-D567947-S,Implant abutment,2008-04-29,"Lerner Sheldon A, Albert Zickman",2,2008-04-29,2008,Modèle industriel,[Modèle industriel] TITLE: Implant abutment
US-D634011-S,Surgical clip,2011-03-08,"Michael Phillips, Janet Phillips",2,2011-03-08,2011,Modèle industriel,[Modèle industriel] TITLE: Surgical clip
US-D653756-S,Interbody fusion device implant,2012-02-07,Eminent Spine Llc,4,2012-02-07,2012,Modèle industriel,[Modèle industriel] TITLE: Interbody fusion device implant
US-D584000-S,Surgical and post surgical patient insulation cap,2008-12-30,"Triatrix, Llc",7,2008-12-30,2008,Modèle industriel,[Modèle industriel] TITLE: Surgical and post surgical patient insulation cap
US-D883480-S,Surgical tool handle,2020-05-05,Shukla Medical,3,2020-05-05,2020,Modèle industriel,[Modèle industriel] TITLE: Surgical tool handle
US-D841209-S,Adjustable surgical light device,2019-02-19,Palmetto Biomedical Inc.,4,2019-02-19,2019,Modèle industriel,[Modèle industriel] TITLE: Adjustable surgical light device
US-D692559-S,Handle for medical device,2013-10-29,Karl Storz Gmbh & Co. Kg,4,2013-10-29,2013,Modèle industriel,[Modèle industriel] TITLE: Handle for medical device
US-D679010-S,Handle of surgical instrument,2013-03-26,Olympus Medical Systems Corp.,4,2013-03-26,2013,Modèle industriel,[Modèle industriel] TITLE: Handle of surgical instrument
US-D604851-S,Dental implant fixture,2009-11-24,Gc Corporation,3,2009-11-24,2009,Modèle industriel,[Modèle industriel] TITLE: Dental implant fixture
US-D620117-S,Dental implant analog sleeve,2010-07-20,3M Innovative Properties Company,4,2010-07-20,2010,Modèle industriel,[Modèle industriel] TITLE: Dental implant analog sleeve
US-D620110-S,Interbody fusion device implant,2010-07-20,Eminent Spine Llc,4,2010-07-20,2010,Modèle industriel,[Modèle industriel] TITLE: Interbody fusion device implant
US-D886299-S,Surgical staple implant with sinusoidal curvature,2020-06-02,"Fusion Orthopedics, Llc",6,2020-06-02,2020,Modèle industriel,[Modèle industriel] TITLE: Surgical staple implant with sinusoidal curvature
US-D804659-S,Medical device for an endotracheal tube,2017-12-05,Phillip Hood,6,2017-12-05,2017,Modèle industriel,[Modèle industriel] TITLE: Medical device for an endotracheal tube
US-D821601-S,Diagnostic medical device,2018-06-26,"Shenzhen Edan Messer Diagnostics Co., Limited",3,2018-06-26,2018,Modèle industriel,[Modèle industriel] TITLE: Diagnostic medical device
US-D745673-S,Lumbar surgical guide,2015-12-15,"George Frey, Benjamin Majors, Geoff Lai",3,2015-12-15,2015,Modèle industriel,[Modèle industriel] TITLE: Lumbar surgical guide
US-D777914-S,Surgical instrument,2017-01-31,"Stryker European Holdings I, Llc",2,2017-01-31,2017,Modèle industriel,[Modèle industriel] TITLE: Surgical instrument
US-D895145-S,Package for medical device,2020-09-01,"Millennium Pharmaceuticals, Inc.",4,2020-09-01,2020,Modèle industriel,[Modèle industriel] TITLE: Package for medical device
US-D605291-S,Dental implant fixture,2009-12-01,Gc Corporation,3,2009-12-01,2009,Modèle industriel,[Modèle industriel] TITLE: Dental implant fixture
US-D590943-S,Surgical bone plug inserter,2009-04-21,Orthopedic Development Corporation,4,2009-04-21,2009,Modèle industriel,[Modèle industriel] TITLE: Surgical bone plug inserter
US-D721809-S,Dental implant,2015-01-27,Astra Tech Ab,2,2015-01-27,2015,Modèle industriel,[Modèle industriel] TITLE: Dental implant
US-D691265-S,Control assembly for portable surgical device,2013-10-08,Covidien Ag,6,2013-10-08,2013,Modèle industriel,[Modèle industriel] TITLE: Control assembly for portable surgical device
US-D666725-S,Handle for a medical device,2012-09-04,"Thayer Intellectual Property, Inc.",5,2012-09-04,2012,Modèle industriel,[Modèle industriel] TITLE: Handle for a medical device
US-D741488-S,Spinal fusion implant,2015-10-20,"Nuvasive, Inc.",3,2015-10-20,2015,Modèle industriel,[Modèle industriel] TITLE: Spinal fusion implant
US-D737961-S,Shielded connector for a medical device,2015-09-01,Joseph P. Schultz,6,2015-09-01,2015,Modèle industriel,[Modèle industriel] TITLE: Shielded connector for a medical device
US-D708741-S,Handle for a medical device,2014-07-08,Anchor Orthopedics Xt Inc,5,2014-07-08,2014,Modèle industriel,[Modèle industriel] TITLE: Handle for a medical device
US-D681812-S,Interbody spacer implant,2013-05-07,"Nanovis, LLC",3,2013-05-07,2013,Modèle industriel,[Modèle industriel] TITLE: Interbody spacer implant
US-D612580-S,Surgical scrub pants with panels and mesh,2010-03-30,Allegiance Corporation,7,2010-03-30,2010,Modèle industriel,[Modèle industriel] TITLE: Surgical scrub pants with panels and mesh
US-D656611-S,Driver bit for a surgical screw,2012-03-27,"Biomet Microfixation, Llc",6,2012-03-27,2012,Modèle industriel,[Modèle industriel] TITLE: Driver bit for a surgical screw
US-D597669-S,Surgical impactor,2009-08-04,Orthopedic Development Corporation,2,2009-08-04,2009,Modèle industriel,[Modèle industriel] TITLE: Surgical impactor
US-D779082-S,Packaging tray for surgical kit,2017-02-14,Help Me See Inc.,5,2017-02-14,2017,Modèle industriel,[Modèle industriel] TITLE: Packaging tray for surgical kit
US-D788936-S,Packaging unit for single medical device,2017-06-06,"Baxalta Incorporated, Baxalta GmbH",6,2017-06-06,2017,Modèle industriel,[Modèle industriel] TITLE: Packaging unit for single medical device
US-D743036-S,Ophthalmic surgical microscope console,2015-11-10,"Endure Medical, Inc.",4,2015-11-10,2015,Modèle industriel,[Modèle industriel] TITLE: Ophthalmic surgical microscope console
US-D702841-S,Surgical arm support,2014-04-15,Cindy Wyrozub,3,2014-04-15,2014,Modèle industriel,[Modèle industriel] TITLE: Surgical arm support
US-D723690-S,Spinal implant,2015-03-03,"Providence Medical Technology, Inc.",2,2015-03-03,2015,Modèle industriel,[Modèle industriel] TITLE: Spinal implant
US-D684131-S,Medical device display,2013-06-11,Atrium Medical Corporation,3,2013-06-11,2013,Modèle industriel,[Modèle industriel] TITLE: Medical device display
US-D745671-S,Transitional surgical guide,2015-12-15,"George Frey, Benjamin Majors, Geoff Lai",3,2015-12-15,2015,Modèle industriel,[Modèle industriel] TITLE: Transitional surgical guide
US-D601703-S,Dental implant,2009-10-06,"Ziterion, Gmbh",2,2009-10-06,2009,Modèle industriel,[Modèle industriel] TITLE: Dental implant
US-D679800-S,Medical device for treatment of sleep disorders,2013-04-09,"Insleep Technologies, Llc",7,2013-04-09,2013,Modèle industriel,[Modèle industriel] TITLE: Medical device for treatment of sleep disorders
US-D612582-S,Surgical scrub mock neck shirt without panels,2010-03-30,Allegiance Corporation,7,2010-03-30,2010,Modèle industriel,[Modèle industriel] TITLE: Surgical scrub mock neck shirt without panels
US-D616546-S,Intervertebral implant,2010-05-25,"Verticor, Ltd.",2,2010-05-25,2010,Modèle industriel,[Modèle industriel] TITLE: Intervertebral implant
US-D626227-S,Surgical instrument for use in single-access surgery,2010-10-26,Karl Storz Gmbh & Co. Kg,7,2010-10-26,2010,Modèle industriel,[Modèle industriel] TITLE: Surgical instrument for use in single-access surgery
US-D616097-S,Dental implant abutment,2010-05-18,3M Innovative Properties Company,3,2010-05-18,2010,Modèle industriel,[Modèle industriel] TITLE: Dental implant abutment
US-D829909-S,Spinal implant,2018-10-02,"NuTech Spine, Inc.",2,2018-10-02,2018,Modèle industriel,[Modèle industriel] TITLE: Spinal implant
US-D720076-S,Surgical table,2014-12-23,"Operating Room Safety Enterprises, LLC",2,2014-12-23,2014,Modèle industriel,[Modèle industriel] TITLE: Surgical table
US-D808525-S,Scan body for dental implant,2018-01-23,"Truabutment Korea, Inc.",5,2018-01-23,2018,Modèle industriel,[Modèle industriel] TITLE: Scan body for dental implant
US-D804677-S,Surgical drape with a retraction member,2017-12-05,3M Innovative Properties Company,6,2017-12-05,2017,Modèle industriel,[Modèle industriel] TITLE: Surgical drape with a retraction member
US-D672457-S,Surgical bowl,2012-12-11,"Medline Industries, Inc.",2,2012-12-11,2012,Modèle industriel,[Modèle industriel] TITLE: Surgical bowl
US-D681204-S,Lumbar-sacral interbody spacer implant,2013-04-30,"Nanovis, LLC",4,2013-04-30,2013,Modèle industriel,[Modèle industriel] TITLE: Lumbar-sacral interbody spacer implant
US-D682427-S,Cervical interbody spacer implant,2013-05-14,"Nanovis, LLC",4,2013-05-14,2013,Modèle industriel,[Modèle industriel] TITLE: Cervical interbody spacer implant
US-D707912-S,Surgical case cart,2014-06-24,"Pedigo Products, Inc.",3,2014-06-24,2014,Modèle industriel,[Modèle industriel] TITLE: Surgical case cart
US-D598096-S,Surgical broach,2009-08-11,Orthopedic Development Corporation,2,2009-08-11,2009,Modèle industriel,[Modèle industriel] TITLE: Surgical broach
US-D625809-S,Surgical instrument for use in single-access surgery,2010-10-19,Karl Storz Gmbh & Co. Kg,7,2010-10-19,2010,Modèle industriel,[Modèle industriel] TITLE: Surgical instrument for use in single-access surgery
US-D619726-S,Surgical protective device supporting stand,2010-07-13,Jeff Win,5,2010-07-13,2010,Modèle industriel,[Modèle industriel] TITLE: Surgical protective device supporting stand
US-D755393-S,External case for a wearable medical device,2016-05-03,Zoll Medical Corporation,7,2016-05-03,2016,Modèle industriel,[Modèle industriel] TITLE: External case for a wearable medical device
US-D976407-S,Three dimensional mastopexy implant,2023-01-24,"Tepha, Inc.",4,2023-01-24,2023,Modèle industriel,[Modèle industriel] TITLE: Three dimensional mastopexy implant
US-D783825-S,Post part for a dental implant,2017-04-11,Silvio Franco Emanuelli,6,2017-04-11,2017,Modèle industriel,[Modèle industriel] TITLE: Post part for a dental implant
US-D690016-S,Surgical head support cushion,2013-09-17,"Mercury Enterprises, Inc.",4,2013-09-17,2013,Modèle industriel,[Modèle industriel] TITLE: Surgical head support cushion
US-D608001-S,Surgical implant inserter,2010-01-12,"Reardon Joshua J, Lee Jr Harry E",3,2010-01-12,2010,Modèle industriel,[Modèle industriel] TITLE: Surgical implant inserter
US-D626231-S,Surgical button,2010-10-26,"Angio Dynamics, Inc.",2,2010-10-26,2010,Modèle industriel,[Modèle industriel] TITLE: Surgical button
US-D606196-S,Dental implant fixture mount,2009-12-15,Gc Corporation,4,2009-12-15,2009,Modèle industriel,[Modèle industriel] TITLE: Dental implant fixture mount
US-D650075-S,Tip for a medical device,2011-12-06,Anteis Sa,5,2011-12-06,2011,Modèle industriel,[Modèle industriel] TITLE: Tip for a medical device
US-D625015-S,Medical device stand docking station,2010-10-05,"Sonosite, Inc.",5,2010-10-05,2010,Modèle industriel,[Modèle industriel] TITLE: Medical device stand docking station
US-D776276-S,End effector assembly for ultrasonic surgical instrument,2017-01-10,"Ethicon Endo-Surgery, Llc",7,2017-01-10,2017,Modèle industriel,[Modèle industriel] TITLE: End effector assembly for ultrasonic surgical instrument
US-D756513-S,Orthopedic implant insertion device,2016-05-17,"Biomedical Enterprises, Inc.",4,2016-05-17,2016,Modèle industriel,[Modèle industriel] TITLE: Orthopedic implant insertion device
US-D720072-S,Orthopedic implant,2014-12-23,"Biomedical Enterprises, Inc.",2,2014-12-23,2014,Modèle industriel,[Modèle industriel] TITLE: Orthopedic implant
US-D788308-S,Intervertebral implant,2017-05-30,"Nuvasive, Inc.",2,2017-05-30,2017,Modèle industriel,[Modèle industriel] TITLE: Intervertebral implant
US-D786430-S,Medical device handle,2017-05-09,Baylis Medical Company Inc.,3,2017-05-09,2017,Modèle industriel,[Modèle industriel] TITLE: Medical device handle
US-D888950-S,Yoke assembly for a surgical instrument,2020-06-30,"Bolder Surgical, Llc",6,2020-06-30,2020,Modèle industriel,[Modèle industriel] TITLE: Yoke assembly for a surgical instrument
US-D711537-S,Intervertebral implant,2014-08-19,"Nuvasive, Inc.",2,2014-08-19,2014,Modèle industriel,[Modèle industriel] TITLE: Intervertebral implant
US-D840032-S,Surgical drill,2019-02-05,Stryker Corporation,2,2019-02-05,2019,Modèle industriel,[Modèle industriel] TITLE: Surgical drill
US-D753295-S,Illuminator for a medical device or the like,2016-04-05,"Welch Allyn, Inc.",8,2016-04-05,2016,Modèle industriel,[Modèle industriel] TITLE: Illuminator for a medical device or the like
US-D635271-S,Aesthetic medical device,2011-03-29,"Ultragen, Ltd.",3,2011-03-29,2011,Modèle industriel,[Modèle industriel] TITLE: Aesthetic medical device
US-D676314-S,Clip for receiving a tube used to package a surgical device,2013-02-19,"Coeur, Inc.",11,2013-02-19,2013,Modèle industriel,[Modèle industriel] TITLE: Clip for receiving a tube used to package a surgical device
US-D631156-S,Holder for medical device,2011-01-18,Karl Storz Gmbh & Co. Kg,4,2011-01-18,2011,Modèle industriel,[Modèle industriel] TITLE: Holder for medical device
US-D581530-S,Surgical tissue stimulator/locator,2008-11-25,"Ndi Medical, Llc.",3,2008-11-25,2008,Modèle industriel,[Modèle industriel] TITLE: Surgical tissue stimulator/locator
US-D560167-S,Surgical instrument plug,2008-01-22,"Synergetics Usa, Inc.",3,2008-01-22,2008,Modèle industriel,[Modèle industriel] TITLE: Surgical instrument plug
US-D667546-S,Medical device,2012-09-18,Karl Storz Gmbh & Co. Kg,2,2012-09-18,2012,Modèle industriel,[Modèle industriel] TITLE: Medical device
US-D568471-S,Implant retractor,2008-05-06,Engler Alan M,2,2008-05-06,2008,Modèle industriel,[Modèle industriel] TITLE: Implant retractor
US-D658762-S,Surgical X-ray apparatus,2012-05-01,Hitachi Medical Corporation,3,2012-05-01,2012,Modèle industriel,[Modèle industriel] TITLE: Surgical X-ray apparatus
US-D765862-S,Dental implant,2016-09-06,Stephen A. Schendel,2,2016-09-06,2016,Modèle industriel,[Modèle industriel] TITLE: Dental implant
US-D745672-S,Thoracic surgical guide,2015-12-15,"George Frey, Benjamin Majors, Geoff Lai",3,2015-12-15,2015,Modèle industriel,[Modèle industriel] TITLE: Thoracic surgical guide
US-D750779-S,Medical device,2016-03-01,"Prabhat Kumar Ahluwalia, Puja Ahluwalia",2,2016-03-01,2016,Modèle industriel,[Modèle industriel] TITLE: Medical device
US-D762851-S,Control handle for a medical device,2016-08-02,"St. Jude Medical, Atrial Fibrillation Division, Inc.",6,2016-08-02,2016,Modèle industriel,[Modèle industriel] TITLE: Control handle for a medical device
US-D947378-S,Medical device handle,2022-03-29,"Polygon Medical, Inc.",3,2022-03-29,2022,Modèle industriel,[Modèle industriel] TITLE: Medical device handle
US-D831828-S,Spinal implant,2018-10-23,"NuTech Spine, Inc.",2,2018-10-23,2018,Modèle industriel,[Modèle industriel] TITLE: Spinal implant
US-D625014-S,Medical device stand docking head,2010-10-05,"Sonosite, Inc.",5,2010-10-05,2010,Modèle industriel,[Modèle industriel] TITLE: Medical device stand docking head
US-D612056-S,Implant abutment,2010-03-16,White Iii Allen Hardin,2,2010-03-16,2010,Modèle industriel,[Modèle industriel] TITLE: Implant abutment
US-D616095-S,Handheld surgical depth instrument with cylindrical body,2010-05-18,Eidosmed Llc,7,2010-05-18,2010,Modèle industriel,[Modèle industriel] TITLE: Handheld surgical depth instrument with cylindrical body
US-D673677-S,Fibrotic band interrupter and implant introducing device,2013-01-01,"Insightra Medical, Inc.",7,2013-01-01,2013,Modèle industriel,[Modèle industriel] TITLE: Fibrotic band interrupter and implant introducing device
US-D615042-S,Medical device plug for a surgical tool,2010-05-04,"Nuortho Surgical, Inc.",7,2010-05-04,2010,Modèle industriel,[Modèle industriel] TITLE: Medical device plug for a surgical tool
US-D660454-S,Surgical tray corner protector,2012-05-22,Lavelle Richard M,4,2012-05-22,2012,Modèle industriel,[Modèle industriel] TITLE: Surgical tray corner protector
US-D574961-S,Medical device for ultrasonic observation,2008-08-12,Olympus Medical Systems Corp.,5,2008-08-12,2008,Modèle industriel,[Modèle industriel] TITLE: Medical device for ultrasonic observation
US-D948745-S,Package for a medical device,2022-04-12,"BioGenware, LLC",5,2022-04-12,2022,Modèle industriel,[Modèle industriel] TITLE: Package for a medical device
US-D894393-S,Three dimensional mastopexy implant,2020-08-25,"Tepha, Inc.",4,2020-08-25,2020,Modèle industriel,[Modèle industriel] TITLE: Three dimensional mastopexy implant
US-D816843-S,Orthopedic implant,2018-05-01,"Alevio, Llc",2,2018-05-01,2018,Modèle industriel,[Modèle industriel] TITLE: Orthopedic implant
US-D826043-S,Medical device folder,2018-08-21,"Ethicon, Inc.",3,2018-08-21,2018,Modèle industriel,[Modèle industriel] TITLE: Medical device folder
US-D957432-S,Display screen with surgical controller graphical user interface,2022-07-12,"Smith & Nephew, Inc., Smith & Nephew Orthopaedics Ag",8,2022-07-12,2022,Modèle industriel,[Modèle industriel] TITLE: Display screen with surgical controller graphical user interface
US-D788937-S,Packaging unit for single medical device,2017-06-06,"Baxalta Incorporated, Baxalta GmbH",6,2017-06-06,2017,Modèle industriel,[Modèle industriel] TITLE: Packaging unit for single medical device
US-D1035876-S,Surgical stapler deck with tissue engagement recess features,2024-07-16,Cilag Gmbh International,8,2024-07-16,2024,Modèle industriel,[Modèle industriel] TITLE: Surgical stapler deck with tissue engagement recess features
US-D744646-S,Surgical fastener,2015-12-01,"Ethicon, Inc.",2,2015-12-01,2015,Modèle industriel,[Modèle industriel] TITLE: Surgical fastener
US-D833013-S,Surgical stent,2018-11-06,"St. Jude Medical, Cardiology Division, Inc.",2,2018-11-06,2018,Modèle industriel,[Modèle industriel] TITLE: Surgical stent
US-D629902-S,Soft-tissue dissection tip for a surgical instrument,2010-12-28,"Del Palma Orthopedics, LLC",7,2010-12-28,2010,Modèle industriel,[Modèle industriel] TITLE: Soft-tissue dissection tip for a surgical instrument
US-D611229-S,Surgical scrub mock neck shirt with panels,2010-03-09,Allegiance Corporation,7,2010-03-09,2010,Modèle industriel,[Modèle industriel] TITLE: Surgical scrub mock neck shirt with panels
US-D626226-S,Surgical instrument for use in single-access surgery,2010-10-26,Karl Storz Gmbh & Co. Kg,7,2010-10-26,2010,Modèle industriel,[Modèle industriel] TITLE: Surgical instrument for use in single-access surgery
US-D630318-S,Medical device connector,2011-01-04,"Cytopherx, Inc.",3,2011-01-04,2011,Modèle industriel,[Modèle industriel] TITLE: Medical device connector
US-D625813-S,Surgical instrument for use in single-access surgery,2010-10-19,Karl Storz Gmbh & Co. Kg,7,2010-10-19,2010,Modèle industriel,[Modèle industriel] TITLE: Surgical instrument for use in single-access surgery
US-D620112-S,Interbody fusion device implant,2010-07-20,Eminent Spine Llc,4,2010-07-20,2010,Modèle industriel,[Modèle industriel] TITLE: Interbody fusion device implant
US-D668764-S,Portion of a dental implant,2012-10-09,Straumann Holding Ag,5,2012-10-09,2012,Modèle industriel,[Modèle industriel] TITLE: Portion of a dental implant
US-D580056-S,Orthopaedic implant,2008-11-04,"Wright Medical Technology, Inc.",2,2008-11-04,2008,Modèle industriel,[Modèle industriel] TITLE: Orthopaedic implant
US-D762303-S,Surgical tool,2016-07-26,Prash Jayaraj,2,2016-07-26,2016,Modèle industriel,[Modèle industriel] TITLE: Surgical tool
US-D955574-S,Measurement head for surgical tool,2022-06-21,Stryker Corporation,5,2022-06-21,2022,Modèle industriel,[Modèle industriel] TITLE: Measurement head for surgical tool
US-D745146-S,Surgical suturing device,2015-12-08,"Ethicon Endo-Surgery, Inc.",3,2015-12-08,2015,Modèle industriel,[Modèle industriel] TITLE: Surgical suturing device
US-D762300-S,Medical device supporting apparatus,2016-07-26,Covidien Lp,4,2016-07-26,2016,Modèle industriel,[Modèle industriel] TITLE: Medical device supporting apparatus
US-D841167-S,Lumbar interbody implant,2019-02-19,American Medical Ortho Systems LLC,3,2019-02-19,2019,Modèle industriel,[Modèle industriel] TITLE: Lumbar interbody implant
US-D704632-S,Charging cradle for medical device,2014-05-13,"Dexcom, Inc.",5,2014-05-13,2014,Modèle industriel,[Modèle industriel] TITLE: Charging cradle for medical device
US-D694887-S,Implant,2013-12-03,Ams Research Corporation,1,2013-12-03,2013,Modèle industriel,[Modèle industriel] TITLE: Implant
US-D898192-S,Surgical equipment holder,2020-10-06,"Lsi Solutions, Inc.",3,2020-10-06,2020,Modèle industriel,[Modèle industriel] TITLE: Surgical equipment holder
US-D932024-S,Surgical robot,2021-09-28,"Tinavi Medical Technologies Co., Ltd.",2,2021-09-28,2021,Modèle industriel,[Modèle industriel] TITLE: Surgical robot
US-D682358-S,Surgical safety marker,2013-05-14,Mary G. Scollin,3,2013-05-14,2013,Modèle industriel,[Modèle industriel] TITLE: Surgical safety marker
US-D708323-S,Surgical implant inserter,2014-07-01,"NuTech Spine, Inc.",3,2014-07-01,2014,Modèle industriel,[Modèle industriel] TITLE: Surgical implant inserter
US-D680649-S,Implant,2013-04-23,Ams Research Corporation,1,2013-04-23,2013,Modèle industriel,[Modèle industriel] TITLE: Implant
US-D620111-S,Interbody fusion device implant,2010-07-20,Eminent Spine Llc,4,2010-07-20,2010,Modèle industriel,[Modèle industriel] TITLE: Interbody fusion device implant
US-D643926-S,Orthopedic implant,2011-08-23,Corin Limited,2,2011-08-23,2011,Modèle industriel,[Modèle industriel] TITLE: Orthopedic implant
US-D670380-S,Surgical device handpiece,2012-11-06,Conmed Corporation,3,2012-11-06,2012,Modèle industriel,[Modèle industriel] TITLE: Surgical device handpiece
US-D674489-S,Handle for a medical device,2013-01-15,"Thayer Intellectual Property, Inc.",5,2013-01-15,2013,Modèle industriel,[Modèle industriel] TITLE: Handle for a medical device
US-D669175-S,Handle for medical device,2012-10-16,Karl Storz Gmbh & Co. Kg,4,2012-10-16,2012,Modèle industriel,[Modèle industriel] TITLE: Handle for medical device
US-D639939-S,Medical device,2011-06-14,Carmel Pharma Ab,2,2011-06-14,2011,Modèle industriel,[Modèle industriel] TITLE: Medical device
US-D611225-S,Intramedullary medical device,2010-03-02,"Medshape Solutions, Inc.",3,2010-03-02,2010,Modèle industriel,[Modèle industriel] TITLE: Intramedullary medical device
US-D716945-S,Surgical instrument,2014-11-04,"Ethicon Endo-Surgery, Inc.",2,2014-11-04,2014,Modèle industriel,[Modèle industriel] TITLE: Surgical instrument
US-D679391-S,Cartridge for medical device,2013-04-02,"Timothy Mark Chinowsky, Jiguang Zhang, Cynthia M K Warehime, Michael Blaivas, Jared Randall, Joshua Mikhael Kornfeld, Jeffrey William Ladwig, Austin Rand Porter",4,2013-04-02,2013,Modèle industriel,[Modèle industriel] TITLE: Cartridge for medical device
US-D668337-S,Electro-surgical clamp and cutting device,2012-10-02,Erbe Elektromedizin Gmbh,5,2012-10-02,2012,Modèle industriel,[Modèle industriel] TITLE: Electro-surgical clamp and cutting device
US-D610680-S,Multipurpose surgical tool,2010-02-23,Karl Storz Gmbh & Co. Kg,3,2010-02-23,2010,Modèle industriel,[Modèle industriel] TITLE: Multipurpose surgical tool
US-D623750-S,Intervertebral fusion implant,2010-09-14,"Duffield William E, Mclaughlin Colm, Jason Gray, Jamie Calverley, Mark Adams, Rhoda William S",3,2010-09-14,2010,Modèle industriel,[Modèle industriel] TITLE: Intervertebral fusion implant
US-D603231-S,Surgical saw blade hub,2009-11-03,"Synvasive Technology, Inc.",4,2009-11-03,2009,Modèle industriel,[Modèle industriel] TITLE: Surgical saw blade hub
US-D1039687-S,Ocular implant delivery device,2024-08-20,"Iantrek, Inc.",4,2024-08-20,2024,Modèle industriel,[Modèle industriel] TITLE: Ocular implant delivery device
US-D756505-S,Medical anesthesia device,2016-05-17,"Megagen Implant Co., Ltd.",3,2016-05-17,2016,Modèle industriel,[Modèle industriel] TITLE: Medical anesthesia device
US-D731063-S,Spinal fusion implant,2015-06-02,"Nuvasive, Inc.",3,2015-06-02,2015,Modèle industriel,[Modèle industriel] TITLE: Spinal fusion implant
US-D857893-S,Cortical surgical guide,2019-08-27,"Mighty Oak Medical, Inc.",3,2019-08-27,2019,Modèle industriel,[Modèle industriel] TITLE: Cortical surgical guide
US-D775728-S,Medical device handle,2017-01-03,The Spectranetics Corporation,3,2017-01-03,2017,Modèle industriel,[Modèle industriel] TITLE: Medical device handle
US-D958359-S,Applicator tray for a buttress applicator for a surgical stapler,2022-07-19,Cilag Gmbh International,10,2022-07-19,2022,Modèle industriel,[Modèle industriel] TITLE: Applicator tray for a buttress applicator for a surgical stapler
US-D765836-S,Container for formation of surgical slush,2016-09-06,C° Change Surgical Llc,6,2016-09-06,2016,Modèle industriel,[Modèle industriel] TITLE: Container for formation of surgical slush
US-D665495-S,Medical device,2012-08-14,Muhammed Aslam Nasir,2,2012-08-14,2012,Modèle industriel,[Modèle industriel] TITLE: Medical device
US-D599476-S,Surgical sponge,2009-09-01,Ian Levine,2,2009-09-01,2009,Modèle industriel,[Modèle industriel] TITLE: Surgical sponge
US-D669174-S,Handle for medical device,2012-10-16,Karl Storz Gmbh & Co. Kg,4,2012-10-16,2012,Modèle industriel,[Modèle industriel] TITLE: Handle for medical device
US-D655807-S,Medical device,2012-03-13,Unomedical A/S,2,2012-03-13,2012,Modèle industriel,[Modèle industriel] TITLE: Medical device
US-D566842-S,Spinal implant,2008-04-15,"Zimmer Spine, Inc.",2,2008-04-15,2008,Modèle industriel,[Modèle industriel] TITLE: Spinal implant
US-D666298-S,Dental implant,2012-08-28,"Sibhatu Mussie T, Frederick Michael Nester",2,2012-08-28,2012,Modèle industriel,[Modèle industriel] TITLE: Dental implant
US-D618437-S,Surgical scrub pants with mesh,2010-06-29,Allegiance Corporation,5,2010-06-29,2010,Modèle industriel,[Modèle industriel] TITLE: Surgical scrub pants with mesh
US-D935614-S,Wedge-shaped implant having ridges,2021-11-09,Lifenet Health,4,2021-11-09,2021,Modèle industriel,[Modèle industriel] TITLE: Wedge-shaped implant having ridges
US-D797401-S,Disposable surgical gown,2017-09-19,"Avent, Inc.",3,2017-09-19,2017,Modèle industriel,[Modèle industriel] TITLE: Disposable surgical gown
US-D935025-S,Helical implant,2021-11-02,Orthocision Inc.,2,2021-11-02,2021,Modèle industriel,[Modèle industriel] TITLE: Helical implant
US-D748263-S,Interbody implant,2016-01-26,"Nantoh Co., Ltd.",2,2016-01-26,2016,Modèle industriel,[Modèle industriel] TITLE: Interbody implant
US-D804666-S,Surgical fastener,2017-12-05,"Ethicon, Inc.",2,2017-12-05,2017,Modèle industriel,[Modèle industriel] TITLE: Surgical fastener
US-D983135-S,Extracorporeal charger unit for medical implant,2023-04-11,Neuroloop GmbH,6,2023-04-11,2023,Modèle industriel,[Modèle industriel] TITLE: Extracorporeal charger unit for medical implant
US-D760895-S,"Handle for a medical device, otoscope, ophthalmoscope, or the like",2016-07-05,"Welch Allyn, Inc.",10,2016-07-05,2016,Modèle industriel,"[Modèle industriel] TITLE: Handle for a medical device, otoscope, ophthalmoscope, or the like"
US-D923788-S,Connection hub for a surgical instrument,2021-06-29,Shukla Medical,6,2021-06-29,2021,Modèle industriel,[Modèle industriel] TITLE: Connection hub for a surgical instrument
US-D765855-S,Dental implant,2016-09-06,"Amos Ben-Yehuda, Gabriel Ben-Chetrit, Nir Ben-Chetrit",2,2016-09-06,2016,Modèle industriel,[Modèle industriel] TITLE: Dental implant
US-D741484-S,Drill head for dental implant surgery,2015-10-20,"Ebi Co., Ltd.",6,2015-10-20,2015,Modèle industriel,[Modèle industriel] TITLE: Drill head for dental implant surgery
US-D837378-S,Bone implant,2019-01-01,Jjgc Industria E Comercio De Materiais Dentarios S/A,2,2019-01-01,2019,Modèle industriel,[Modèle industriel] TITLE: Bone implant
US-D773666-S,Orthopedic implant,2016-12-06,"Biomedical Enterprises, Inc.",2,2016-12-06,2016,Modèle industriel,[Modèle industriel] TITLE: Orthopedic implant
US-D961081-S,Orthopedic implant,2022-08-16,"Crossroads Extremity Systems, Llc",2,2022-08-16,2022,Modèle industriel,[Modèle industriel] TITLE: Orthopedic implant
US-D940889-S,Handheld medical device,2022-01-11,Center for Pain and Stess Research LTD,3,2022-01-11,2022,Modèle industriel,[Modèle industriel] TITLE: Handheld medical device
US-D722693-S,Cervical implant,2015-02-17,Genesys Spine,2,2015-02-17,2015,Modèle industriel,[Modèle industriel] TITLE: Cervical implant
US-D625806-S,Surgical instrument for use in single-access surgery,2010-10-19,Karl Storz Gmbh & Co. Kg,7,2010-10-19,2010,Modèle industriel,[Modèle industriel] TITLE: Surgical instrument for use in single-access surgery
US-D599479-S,Surgical inserter,2009-09-01,Orthopedic Development Corporation,2,2009-09-01,2009,Modèle industriel,[Modèle industriel] TITLE: Surgical inserter
US-D653344-S,Dental implant,2012-01-31,A.B. Dental Devices,2,2012-01-31,2012,Modèle industriel,[Modèle industriel] TITLE: Dental implant
US-D625807-S,Surgical instrument for use in single-access surgery,2010-10-19,Karl Storz Gmbh & Co. Kg,7,2010-10-19,2010,Modèle industriel,[Modèle industriel] TITLE: Surgical instrument for use in single-access surgery
US-D624652-S,Surgical instrument for use in single-access surgery,2010-09-28,Karl Storz Gmbh & Co. Kg,7,2010-09-28,2010,Modèle industriel,[Modèle industriel] TITLE: Surgical instrument for use in single-access surgery
US-D821037-S,Surgical eye shield,2018-06-19,Innovgas Pty Ltd,3,2018-06-19,2018,Modèle industriel,[Modèle industriel] TITLE: Surgical eye shield
US-D898909-S,Surgical equipment holder,2020-10-13,"Lsi Solutions, Inc.",3,2020-10-13,2020,Modèle industriel,[Modèle industriel] TITLE: Surgical equipment holder
US-D846745-S,Ultrasonic surgical console,2019-04-23,Stryker Corporation,3,2019-04-23,2019,Modèle industriel,[Modèle industriel] TITLE: Ultrasonic surgical console
US-D1035875-S,Surgical stapler deck with tissue engagement cleat features,2024-07-16,Cilag Gmbh International,8,2024-07-16,2024,Modèle industriel,[Modèle industriel] TITLE: Surgical stapler deck with tissue engagement cleat features
US-D1054031-S,Humeral implant,2024-12-10,Howmedica Osteonics Corp.,2,2024-12-10,2024,Modèle industriel,[Modèle industriel] TITLE: Humeral implant
US-D868254-S,Tube implant,2019-11-26,"Paragon 28, Inc.",2,2019-11-26,2019,Modèle industriel,[Modèle industriel] TITLE: Tube implant
US-D733874-S,Control handle for a medical device,2015-07-07,"St. Jude Medical, Atrial Fibrillation Division, Inc.",6,2015-07-07,2015,Modèle industriel,[Modèle industriel] TITLE: Control handle for a medical device
US-D791936-S,Surgical shield device,2017-07-11,"Warsaw Orthopedic, Inc.",3,2017-07-11,2017,Modèle industriel,[Modèle industriel] TITLE: Surgical shield device
US-D865172-S,Instrument for use with a surgical robotic system,2019-10-29,"Globus Medical, Inc.",8,2019-10-29,2019,Modèle industriel,[Modèle industriel] TITLE: Instrument for use with a surgical robotic system
US-D860448-S,Instrument for use with a surgical robotic system,2019-09-17,"Globus Medical, Inc.",8,2019-09-17,2019,Modèle industriel,[Modèle industriel] TITLE: Instrument for use with a surgical robotic system
US-D783823-S,Post part for a dental implant,2017-04-11,Silvio Franco Emanuelli,6,2017-04-11,2017,Modèle industriel,[Modèle industriel] TITLE: Post part for a dental implant
US-D969317-S,Handheld surgical instrument,2022-11-08,"Ezisurg Medical Co., Ltd.",3,2022-11-08,2022,Modèle industriel,[Modèle industriel] TITLE: Handheld surgical instrument
US-D736378-S,Surgical rasp,2015-08-11,"Neuro Enterprises, Llc",2,2015-08-11,2015,Modèle industriel,[Modèle industriel] TITLE: Surgical rasp
US-D858765-S,Cortical surgical guide,2019-09-03,"Mighty Oak Medical, Inc.",3,2019-09-03,2019,Modèle industriel,[Modèle industriel] TITLE: Cortical surgical guide
US-D1017911-S,Chin bar for a surgical helmet,2024-03-12,Stryker Corporation,6,2024-03-12,2024,Modèle industriel,[Modèle industriel] TITLE: Chin bar for a surgical helmet
US-D831213-S,Depth adjustable surgical pin,2018-10-16,Thomas Kuun,4,2018-10-16,2018,Modèle industriel,[Modèle industriel] TITLE: Depth adjustable surgical pin
US-D773665-S,Orthopedic implant,2016-12-06,"Biomedical Enterprises, Inc.",2,2016-12-06,2016,Modèle industriel,[Modèle industriel] TITLE: Orthopedic implant
US-D802762-S,Surgical knife,2017-11-14,"Mani, Inc.",2,2017-11-14,2017,Modèle industriel,[Modèle industriel] TITLE: Surgical knife
US-D575398-S,Portion of a surgical elevator with sensor,2008-08-19,"Vioptix, Inc.",7,2008-08-19,2008,Modèle industriel,[Modèle industriel] TITLE: Portion of a surgical elevator with sensor
US-D585553-S,Spinal implant,2009-01-27,"Zimmer Spine, Inc.",2,2009-01-27,2009,Modèle industriel,[Modèle industriel] TITLE: Spinal implant
US-D614297-S,Surgical instrument,2010-04-20,Tyco Healthcare Group Lp,2,2010-04-20,2010,Modèle industriel,[Modèle industriel] TITLE: Surgical instrument
US-D594050-S,Adapter assembly for mounting a camera on a surgical microscope,2009-06-09,Carl Zeiss Surgical Gmbh,10,2009-06-09,2009,Modèle industriel,[Modèle industriel] TITLE: Adapter assembly for mounting a camera on a surgical microscope
US-D638938-S,Insert for medical device,2011-05-31,Karl Storz Gmbh & Co. Kg,4,2011-05-31,2011,Modèle industriel,[Modèle industriel] TITLE: Insert for medical device
US-D568467-S,Surgical device handling system,2008-05-06,"Advanced Medical Designs, Inc.",4,2008-05-06,2008,Modèle industriel,[Modèle industriel] TITLE: Surgical device handling system
US-D642682-S,Retractable surgical safety knife,2011-08-02,"Surgistar, Inc.",4,2011-08-02,2011,Modèle industriel,[Modèle industriel] TITLE: Retractable surgical safety knife
US-D600809-S,Surgical reamer,2009-09-22,Orthopedic Development Corporation,2,2009-09-22,2009,Modèle industriel,[Modèle industriel] TITLE: Surgical reamer
US-D625808-S,Surgical instrument for use in single-access surgery,2010-10-19,Karl Storz Gmbh & Co. Kg,7,2010-10-19,2010,Modèle industriel,[Modèle industriel] TITLE: Surgical instrument for use in single-access surgery
US-D647212-S,Surgical tray corner protector,2011-10-18,Lavelle Richard M,4,2011-10-18,2011,Modèle industriel,[Modèle industriel] TITLE: Surgical tray corner protector
US-D626228-S,Surgical instrument for use in single-access surgery,2010-10-26,Karl Storz Gmbh & Co. Kg,7,2010-10-26,2010,Modèle industriel,[Modèle industriel] TITLE: Surgical instrument for use in single-access surgery
US-D625820-S,Lateral fusion implant,2010-10-19,"Globus Medical, Inc.",3,2010-10-19,2010,Modèle industriel,[Modèle industriel] TITLE: Lateral fusion implant
US-D625812-S,Surgical instrument for use in single-access surgery,2010-10-19,Karl Storz Gmbh & Co. Kg,7,2010-10-19,2010,Modèle industriel,[Modèle industriel] TITLE: Surgical instrument for use in single-access surgery
US-D684693-S,Prosthetic implant support structure,2013-06-18,"Zimmer, Inc.",4,2013-06-18,2013,Modèle industriel,[Modèle industriel] TITLE: Prosthetic implant support structure
US-D626229-S,Surgical instrument for use in single-access surgery,2010-10-26,Karl Storz Gmbh & Co. Kg,7,2010-10-26,2010,Modèle industriel,[Modèle industriel] TITLE: Surgical instrument for use in single-access surgery
US-D670392-S,Controller for surgical handpiece,2012-11-06,Nakanishi Inc.,4,2012-11-06,2012,Modèle industriel,[Modèle industriel] TITLE: Controller for surgical handpiece
US-D609810-S,Surgical blade tip adaptor,2010-02-09,"Becton, Dickinson And Company",4,2010-02-09,2010,Modèle industriel,[Modèle industriel] TITLE: Surgical blade tip adaptor
US-D911521-S,Handle for medical devices including surgical retractors,2021-02-23,Obp Medical Corporation,7,2021-02-23,2021,Modèle industriel,[Modèle industriel] TITLE: Handle for medical devices including surgical retractors
US-D737444-S,Handle for surgical trocar,2015-08-25,Karl Storz Gmbh & Co. Kg,4,2015-08-25,2015,Modèle industriel,[Modèle industriel] TITLE: Handle for surgical trocar
US-D797918-S,Medical device control unit,2017-09-19,Ekos Corporation,4,2017-09-19,2017,Modèle industriel,[Modèle industriel] TITLE: Medical device control unit
US-D793031-S,Disposable surgical gown,2017-08-01,"Avent, Inc.",3,2017-08-01,2017,Modèle industriel,[Modèle industriel] TITLE: Disposable surgical gown
US-D840035-S,Bone fixation implant,2019-02-05,"Nextremity Solutions, Inc.",3,2019-02-05,2019,Modèle industriel,[Modèle industriel] TITLE: Bone fixation implant
US-D991274-S,Display screen with a graphical user interface for a computer-assisted orthopaedic surgical system,2023-07-04,"DePuy Synthes Products, Inc.",13,2023-07-04,2023,Modèle industriel,[Modèle industriel] TITLE: Display screen with a graphical user interface for a computer-assisted orthopaedic surgical system
US-D837380-S,Surgical apparatus,2019-01-01,"Intuitive Surgical Operations, Inc.",2,2019-01-01,2019,Modèle industriel,[Modèle industriel] TITLE: Surgical apparatus
US-D921894-S,Offset t-shaped handle for surgical tools,2021-06-08,"ECA Medical Instruments, Inc.",6,2021-06-08,2021,Modèle industriel,[Modèle industriel] TITLE: Offset t-shaped handle for surgical tools
US-D743552-S,Adaptor for an ostomy implant,2015-11-17,Ostomycure As,5,2015-11-17,2015,Modèle industriel,[Modèle industriel] TITLE: Adaptor for an ostomy implant
US-D742002-S,Surgical saw blade,2015-10-27,Mako Surgical Corp.,3,2015-10-27,2015,Modèle industriel,[Modèle industriel] TITLE: Surgical saw blade
US-D796685-S,Surgical drape,2017-09-05,Zoiea Ohizep,2,2017-09-05,2017,Modèle industriel,[Modèle industriel] TITLE: Surgical drape
US-D783166-S,Surgical instrument,2017-04-04,"Nuvasive, Inc.",2,2017-04-04,2017,Modèle industriel,[Modèle industriel] TITLE: Surgical instrument
US-D717949-S,Handle for medical device,2014-11-18,Karl Storz Gmbh & Co. Kg,4,2014-11-18,2014,Modèle industriel,[Modèle industriel] TITLE: Handle for medical device
US-D698921-S,Handle for medical device,2014-02-04,Karl Storz Gmbh & Co. Kg,4,2014-02-04,2014,Modèle industriel,[Modèle industriel] TITLE: Handle for medical device
US-D980300-S,Surgical microscope,2023-03-07,Carl Zeiss Meditec Ag,2,2023-03-07,2023,Modèle industriel,[Modèle industriel] TITLE: Surgical microscope
US-D875928-S,Handle for a richardson style surgical retractor,2020-02-18,"Invuity, Inc.",7,2020-02-18,2020,Modèle industriel,[Modèle industriel] TITLE: Handle for a richardson style surgical retractor
US-D668762-S,Handle for medical device,2012-10-09,Karl Storz Gmbh & Co. Kg,4,2012-10-09,2012,Modèle industriel,[Modèle industriel] TITLE: Handle for medical device
US-D611148-S,Healing cap for dental implant,2010-03-02,White Iii Allen Hardin,5,2010-03-02,2010,Modèle industriel,[Modèle industriel] TITLE: Healing cap for dental implant
US-D621047-S,Medical implant or medical prosthesis,2010-08-03,Karl Storz Gmbh & Co. Kg,5,2010-08-03,2010,Modèle industriel,[Modèle industriel] TITLE: Medical implant or medical prosthesis
US-D659247-S,Dental implant,2012-05-08,Straumann Holding Ag,2,2012-05-08,2012,Modèle industriel,[Modèle industriel] TITLE: Dental implant
US-D560814-S,Washing machine for medical and surgical instruments,2008-01-29,Lancer Industrie,7,2008-01-29,2008,Modèle industriel,[Modèle industriel] TITLE: Washing machine for medical and surgical instruments
US-D629104-S,Lordotic lateral fusion implant,2010-12-14,"Globus Medical, Inc.",4,2010-12-14,2010,Modèle industriel,[Modèle industriel] TITLE: Lordotic lateral fusion implant
US-D625415-S,Femoral implant,2010-10-12,"Mako Surgical Corp., University Of Florida Research Foundation, Inc.",2,2010-10-12,2010,Modèle industriel,[Modèle industriel] TITLE: Femoral implant
US-D658777-S,Surgical instrument case,2012-05-01,"Zimmer, Inc.",3,2012-05-01,2012,Modèle industriel,[Modèle industriel] TITLE: Surgical instrument case
US-D624651-S,Surgical instrument for use in single-access surgery,2010-09-28,Karl Storz Gmbh & Co. Kg,7,2010-09-28,2010,Modèle industriel,[Modèle industriel] TITLE: Surgical instrument for use in single-access surgery
US-D623209-S,Foot switch console for use with a surgical microscope,2010-09-07,Carl Zeiss Surgical Gmbh,9,2010-09-07,2010,Modèle industriel,[Modèle industriel] TITLE: Foot switch console for use with a surgical microscope
US-D627461-S,Surgical depth gauge,2010-11-16,"Vertos Medical, Inc.",3,2010-11-16,2010,Modèle industriel,[Modèle industriel] TITLE: Surgical depth gauge
US-D580552-S,Spinal implant,2008-11-11,"Zimmer Spine, Inc.",2,2008-11-11,2008,Modèle industriel,[Modèle industriel] TITLE: Spinal implant
US-D626225-S,Surgical instrument for use in single-access surgery,2010-10-26,Karl Storz Gmbh & Co. Kg,7,2010-10-26,2010,Modèle industriel,[Modèle industriel] TITLE: Surgical instrument for use in single-access surgery
US-D673683-S,Medical device,2013-01-01,"Thayer Intellectual Property, Inc.",2,2013-01-01,2013,Modèle industriel,[Modèle industriel] TITLE: Medical device
US-D658298-S,Table top implant tracking device,2012-04-24,Branko Prpa,5,2012-04-24,2012,Modèle industriel,[Modèle industriel] TITLE: Table top implant tracking device
US-D641870-S,Medical device hand piece,2011-07-19,Anteis Sa,4,2011-07-19,2011,Modèle industriel,[Modèle industriel] TITLE: Medical device hand piece
US-D636082-S,Surgical blade tip adaptor with side channels,2011-04-12,"Beaver-Visitec International (Us), Inc.",7,2011-04-12,2011,Modèle industriel,[Modèle industriel] TITLE: Surgical blade tip adaptor with side channels
US-D675736-S,Intervertebral body fusion device,2013-02-05,Omni Surgical LLC,4,2013-02-05,2013,Modèle industriel,[Modèle industriel] TITLE: Intervertebral body fusion device
US-D589144-S,Medical device,2009-03-24,"Merat Bagha, Kim Porter Henneman, I-Chiang Sun",2,2009-03-24,2009,Modèle industriel,[Modèle industriel] TITLE: Medical device
US-D589618-S,Replaceable blade for surgical knife,2009-03-31,"Kai R&D Center Co., Ltd.",5,2009-03-31,2009,Modèle industriel,[Modèle industriel] TITLE: Replaceable blade for surgical knife
US-D860447-S,Instrument for use with a surgical robotic system,2019-09-17,"Globus Medical, Inc.",8,2019-09-17,2019,Modèle industriel,[Modèle industriel] TITLE: Instrument for use with a surgical robotic system
US-D857892-S,Instrument for use with a surgical robotic system,2019-08-27,"Globus Medical, Inc.",8,2019-08-27,2019,Modèle industriel,[Modèle industriel] TITLE: Instrument for use with a surgical robotic system
US-D864389-S,Pedicle probe for use with a surgical robotic system,2019-10-22,"Globus Medical, Inc.",9,2019-10-22,2019,Modèle industriel,[Modèle industriel] TITLE: Pedicle probe for use with a surgical robotic system
US-D782041-S,Surgical instrument handle,2017-03-21,"Physcient, Inc.",3,2017-03-21,2017,Modèle industriel,[Modèle industriel] TITLE: Surgical instrument handle
US-D861189-S,Medical device dispenser,2019-09-24,"Merit Medical Systems, Inc.",3,2019-09-24,2019,Modèle industriel,[Modèle industriel] TITLE: Medical device dispenser
US-D759250-S,Power generator for surgical hand pieces,2016-06-14,Aesculap Ag,6,2016-06-14,2016,Modèle industriel,[Modèle industriel] TITLE: Power generator for surgical hand pieces
US-D736372-S,Implant insertion device,2015-08-11,Robert G. Anderson,3,2015-08-11,2015,Modèle industriel,[Modèle industriel] TITLE: Implant insertion device
US-D742000-S,Guidewire for a medical device,2015-10-27,"Asahi Intecc Co., Ltd.",5,2015-10-27,2015,Modèle industriel,[Modèle industriel] TITLE: Guidewire for a medical device
US-D763450-S,Surgical headrest pad,2016-08-09,Nicole Maus,3,2016-08-09,2016,Modèle industriel,[Modèle industriel] TITLE: Surgical headrest pad
US-D758465-S,Surgical microscope,2016-06-07,Carl Zeiss Meditec Ag,2,2016-06-07,2016,Modèle industriel,[Modèle industriel] TITLE: Surgical microscope
US-D1037435-S,Frame for a medical device,2024-07-30,Koninklijke Philips N.V.,5,2024-07-30,2024,Modèle industriel,[Modèle industriel] TITLE: Frame for a medical device
US-D747855-S,Surgical scrub cap with hair bun cover,2016-01-26,Lisa Corcoran,7,2016-01-26,2016,Modèle industriel,[Modèle industriel] TITLE: Surgical scrub cap with hair bun cover
US-D693927-S,Medical device,2013-11-19,"Aum Cardiovascular, Inc.",2,2013-11-19,2013,Modèle industriel,[Modèle industriel] TITLE: Medical device
US-D612128-S,Surgical scrub pants with panels,2010-03-23,Allegiance Corporation,5,2010-03-23,2010,Modèle industriel,[Modèle industriel] TITLE: Surgical scrub pants with panels
US-D600346-S,Surgical drill guide,2009-09-15,Orthopedic Development Corporation,3,2009-09-15,2009,Modèle industriel,[Modèle industriel] TITLE: Surgical drill guide
US-D605288-S,Handle for a medical device,2009-12-01,Edwards Lifesciences Corporation,5,2009-12-01,2009,Modèle industriel,[Modèle industriel] TITLE: Handle for a medical device
US-D606832-S,Square post surgical table clamp,2009-12-29,"Alimed, Inc.",5,2009-12-29,2009,Modèle industriel,[Modèle industriel] TITLE: Square post surgical table clamp
US-D648028-S,Surgical X-ray apparatus,2011-11-01,Hitachi Medical Corporation,3,2011-11-01,2011,Modèle industriel,[Modèle industriel] TITLE: Surgical X-ray apparatus
US-D627466-S,Interbody fusion device implant,2010-11-16,Eminent Spine Llc,4,2010-11-16,2010,Modèle industriel,[Modèle industriel] TITLE: Interbody fusion device implant
US-D613403-S,Sheath tip for maintaining surgical scope visualization,2010-04-06,"Minimally Invasive Devices, Llc",7,2010-04-06,2010,Modèle industriel,[Modèle industriel] TITLE: Sheath tip for maintaining surgical scope visualization
US-D569973-S,Finger mount for surgical instruments,2008-05-27,T.A.G. Medical Products A Limited Partnership.,5,2008-05-27,2008,Modèle industriel,[Modèle industriel] TITLE: Finger mount for surgical instruments
US-D598549-S,Surgical trocar,2009-08-18,"Vertos Medical, Inc.",2,2009-08-18,2009,Modèle industriel,[Modèle industriel] TITLE: Surgical trocar
US-D649635-S,Modular handle for surgical instruments,2011-11-29,"Zimmer, Inc.",5,2011-11-29,2011,Modèle industriel,[Modèle industriel] TITLE: Modular handle for surgical instruments
US-D1028234-S,Staple cartridge assembly for linear surgical stapler,2024-05-21,Cilag Gmbh International,7,2024-05-21,2024,Modèle industriel,[Modèle industriel] TITLE: Staple cartridge assembly for linear surgical stapler
US-D816220-S,Three dimensional mastopexy implant,2018-04-24,"Tepha, Inc.",4,2018-04-24,2018,Modèle industriel,[Modèle industriel] TITLE: Three dimensional mastopexy implant
US-D816221-S,Three dimensional mastopexy implant,2018-04-24,"Tepha, Inc.",4,2018-04-24,2018,Modèle industriel,[Modèle industriel] TITLE: Three dimensional mastopexy implant
US-D1004086-S,Spinal implant inserter,2023-11-07,"Warsaw Orthopedic, Inc.",3,2023-11-07,2023,Modèle industriel,[Modèle industriel] TITLE: Spinal implant inserter
US-D945011-S,Cassette with insert trays for storage of surgical instruments and auxiliaries,2022-03-01,Straumann Holding Ag,11,2022-03-01,2022,Modèle industriel,[Modèle industriel] TITLE: Cassette with insert trays for storage of surgical instruments and auxiliaries
US-D774406-S,Medical device,2016-12-20,"Samsung Electronics Co., Ltd.",2,2016-12-20,2016,Modèle industriel,[Modèle industriel] TITLE: Medical device
US-D963868-S,Medical device,2022-09-13,Syndermix Ag,2,2022-09-13,2022,Modèle industriel,[Modèle industriel] TITLE: Medical device
US-D797284-S,Surgical forceps,2017-09-12,University Of Massachusetts,2,2017-09-12,2017,Modèle industriel,[Modèle industriel] TITLE: Surgical forceps
US-D873418-S,Cart for surgical robot arm,2020-01-21,Cmr Surgical Limited,5,2020-01-21,2020,Modèle industriel,[Modèle industriel] TITLE: Cart for surgical robot arm
US-D765835-S,Container for formation of surgical slush,2016-09-06,C° Change Surgical Llc,6,2016-09-06,2016,Modèle industriel,[Modèle industriel] TITLE: Container for formation of surgical slush
US-D860446-S,Instrument for use with a surgical robotic system for use with a surgical robotic system,2019-09-17,"Globus Medical, Inc.",15,2019-09-17,2019,Modèle industriel,[Modèle industriel] TITLE: Instrument for use with a surgical robotic system for use with a surgical robotic system
US-D734457-S,Control handle for a medical device,2015-07-14,"St. Jude Medical, Atrial Fibrillation Division, Inc.",6,2015-07-14,2015,Modèle industriel,[Modèle industriel] TITLE: Control handle for a medical device
US-D1017031-S,Medical device adapter,2024-03-05,"Aegis Spine, Inc.",3,2024-03-05,2024,Modèle industriel,[Modèle industriel] TITLE: Medical device adapter
US-D851772-S,Surgical drape,2019-06-18,"Medline Industries, Inc.",2,2019-06-18,2019,Modèle industriel,[Modèle industriel] TITLE: Surgical drape
US-D726921-S,X-ray tube for medical device,2015-04-14,"Kabushiki Kaisha Toshiba, Toshiba Electron Tubes & Devices Co., Ltd.",5,2015-04-14,2015,Modèle industriel,[Modèle industriel] TITLE: X-ray tube for medical device
US-D992588-S,Operating room team display screen with a graphical user interface of a surgical robotic arm,2023-07-18,Covidien Lp,15,2023-07-18,2023,Modèle industriel,[Modèle industriel] TITLE: Operating room team display screen with a graphical user interface of a surgical robotic arm
US-D798449-S,Robotic surgical system handpiece,2017-09-26,U.S. Patent Innovations Llc,4,2017-09-26,2017,Modèle industriel,[Modèle industriel] TITLE: Robotic surgical system handpiece
US-D886302-S,Telemetry module for a therapeutic medical device,2020-06-02,"Medtronic, Inc.",7,2020-06-02,2020,Modèle industriel,[Modèle industriel] TITLE: Telemetry module for a therapeutic medical device
US-D897542-S,Medical device with indicator light,2020-09-29,"Bruin Biometrics, Llc",5,2020-09-29,2020,Modèle industriel,[Modèle industriel] TITLE: Medical device with indicator light
US-D896971-S,Medical device,2020-09-22,"Bruin Biometrics, Llc",2,2020-09-22,2020,Modèle industriel,[Modèle industriel] TITLE: Medical device
US-D693004-S,Mouthpiece for medical device,2013-11-05,Aerocrine Ab,4,2013-11-05,2013,Modèle industriel,[Modèle industriel] TITLE: Mouthpiece for medical device
US-D717436-S,Implant fixture,2014-11-11,"Megagen Implant Co., Ltd.",2,2014-11-11,2014,Modèle industriel,[Modèle industriel] TITLE: Implant fixture
US-D695409-S,Portable medical device,2013-12-10,DanMedical Ltd.,3,2013-12-10,2013,Modèle industriel,[Modèle industriel] TITLE: Portable medical device
US-D910173-S,Curved bracket for surgical device,2021-02-09,"Clearpoint Neuro, Inc.",5,2021-02-09,2021,Modèle industriel,[Modèle industriel] TITLE: Curved bracket for surgical device
US-D603967-S,Surgical head support adapter,2009-11-10,Wake Forest University Health Sciences,4,2009-11-10,2009,Modèle industriel,[Modèle industriel] TITLE: Surgical head support adapter
US-D694397-S,Medical device inserter,2013-11-26,Abbott Diabetes Care Inc.,3,2013-11-26,2013,Modèle industriel,[Modèle industriel] TITLE: Medical device inserter
US-D586914-S,Surgical retractor,2009-02-17,Dasilva Manuel,2,2009-02-17,2009,Modèle industriel,[Modèle industriel] TITLE: Surgical retractor
US-D608445-S,Medical device slitter,2010-01-19,"Medtronic, Inc.",3,2010-01-19,2010,Modèle industriel,[Modèle industriel] TITLE: Medical device slitter
US-D599906-S,Surgical drill,2009-09-08,Orthopedic Development Corporation,2,2009-09-08,2009,Modèle industriel,[Modèle industriel] TITLE: Surgical drill
US-D628291-S,Surgical retractor,2010-11-30,"Del Palma Orthopedics, LLC",2,2010-11-30,2010,Modèle industriel,[Modèle industriel] TITLE: Surgical retractor
US-D623210-S,Stand with surgical microscope,2010-09-07,Carl Zeiss Surgical Gmbh,4,2010-09-07,2010,Modèle industriel,[Modèle industriel] TITLE: Stand with surgical microscope
US-D980427-S,Expandable medical device,2023-03-07,"Transit Scientific, LLC",3,2023-03-07,2023,Modèle industriel,[Modèle industriel] TITLE: Expandable medical device
US-D816844-S,Lumbar interbody implant,2018-05-01,American Medical Ortho Systems LLC,3,2018-05-01,2018,Modèle industriel,[Modèle industriel] TITLE: Lumbar interbody implant
US-D849953-S,Surgical apparatus,2019-05-28,"Intuitive Surgical Operations, Inc.",2,2019-05-28,2019,Modèle industriel,[Modèle industriel] TITLE: Surgical apparatus
US-D949333-S,Dock for surgical equipment holder,2022-04-19,"Lsi Solutions, Inc.",5,2022-04-19,2022,Modèle industriel,[Modèle industriel] TITLE: Dock for surgical equipment holder
US-D920507-S,Surgical equipment holder,2021-05-25,"Lsi Solutions, Inc.",3,2021-05-25,2021,Modèle industriel,[Modèle industriel] TITLE: Surgical equipment holder
US-D663035-S,Two-port implantable medical device,2012-07-03,Greatbatch Ltd.,4,2012-07-03,2012,Modèle industriel,[Modèle industriel] TITLE: Two-port implantable medical device
US-D987824-S,Drill for surgical instrument,2023-05-30,Nipro Corporation,4,2023-05-30,2023,Modèle industriel,[Modèle industriel] TITLE: Drill for surgical instrument
US-D972140-S,Cervical plate implant,2022-12-06,"NuTech Spine, Inc.",3,2022-12-06,2022,Modèle industriel,[Modèle industriel] TITLE: Cervical plate implant
US-D912821-S,Halo screw implant,2021-03-09,"Duet Spine Holdings, Llc",3,2021-03-09,2021,Modèle industriel,[Modèle industriel] TITLE: Halo screw implant
US-D840036-S,Interbody fusion implant,2019-02-05,HD LifeSciences LLC,3,2019-02-05,2019,Modèle industriel,[Modèle industriel] TITLE: Interbody fusion implant
US-D942622-S,Surgical instrument,2022-02-01,Medacta International Sa,2,2022-02-01,2022,Modèle industriel,[Modèle industriel] TITLE: Surgical instrument
US-D755966-S,Medical device,2016-05-10,"Prabhat Kumar Ahluwalia, Puja Ahluwalia",2,2016-05-10,2016,Modèle industriel,[Modèle industriel] TITLE: Medical device
US-D808005-S,Medical device,2018-01-16,Q-Core Medical Ltd.,2,2018-01-16,2018,Modèle industriel,[Modèle industriel] TITLE: Medical device
US-D760386-S,Protector for medical device,2016-06-28,"Asahi Intecc Co., Ltd.",4,2016-06-28,2016,Modèle industriel,[Modèle industriel] TITLE: Protector for medical device
US-D823463-S,Frontal attachment for medical device,2018-07-17,"Retractable Technologies, Inc.",5,2018-07-17,2018,Modèle industriel,[Modèle industriel] TITLE: Frontal attachment for medical device
US-D881964-S,Stand for a surgical microscope,2020-04-21,Carl Zeiss Meditec Ag,5,2020-04-21,2020,Modèle industriel,[Modèle industriel] TITLE: Stand for a surgical microscope
US-D907212-S,Medical device,2021-01-05,"Welch Allyn, Inc.",2,2021-01-05,2021,Modèle industriel,[Modèle industriel] TITLE: Medical device
US-D765856-S,Dental implant,2016-09-06,Vita Zahnfabrik H. Rauter Gmbh & Co. Kg,2,2016-09-06,2016,Modèle industriel,[Modèle industriel] TITLE: Dental implant
US-D935166-S,Rack for dental implant containers,2021-11-09,Pavel Krastev,5,2021-11-09,2021,Modèle industriel,[Modèle industriel] TITLE: Rack for dental implant containers
US-D658761-S,Spinal implant,2012-05-01,"Nuvasive, Inc.",2,2012-05-01,2012,Modèle industriel,[Modèle industriel] TITLE: Spinal implant
US-D867602-S,Laser medical device,2019-11-19,"Hironic Co., Ltd.",3,2019-11-19,2019,Modèle industriel,[Modèle industriel] TITLE: Laser medical device
US-D991453-S,Linear surgical stapler,2023-07-04,Cilag Gmbh International,3,2023-07-04,2023,Modèle industriel,[Modèle industriel] TITLE: Linear surgical stapler
US-D1029258-S,Surgical cement removal tool,2024-05-28,Shukla Medical,4,2024-05-28,2024,Modèle industriel,[Modèle industriel] TITLE: Surgical cement removal tool
US-D809041-S,Surgical robot end effector,2018-01-30,"Globus Medical, Inc.",4,2018-01-30,2018,Modèle industriel,[Modèle industriel] TITLE: Surgical robot end effector
US-D725269-S,Implant assembly,2015-03-24,"Genoss Co., Ltd.",2,2015-03-24,2015,Modèle industriel,[Modèle industriel] TITLE: Implant assembly
US-D892333-S,Protective medical device accessory,2020-08-04,Daniel A. Warlick,4,2020-08-04,2020,Modèle industriel,[Modèle industriel] TITLE: Protective medical device accessory
US-D636874-S,Finder tip for a surgical instrument,2011-04-26,"Del Palma Orthopedics, LLC",6,2011-04-26,2011,Modèle industriel,[Modèle industriel] TITLE: Finder tip for a surgical instrument
US-D994607-S,Medical device connector,2023-08-08,"Physio-Control, Inc.",3,2023-08-08,2023,Modèle industriel,[Modèle industriel] TITLE: Medical device connector
US-D747480-S,Surgical guide,2016-01-12,Materialise N.V.,2,2016-01-12,2016,Modèle industriel,[Modèle industriel] TITLE: Surgical guide
US-D699839-S,Surgical shield,2014-02-18,"Misonix, Incorporated",2,2014-02-18,2014,Modèle industriel,[Modèle industriel] TITLE: Surgical shield
US-D1010118-S,Connector hub for a surgical instrument,2024-01-02,Shukla Medical,6,2024-01-02,2024,Modèle industriel,[Modèle industriel] TITLE: Connector hub for a surgical instrument
US-D963888-S,Sterile cover for an ocular portion of a medical device,2022-09-13,Bhs Technologies Gmbh,10,2022-09-13,2022,Modèle industriel,[Modèle industriel] TITLE: Sterile cover for an ocular portion of a medical device
US-D951442-S,Handle for surgical instrument,2022-05-10,Livsmed Inc.,4,2022-05-10,2022,Modèle industriel,[Modèle industriel] TITLE: Handle for surgical instrument
US-D754929-S,Pair of surgical gloves,2016-04-26,"Exsomed International IP, LLC",4,2016-04-26,2016,Modèle industriel,[Modèle industriel] TITLE: Pair of surgical gloves
US-D729389-S,Abutment for a dental implant,2015-05-12,Prospeross Pty Ltd.,5,2015-05-12,2015,Modèle industriel,[Modèle industriel] TITLE: Abutment for a dental implant
US-D936909-S,Surgical face shield for a surgical hood,2021-11-23,Stryker Corporation,7,2021-11-23,2021,Modèle industriel,[Modèle industriel] TITLE: Surgical face shield for a surgical hood
US-D901686-S,Applicator for surgical stapler buttress,2020-11-10,Ethicon Llc,5,2020-11-10,2020,Modèle industriel,[Modèle industriel] TITLE: Applicator for surgical stapler buttress
US-D708746-S,Handle for surgical device,2014-07-08,Covidien Lp,4,2014-07-08,2014,Modèle industriel,[Modèle industriel] TITLE: Handle for surgical device
US-D750776-S,Surgical alignment device,2016-03-01,"Andrew B. Lytle, James J. Verner",3,2016-03-01,2016,Modèle industriel,[Modèle industriel] TITLE: Surgical alignment device
US-D750244-S,Surgical device,2016-02-23,Olympus Corporation,2,2016-02-23,2016,Modèle industriel,[Modèle industriel] TITLE: Surgical device
US-D747481-S,Surgical guide,2016-01-12,Materialise N.V.,2,2016-01-12,2016,Modèle industriel,[Modèle industriel] TITLE: Surgical guide
US-D728103-S,Bone fusion implant,2015-04-28,"Nextremity Solutions, Inc.",3,2015-04-28,2015,Modèle industriel,[Modèle industriel] TITLE: Bone fusion implant
US-D854686-S,Handle for a medical device,2019-07-23,Baylis Medical Company Inc.,5,2019-07-23,2019,Modèle industriel,[Modèle industriel] TITLE: Handle for a medical device
US-D946868-S,Hat with an opening and pocket for accommodating a cochlear implant,2022-03-29,Elizabeth M. Sheffield,11,2022-03-29,2022,Modèle industriel,[Modèle industriel] TITLE: Hat with an opening and pocket for accommodating a cochlear implant
US-D754353-S,Medical device,2016-04-19,"Welch Allyn, Inc.",2,2016-04-19,2016,Modèle industriel,[Modèle industriel] TITLE: Medical device
US-D910845-S,Handle for surgical instrument,2021-02-16,Livsmed Inc.,4,2021-02-16,2021,Modèle industriel,[Modèle industriel] TITLE: Handle for surgical instrument
US-D979055-S,Arm for surgical instrument,2023-02-21,Livsmed Inc.,4,2023-02-21,2023,Modèle industriel,[Modèle industriel] TITLE: Arm for surgical instrument
US-D943096-S,Surgical instrument,2022-02-08,Livsmed Inc.,2,2022-02-08,2022,Modèle industriel,[Modèle industriel] TITLE: Surgical instrument
US-D956224-S,Surgical retractor,2022-06-28,"Innovasis, Inc.",2,2022-06-28,2022,Modèle industriel,[Modèle industriel] TITLE: Surgical retractor
US-D910168-S,High torque surgical needle hub,2021-02-09,"Johnson & Johnson Surgical Vision, Inc.",5,2021-02-09,2021,Modèle industriel,[Modèle industriel] TITLE: High torque surgical needle hub
US-D957431-S,Display screen with surgical controller graphical user interface,2022-07-12,"Smith & Nephew, Inc., Smith & Nephew Orthopaedics Ag",8,2022-07-12,2022,Modèle industriel,[Modèle industriel] TITLE: Display screen with surgical controller graphical user interface
US-D718860-S,Lumbar interbody spacer implant,2014-12-02,"Nanovis, LLC",4,2014-12-02,2014,Modèle industriel,[Modèle industriel] TITLE: Lumbar interbody spacer implant
US-D887002-S,Medical puncture device,2020-06-09,"TianJin Uwell Medical Device Manufacturing Co., Ltd",3,2020-06-09,2020,Modèle industriel,[Modèle industriel] TITLE: Medical puncture device
US-D953530-S,Surgical drill bit,2022-05-31,"Bfm Holdings, Llc",3,2022-05-31,2022,Modèle industriel,[Modèle industriel] TITLE: Surgical drill bit
US-D724144-S,Thyroid surgical trainer,2015-03-10,Medstar Health,3,2015-03-10,2015,Modèle industriel,[Modèle industriel] TITLE: Thyroid surgical trainer
US-D844159-S,Medical device headpiece,2019-03-26,Neurovalens Ltd.,3,2019-03-26,2019,Modèle industriel,[Modèle industriel] TITLE: Medical device headpiece
US-D842987-S,Surgical instrument,2019-03-12,"Exactech, Inc.",2,2019-03-12,2019,Modèle industriel,[Modèle industriel] TITLE: Surgical instrument
US-D916313-S,Sterilization tray for surgical clips,2021-04-13,Aesculap Ag,5,2021-04-13,2021,Modèle industriel,[Modèle industriel] TITLE: Sterilization tray for surgical clips
US-D847338-S,Medical implant,2019-04-30,Dr. Arabin GmbH & Co. KG,2,2019-04-30,2019,Modèle industriel,[Modèle industriel] TITLE: Medical implant
US-D987828-S,Dental implant fixture,2023-05-30,"Megagen Implant Co., Ltd.",3,2023-05-30,2023,Modèle industriel,[Modèle industriel] TITLE: Dental implant fixture
US-D1004088-S,Surgical staple,2023-11-07,"Medline Industries, Lp",2,2023-11-07,2023,Modèle industriel,[Modèle industriel] TITLE: Surgical staple
US-D999377-S,Impression coping for dental implant surgery,2023-09-19,"Megagen Implant Co., Ltd.",6,2023-09-19,2023,Modèle industriel,[Modèle industriel] TITLE: Impression coping for dental implant surgery
US-D793651-S,Collar for a disposable surgical gown,2017-08-08,"Avent, Inc.",6,2017-08-08,2017,Modèle industriel,[Modèle industriel] TITLE: Collar for a disposable surgical gown
US-D698019-S,Ophthalmic surgical cassette,2014-01-21,"Alcon Research, Ltd.",3,2014-01-21,2014,Modèle industriel,[Modèle industriel] TITLE: Ophthalmic surgical cassette
US-D679014-S,Surgical instrument,2013-03-26,Prash Jayaraj,2,2013-03-26,2013,Modèle industriel,[Modèle industriel] TITLE: Surgical instrument
US-D833612-S,Interbody fusion implant,2018-11-13,HD LifeSciences LLC,3,2018-11-13,2018,Modèle industriel,[Modèle industriel] TITLE: Interbody fusion implant
US-D833012-S,Interbody fusion implant,2018-11-06,HD LifeSciences LLC,3,2018-11-06,2018,Modèle industriel,[Modèle industriel] TITLE: Interbody fusion implant
US-D833611-S,Interbody fusion implant,2018-11-13,HD LifeSciences LLC,3,2018-11-13,2018,Modèle industriel,[Modèle industriel] TITLE: Interbody fusion implant
US-D835279-S,Interbody fusion implant,2018-12-04,HD LifeSciences LLC,3,2018-12-04,2018,Modèle industriel,[Modèle industriel] TITLE: Interbody fusion implant
US-D872263-S,Dental implant,2020-01-07,Jjgc Indústria E Comércio De Materiais Dentários,2,2020-01-07,2020,Modèle industriel,[Modèle industriel] TITLE: Dental implant
US-D959659-S,Implant release handle,2022-08-02,"DePuy Synthes Products, Inc.",3,2022-08-02,2022,Modèle industriel,[Modèle industriel] TITLE: Implant release handle
US-D1034989-S,Surgical staple,2024-07-09,Novastep,2,2024-07-09,2024,Modèle industriel,[Modèle industriel] TITLE: Surgical staple
US-D955577-S,Surgical blade,2022-06-21,"K2M, Inc.",2,2022-06-21,2022,Modèle industriel,[Modèle industriel] TITLE: Surgical blade
US-D625811-S,Surgical instrument for use in single-access surgery,2010-10-19,Karl Storz Gmbh & Co. Kg,7,2010-10-19,2010,Modèle industriel,[Modèle industriel] TITLE: Surgical instrument for use in single-access surgery
US-D665910-S,Dental implant,2012-08-21,Hung William Y S,2,2012-08-21,2012,Modèle industriel,[Modèle industriel] TITLE: Dental implant
US-D846756-S,Pole clamp for medical device,2019-04-23,"Smiths Medical Asd, Inc.",5,2019-04-23,2019,Modèle industriel,[Modèle industriel] TITLE: Pole clamp for medical device
US-D739018-S,Surgical manual driver,2015-09-15,German L. Murias,3,2015-09-15,2015,Modèle industriel,[Modèle industriel] TITLE: Surgical manual driver
US-D772406-S,Surgical device,2016-11-22,"Biovision Technologies, Llc",2,2016-11-22,2016,Modèle industriel,[Modèle industriel] TITLE: Surgical device
US-D922562-S,Medical device buttons assembly,2021-06-15,"Intuitive Surgical Operations, Inc.",4,2021-06-15,2021,Modèle industriel,[Modèle industriel] TITLE: Medical device buttons assembly
US-D704841-S,Landmark identifier for targeting an orthopaedic implant,2014-05-13,"Smith & Nephew, Inc.",7,2014-05-13,2014,Modèle industriel,[Modèle industriel] TITLE: Landmark identifier for targeting an orthopaedic implant
US-D656612-S,Bit for a surgical drill,2012-03-27,"Biomet Microfixation, Llc",5,2012-03-27,2012,Modèle industriel,[Modèle industriel] TITLE: Bit for a surgical drill
US-D744099-S,Surgical device,2015-11-24,Olympus Corporation,2,2015-11-24,2015,Modèle industriel,[Modèle industriel] TITLE: Surgical device
US-D797291-S,Handle for surgical tool,2017-09-12,Orca Surgical Ltd,4,2017-09-12,2017,Modèle industriel,[Modèle industriel] TITLE: Handle for surgical tool
US-D808526-S,Abutment for dental implant,2018-01-23,"Truabutment Korea, Inc.",4,2018-01-23,2018,Modèle industriel,[Modèle industriel] TITLE: Abutment for dental implant
US-D1051966-S,Robotic surgical arm cart,2024-11-19,Covidien Lp,4,2024-11-19,2024,Modèle industriel,[Modèle industriel] TITLE: Robotic surgical arm cart
US-D983751-S,Medical device connector,2023-04-18,"Physio-Control, Inc.",3,2023-04-18,2023,Modèle industriel,[Modèle industriel] TITLE: Medical device connector
US-D755967-S,Medical device,2016-05-10,"Prabhat Kumar Ahluwalia, Puja Ahluwalia",2,2016-05-10,2016,Modèle industriel,[Modèle industriel] TITLE: Medical device
US-D901011-S,"Handle for an optical device, medical device, or the like",2020-11-03,"Welch Allyn, Inc.",10,2020-11-03,2020,Modèle industriel,"[Modèle industriel] TITLE: Handle for an optical device, medical device, or the like"
US-D769577-S,Surgical support underwear garment,2016-10-25,"Valkin Innovations, LLC",4,2016-10-25,2016,Modèle industriel,[Modèle industriel] TITLE: Surgical support underwear garment
US-D983359-S,Surgical cassette,2023-04-11,Carl Zeiss Meditec Ag,2,2023-04-11,2023,Modèle industriel,[Modèle industriel] TITLE: Surgical cassette
US-D983360-S,Surgical cassette,2023-04-11,Carl Zeiss Meditec Ag,2,2023-04-11,2023,Modèle industriel,[Modèle industriel] TITLE: Surgical cassette
US-D848845-S,Packaging tray for a medical device,2019-05-21,"Ethicon, Inc.",6,2019-05-21,2019,Modèle industriel,[Modèle industriel] TITLE: Packaging tray for a medical device
US-D1002361-S,Implant tray and a retainer cap of a nerve stimulator package,2023-10-24,Coloplast A/S,11,2023-10-24,2023,Modèle industriel,[Modèle industriel] TITLE: Implant tray and a retainer cap of a nerve stimulator package
US-D846127-S,Surgical robot,2019-04-16,Imperial Innovations Limited,2,2019-04-16,2019,Modèle industriel,[Modèle industriel] TITLE: Surgical robot
US-D1047687-S,Surgical procedure pack,2024-10-22,"Oasis Medical, Inc.",3,2024-10-22,2024,Modèle industriel,[Modèle industriel] TITLE: Surgical procedure pack
US-D1048413-S,Surgical console,2024-10-22,Carl Zeiss Meditec Ag,2,2024-10-22,2024,Modèle industriel,[Modèle industriel] TITLE: Surgical console
US-D800814-S,Mount for surgical microscope,2017-10-24,Carl Zeiss Meditec Ag,4,2017-10-24,2017,Modèle industriel,[Modèle industriel] TITLE: Mount for surgical microscope
US-D773686-S,Surgical tray,2016-12-06,"KindHeart, Inc.",2,2016-12-06,2016,Modèle industriel,[Modèle industriel] TITLE: Surgical tray
US-D716941-S,Surgical drain belt,2014-11-04,Rosemary S. Sterling,3,2014-11-04,2014,Modèle industriel,[Modèle industriel] TITLE: Surgical drain belt
US-D928318-S,Jaw for a surgical instrument,2021-08-17,"Shukla Medical, The Regents Of The University Of Colorado",5,2021-08-17,2021,Modèle industriel,[Modèle industriel] TITLE: Jaw for a surgical instrument
US-D1021104-S,Patch to secure a medical device,2024-04-02,A & M Wassink Investment Pty Ltd,6,2024-04-02,2024,Modèle industriel,[Modèle industriel] TITLE: Patch to secure a medical device
US-D870879-S,Spherical surgical suction container,2019-12-24,"Design Department, Inc.",4,2019-12-24,2019,Modèle industriel,[Modèle industriel] TITLE: Spherical surgical suction container
US-D786436-S,Cheekbone implant,2017-05-09,Karl Leibinger Medizintechnik Gmbh & Co. Kg,2,2017-05-09,2017,Modèle industriel,[Modèle industriel] TITLE: Cheekbone implant
US-D717951-S,Orthopedic implant,2014-11-18,"Biomedical Enterprises, Inc.",2,2014-11-18,2014,Modèle industriel,[Modèle industriel] TITLE: Orthopedic implant
US-D993394-S,Surgical mask,2023-07-25,"Sunmed Group Holdings, Llc",2,2023-07-25,2023,Modèle industriel,[Modèle industriel] TITLE: Surgical mask
US-D940661-S,Medical device connector,2022-01-11,"Physio-Control, Inc.",3,2022-01-11,2022,Modèle industriel,[Modèle industriel] TITLE: Medical device connector
US-D800306-S,Surgical suturing device,2017-10-17,Ethicon Llc,3,2017-10-17,2017,Modèle industriel,[Modèle industriel] TITLE: Surgical suturing device
US-D858770-S,Graft implant,2019-09-03,"Paragon 28, Inc.",2,2019-09-03,2019,Modèle industriel,[Modèle industriel] TITLE: Graft implant
US-D956970-S,Deployment tool for an implant,2022-07-05,Signum Surgical Limited,5,2022-07-05,2022,Modèle industriel,[Modèle industriel] TITLE: Deployment tool for an implant
US-D879303-S,Combined surgical navigation system monitor and stand,2020-03-24,Aesculap Ag,7,2020-03-24,2020,Modèle industriel,[Modèle industriel] TITLE: Combined surgical navigation system monitor and stand
US-D965145-S,Robotassisted surgical system console,2022-09-27,Memic Innovative Surgery Ltd.,4,2022-09-27,2022,Modèle industriel,[Modèle industriel] TITLE: Robotassisted surgical system console
US-D956240-S,Structure for interfacing a surgical robotic arm and instrument,2022-06-28,Cmr Surgical Limited,9,2022-06-28,2022,Modèle industriel,[Modèle industriel] TITLE: Structure for interfacing a surgical robotic arm and instrument
US-D726920-S,X-ray tube for medical device,2015-04-14,"Kabushiki Kaisha Toshiba, Toshiba Electron Tubes & Devices Co., Ltd.",5,2015-04-14,2015,Modèle industriel,[Modèle industriel] TITLE: X-ray tube for medical device
US-D946145-S,Surgical tool handle,2022-03-15,Shukla Medical,3,2022-03-15,2022,Modèle industriel,[Modèle industriel] TITLE: Surgical tool handle
US-D1046160-S,Surgical console,2024-10-08,Carl Zeiss Meditec Ag,2,2024-10-08,2024,Modèle industriel,[Modèle industriel] TITLE: Surgical console
US-D733879-S,Handle for surgical trocar,2015-07-07,Karl Storz Gmbh & Co. Kg,4,2015-07-07,2015,Modèle industriel,[Modèle industriel] TITLE: Handle for surgical trocar
US-D831212-S,Surgical saw,2018-10-16,Stryker Corporation,2,2018-10-16,2018,Modèle industriel,[Modèle industriel] TITLE: Surgical saw
US-D946146-S,Surgical handpiece,2022-03-15,"Johnson & Johnson Surgical Vision, Inc.",2,2022-03-15,2022,Modèle industriel,[Modèle industriel] TITLE: Surgical handpiece
US-D765083-S,Dongle for a medical device,2016-08-30,Covidien Lp,5,2016-08-30,2016,Modèle industriel,[Modèle industriel] TITLE: Dongle for a medical device
US-D1007438-S,Medical device connector,2023-12-12,"Physio-Control, Inc.",3,2023-12-12,2023,Modèle industriel,[Modèle industriel] TITLE: Medical device connector
US-D910872-S,Surgical tool holder,2021-02-16,Versah LLC,3,2021-02-16,2021,Modèle industriel,[Modèle industriel] TITLE: Surgical tool holder
US-D1002008-S,Surgical object extraction jaws set,2023-10-17,Shukla Medical,5,2023-10-17,2023,Modèle industriel,[Modèle industriel] TITLE: Surgical object extraction jaws set
US-D910172-S,Handle for surgical instrument,2021-02-09,Livsmed Inc.,4,2021-02-09,2021,Modèle industriel,[Modèle industriel] TITLE: Handle for surgical instrument
US-D774650-S,Medical device stand,2016-12-20,"S & S Innovations, LLC",3,2016-12-20,2016,Modèle industriel,[Modèle industriel] TITLE: Medical device stand
US-D1029847-S,Display screen or portion thereof with a graphical user interface for a medical device,2024-06-04,Neutrace Inc.,14,2024-06-04,2024,Modèle industriel,[Modèle industriel] TITLE: Display screen or portion thereof with a graphical user interface for a medical device
US-D725606-S,Remote control for a surgical system,2015-03-31,Abbott Medical Optics Inc.,6,2015-03-31,2015,Modèle industriel,[Modèle industriel] TITLE: Remote control for a surgical system
US-D806876-S,Scan post for dental implant,2018-01-02,"Truabutment Korea, Inc.",5,2018-01-02,2018,Modèle industriel,[Modèle industriel] TITLE: Scan post for dental implant
US-D957433-S,Display screen with surgical controller graphical user interface,2022-07-12,"Smith & Nephew, Inc., Smith & Nephew Orthopaedics Ag",8,2022-07-12,2022,Modèle industriel,[Modèle industriel] TITLE: Display screen with surgical controller graphical user interface
US-D968613-S,Intervertebral implant,2022-11-01,"Pioneer Surgical Technology, Inc.",2,2022-11-01,2022,Modèle industriel,[Modèle industriel] TITLE: Intervertebral implant
US-D727498-S,Surgical foot pedal,2015-04-21,"Alcon Research, Ltd.",3,2015-04-21,2015,Modèle industriel,[Modèle industriel] TITLE: Surgical foot pedal
US-D909588-S,Surgical control apparatus,2021-02-02,"Intuitive Surgical Operations, Inc.",3,2021-02-02,2021,Modèle industriel,[Modèle industriel] TITLE: Surgical control apparatus
US-D689609-S,Medical device,2013-09-10,Tri-Medics Llc,2,2013-09-10,2013,Modèle industriel,[Modèle industriel] TITLE: Medical device
US-D795427-S,Ophthalmic surgical manipulator,2017-08-22,"Katalyst Surgical, Llc",3,2017-08-22,2017,Modèle industriel,[Modèle industriel] TITLE: Ophthalmic surgical manipulator
US-D1025394-S,Surgical bur kit holder,2024-04-30,"Versah, LLC",4,2024-04-30,2024,Modèle industriel,[Modèle industriel] TITLE: Surgical bur kit holder
US-D733301-S,Handle for surgical trocar,2015-06-30,Karl Storz Gmbh & Co. Kg,4,2015-06-30,2015,Modèle industriel,[Modèle industriel] TITLE: Handle for surgical trocar
US-D787110-S,Surgical light cover,2017-05-16,"Frances W. Hood, Allan G. Hood",3,2017-05-16,2017,Modèle industriel,[Modèle industriel] TITLE: Surgical light cover
US-D997354-S,Two-piece surgical blade handle adapter,2023-08-29,"MAP Medical Solutions, LLC",5,2023-08-29,2023,Modèle industriel,[Modèle industriel] TITLE: Two-piece surgical blade handle adapter
US-D981561-S,Self-aligning surgical drill bit,2023-03-21,Stryker Corporation,4,2023-03-21,2023,Modèle industriel,[Modèle industriel] TITLE: Self-aligning surgical drill bit
US-D747048-S,Post-surgical pet garment,2016-01-05,Laurie Ketzenberg,3,2016-01-05,2016,Modèle industriel,[Modèle industriel] TITLE: Post-surgical pet garment
US-D908873-S,Handle for a surgical instrument,2021-01-26,Livsmed Inc.,5,2021-01-26,2021,Modèle industriel,[Modèle industriel] TITLE: Handle for a surgical instrument
US-D1021079-S,Surgical wash basin,2024-04-02,"Newgen Surgical, Inc.",3,2024-04-02,2024,Modèle industriel,[Modèle industriel] TITLE: Surgical wash basin
US-D813390-S,Surgical scalpel blade attachment,2018-03-20,"Aspen Surgical Products, Inc.",4,2018-03-20,2018,Modèle industriel,[Modèle industriel] TITLE: Surgical scalpel blade attachment
US-D616986-S,Surgical smoke evacuator,2010-06-01,Conmed Corporation,3,2010-06-01,2010,Modèle industriel,[Modèle industriel] TITLE: Surgical smoke evacuator
US-D915606-S,Medical device to relieve symptoms of migraines,2021-04-06,Migraine Stopper Pty. Ltd.,7,2021-04-06,2021,Modèle industriel,[Modèle industriel] TITLE: Medical device to relieve symptoms of migraines
US-D665086-S,Three-port implantable medical device,2012-08-07,Greatbatch Ltd.,4,2012-08-07,2012,Modèle industriel,[Modèle industriel] TITLE: Three-port implantable medical device
US-D608003-S,Medical device slitter,2010-01-12,"Medtronic, Inc.",3,2010-01-12,2010,Modèle industriel,[Modèle industriel] TITLE: Medical device slitter
US-D583535-S,Surgical bib,2008-12-30,Judy Jonas George,2,2008-12-30,2008,Modèle industriel,[Modèle industriel] TITLE: Surgical bib
US-D1013164-S,Surgical tool cam handle,2024-01-30,Shukla Medical,4,2024-01-30,2024,Modèle industriel,[Modèle industriel] TITLE: Surgical tool cam handle
US-D921890-S,Mini axial handle for surgical tools,2021-06-08,"ECA Medical Instruments, Inc.",6,2021-06-08,2021,Modèle industriel,[Modèle industriel] TITLE: Mini axial handle for surgical tools
US-D921889-S,Palm handle for surgical tools,2021-06-08,"ECA Medical Instruments, Inc.",5,2021-06-08,2021,Modèle industriel,[Modèle industriel] TITLE: Palm handle for surgical tools
US-D921892-S,Small axial handle for surgical tools,2021-06-08,"ECA Medical Instruments, Inc.",6,2021-06-08,2021,Modèle industriel,[Modèle industriel] TITLE: Small axial handle for surgical tools
US-D904630-S,Medical device,2020-12-08,Orthofix Inc.,2,2020-12-08,2020,Modèle industriel,[Modèle industriel] TITLE: Medical device
US-D945622-S,Implantable medical device,2022-03-08,"Medtronic, Inc.",3,2022-03-08,2022,Modèle industriel,[Modèle industriel] TITLE: Implantable medical device
US-D958399-S,Cassette with insert tray for surgical tools,2022-07-19,Straumann Holding Ag,7,2022-07-19,2022,Modèle industriel,[Modèle industriel] TITLE: Cassette with insert tray for surgical tools
US-D925764-S,Base for medical implant and/or instrument case,2021-07-20,"DePuy Synthes Products, Inc.",7,2021-07-20,2021,Modèle industriel,[Modèle industriel] TITLE: Base for medical implant and/or instrument case
US-D896385-S,Medical implant,2020-09-15,"National University Hospital (Singapore) Pte Ltd, Osteopore International Pte Ltd",2,2020-09-15,2020,Modèle industriel,[Modèle industriel] TITLE: Medical implant
US-D994881-S,Connection hub for a surgical tool,2023-08-08,Shukla Medical,6,2023-08-08,2023,Modèle industriel,[Modèle industriel] TITLE: Connection hub for a surgical tool
US-D958986-S,Marker array for an instrument for use with a surgical robotic system,2022-07-26,Globus Medical Inc.,12,2022-07-26,2022,Modèle industriel,[Modèle industriel] TITLE: Marker array for an instrument for use with a surgical robotic system
US-D958984-S,Marker array for an instrument for use with a surgical robotic system,2022-07-26,Globus Medical Inc.,12,2022-07-26,2022,Modèle industriel,[Modèle industriel] TITLE: Marker array for an instrument for use with a surgical robotic system
US-D984670-S,Plasma treatment device for implant surface,2023-04-25,"Plasmapp Co., Ltd.",6,2023-04-25,2023,Modèle industriel,[Modèle industriel] TITLE: Plasma treatment device for implant surface
US-D898915-S,Five levels drill for dental implant,2020-10-13,Chun-Leon Chen,6,2020-10-13,2020,Modèle industriel,[Modèle industriel] TITLE: Five levels drill for dental implant
US-D967962-S,Dental implant transfer rod,2022-10-25,"Zh Graceful Dental Lab. Co., Ltd",4,2022-10-25,2022,Modèle industriel,[Modèle industriel] TITLE: Dental implant transfer rod
US-D938030-S,Applicator for a surgical stapler buttress,2021-12-07,Cilag Gmbh International,6,2021-12-07,2021,Modèle industriel,[Modèle industriel] TITLE: Applicator for a surgical stapler buttress
US-D816836-S,Sealing device for a surgical instrument or medical instrument,2018-05-01,Karl Storz Gmbh & Co. Kg,9,2018-05-01,2018,Modèle industriel,[Modèle industriel] TITLE: Sealing device for a surgical instrument or medical instrument
US-D840536-S,Surgical console for use with footswitches,2019-02-12,Stryker Corporation,6,2019-02-12,2019,Modèle industriel,[Modèle industriel] TITLE: Surgical console for use with footswitches
US-D896956-S,Surgical hook for a cricothyrotomy,2020-09-22,H&H Medical Corporation,5,2020-09-22,2020,Modèle industriel,[Modèle industriel] TITLE: Surgical hook for a cricothyrotomy
US-D933210-S,Jaw for a surgical instrument,2021-10-12,Shukla Medical,5,2021-10-12,2021,Modèle industriel,[Modèle industriel] TITLE: Jaw for a surgical instrument
US-D1013872-S,Handpiece for surgical drill,2024-02-06,Nipro Corporation,4,2024-02-06,2024,Modèle industriel,[Modèle industriel] TITLE: Handpiece for surgical drill
US-D926851-S,Surgical microscope,2021-08-03,Carl Zeiss Meditec Ag,2,2021-08-03,2021,Modèle industriel,[Modèle industriel] TITLE: Surgical microscope
US-D970737-S,Surgical sling,2022-11-22,Radial Cradle Limited,2,2022-11-22,2022,Modèle industriel,[Modèle industriel] TITLE: Surgical sling
US-D724724-S,Medical device housing,2015-03-17,"Welch Allyn, Inc.",3,2015-03-17,2015,Modèle industriel,[Modèle industriel] TITLE: Medical device housing
US-D732383-S,Package for a medical device,2015-06-23,"Medtronic Vascular, Inc.",5,2015-06-23,2015,Modèle industriel,[Modèle industriel] TITLE: Package for a medical device
US-D771805-S,Medical device support bracket,2016-11-15,Robert Brooker,4,2016-11-15,2016,Modèle industriel,[Modèle industriel] TITLE: Medical device support bracket
US-D933819-S,Jaw for a surgical instrument,2021-10-19,"Shukla Medical, The Regents Of The University Of Colorado, A Body Corporate",5,2021-10-19,2021,Modèle industriel,[Modèle industriel] TITLE: Jaw for a surgical instrument
US-D1017799-S,Medical device holding band,2024-03-12,Michael Senerchia,4,2024-03-12,2024,Modèle industriel,[Modèle industriel] TITLE: Medical device holding band
US-D787675-S,Surgical cervical curette,2017-05-23,"Neuroenterprises, Llc.",3,2017-05-23,2017,Modèle industriel,[Modèle industriel] TITLE: Surgical cervical curette
US-D666291-S,Handle for medical device,2012-08-28,Karl Storz Gmbh & Co. Kg,4,2012-08-28,2012,Modèle industriel,[Modèle industriel] TITLE: Handle for medical device
US-D822834-S,Medical device case,2018-07-10,"Sage Services Group, Llc",3,2018-07-10,2018,Modèle industriel,[Modèle industriel] TITLE: Medical device case
US-D1048396-S,Surgical guide member,2024-10-22,"Synaptic Medical Technology (Beijing) Co., Ltd.",3,2024-10-22,2024,Modèle industriel,[Modèle industriel] TITLE: Surgical guide member
US-D776809-S,Medical device,2017-01-17,"Welch Allyn, Inc.",2,2017-01-17,2017,Modèle industriel,[Modèle industriel] TITLE: Medical device
US-D1046229-S,Medical device lighting module,2024-10-08,"Ceek Women's Health, Inc.",4,2024-10-08,2024,Modèle industriel,[Modèle industriel] TITLE: Medical device lighting module
US-D903870-S,Pelvic implant,2020-12-01,Ossis Limited,2,2020-12-01,2020,Modèle industriel,[Modèle industriel] TITLE: Pelvic implant
US-D1042826-S,Handle for medical device,2024-09-17,"Abiomed, Inc.",4,2024-09-17,2024,Modèle industriel,[Modèle industriel] TITLE: Handle for medical device
US-D1028246-S,Hub for a medical device,2024-05-21,"Abiomed, Inc.",5,2024-05-21,2024,Modèle industriel,[Modèle industriel] TITLE: Hub for a medical device
US-D921893-S,T-shaped handle for surgical tools,2021-06-08,"ECA Medical Instruments, Inc.",5,2021-06-08,2021,Modèle industriel,[Modèle industriel] TITLE: T-shaped handle for surgical tools
US-D848619-S,Medical threaded screw sleeve for a tibial anchor arrangement for a short surgical graft,2019-05-14,Maxm I Pty Ltd,14,2019-05-14,2019,Modèle industriel,[Modèle industriel] TITLE: Medical threaded screw sleeve for a tibial anchor arrangement for a short surgical graft
US-D1000388-S,Medical device connector,2023-10-03,"Physio-Control, Inc.",3,2023-10-03,2023,Modèle industriel,[Modèle industriel] TITLE: Medical device connector
US-D975288-S,Medical device for fetal monitoring,2023-01-10,Viewcare Technologies 1 Aps,5,2023-01-10,2023,Modèle industriel,[Modèle industriel] TITLE: Medical device for fetal monitoring
US-D946154-S,Electrode for a medical device,2022-03-15,"Guangren CHEN, Rong Yang, Jialun Chen, Jiali Chen",5,2022-03-15,2022,Modèle industriel,[Modèle industriel] TITLE: Electrode for a medical device
US-D881938-S,Electronic display screen of a medical device with an icon,2020-04-21,"Welch Allyn, Inc.",10,2020-04-21,2020,Modèle industriel,[Modèle industriel] TITLE: Electronic display screen of a medical device with an icon
US-D854147-S,Connector for surgical device,2019-07-16,Olympus Corporation,4,2019-07-16,2019,Modèle industriel,[Modèle industriel] TITLE: Connector for surgical device
US-D1030067-S,Surgical cart,2024-06-04,"Wuhan United Imaging Healthcare Surgical Technology Co., Ltd.",2,2024-06-04,2024,Modèle industriel,[Modèle industriel] TITLE: Surgical cart
US-D950051-S,Medical device indicator,2022-04-26,"Boston Scientific Scimed, Inc.",3,2022-04-26,2022,Modèle industriel,[Modèle industriel] TITLE: Medical device indicator
US-D915597-S,Medical implant,2021-04-06,Nyxoah S.A.,2,2021-04-06,2021,Modèle industriel,[Modèle industriel] TITLE: Medical implant
US-D941472-S,Self drilling implant,2022-01-18,Bernard Gantes,3,2022-01-18,2022,Modèle industriel,[Modèle industriel] TITLE: Self drilling implant
US-D755968-S,Medical device,2016-05-10,"Prabhat Kumar Ahluwalia, Puja Ahluwalia",2,2016-05-10,2016,Modèle industriel,[Modèle industriel] TITLE: Medical device
US-D779678-S,Surgical tray,2017-02-21,"KindHeart, Inc.",2,2017-02-21,2017,Modèle industriel,[Modèle industriel] TITLE: Surgical tray
US-D804678-S,Oval surgical drape with a retraction member,2017-12-05,3M Innovative Properties Company,7,2017-12-05,2017,Modèle industriel,[Modèle industriel] TITLE: Oval surgical drape with a retraction member
US-D657873-S,Intramedullary medical device,2012-04-17,"Medshape Solutions, Inc.",3,2012-04-17,2012,Modèle industriel,[Modèle industriel] TITLE: Intramedullary medical device
US-D665087-S,Multi-port implantable medical device,2012-08-07,Greatbach Ltd.,4,2012-08-07,2012,Modèle industriel,[Modèle industriel] TITLE: Multi-port implantable medical device
US-D865165-S,Medical device anchor,2019-10-29,"Custom Medical Applications, Inc.",3,2019-10-29,2019,Modèle industriel,[Modèle industriel] TITLE: Medical device anchor
US-D726906-S,Control handle for a medical device,2015-04-14,"St. Jude Medical, Atrial Fibrillation Division, Inc.",6,2015-04-14,2015,Modèle industriel,[Modèle industriel] TITLE: Control handle for a medical device
US-D777326-S,Surgical tool,2017-01-24,Kaiser Medical Technology Limited,2,2017-01-24,2017,Modèle industriel,[Modèle industriel] TITLE: Surgical tool
US-D787061-S,Scan body for dental implant procedures,2017-05-16,"Dentsply International, Inc.",6,2017-05-16,2017,Modèle industriel,[Modèle industriel] TITLE: Scan body for dental implant procedures
US-D847334-S,Operating unit for surgical device,2019-04-30,Olympus Corporation,5,2019-04-30,2019,Modèle industriel,[Modèle industriel] TITLE: Operating unit for surgical device
US-D995794-S,Integrated multi-sensored medical device,2023-08-15,"Medwand Solutions, Inc.",4,2023-08-15,2023,Modèle industriel,[Modèle industriel] TITLE: Integrated multi-sensored medical device
US-D790699-S,Surgical tool,2017-06-27,"Medtronic Ps Medical, Inc.",2,2017-06-27,2017,Modèle industriel,[Modèle industriel] TITLE: Surgical tool
US-D958985-S,Marker array for an instrument for use with a surgical robotic system,2022-07-26,Globus Medical Inc.,12,2022-07-26,2022,Modèle industriel,[Modèle industriel] TITLE: Marker array for an instrument for use with a surgical robotic system
US-D862692-S,Disposable cover for medical device,2019-10-08,Onko Solutions Llc,5,2019-10-08,2019,Modèle industriel,[Modèle industriel] TITLE: Disposable cover for medical device
US-D902404-S,Surgical tool,2020-11-17,Prince Of Songkla University,2,2020-11-17,2020,Modèle industriel,[Modèle industriel] TITLE: Surgical tool
US-D804669-S,Dental implant,2017-12-05,Dentsply Sirona Inc.,2,2017-12-05,2017,Modèle industriel,[Modèle industriel] TITLE: Dental implant
US-D842869-S,Display screen or portion thereof with graphical user interface for a medical device,2019-03-12,MAQUET CARDIOPULMONARY GmbH,13,2019-03-12,2019,Modèle industriel,[Modèle industriel] TITLE: Display screen or portion thereof with graphical user interface for a medical device
US-D833613-S,Resilient knee implant,2018-11-13,"Iorthopedics, Inc.",3,2018-11-13,2018,Modèle industriel,[Modèle industriel] TITLE: Resilient knee implant
US-D800903-S,Surgical tool,2017-10-24,"Medtronic Ps Medical, Inc.",2,2017-10-24,2017,Modèle industriel,[Modèle industriel] TITLE: Surgical tool
US-D1054557-S,Surgical instrument holder,2024-12-17,Precision Robotics Limited,3,2024-12-17,2024,Modèle industriel,[Modèle industriel] TITLE: Surgical instrument holder
US-D666719-S,Medical device,2012-09-04,Karl Storz Gmbh & Co. Kg,2,2012-09-04,2012,Modèle industriel,[Modèle industriel] TITLE: Medical device
US-D992114-S,Surgical guide,2023-07-11,"Mighty Oak Medical, Inc.",2,2023-07-11,2023,Modèle industriel,[Modèle industriel] TITLE: Surgical guide
US-D890922-S,Surgical sponge,2020-07-21,International Private Bank Llc,2,2020-07-21,2020,Modèle industriel,[Modèle industriel] TITLE: Surgical sponge
US-D615204-S,Surgical implant,2010-05-04,Orthosurgical Sa,2,2010-05-04,2010,Modèle industriel,[Modèle industriel] TITLE: Surgical implant
US-D870887-S,Surgical portal driver,2019-12-24,Medovex Corp.,3,2019-12-24,2019,Modèle industriel,[Modèle industriel] TITLE: Surgical portal driver
US-D668334-S,Handle for medical device,2012-10-02,Karl Storz Gmbh & Co. Kg,4,2012-10-02,2012,Modèle industriel,[Modèle industriel] TITLE: Handle for medical device
US-D1052090-S,Medical device for optically measuring physiological signals,2024-11-19,I.R Med Ltd,7,2024-11-19,2024,Modèle industriel,[Modèle industriel] TITLE: Medical device for optically measuring physiological signals
US-D1027215-S,Medical device tray sealer having a tray burst testing system,2024-05-14,Charles Webb,10,2024-05-14,2024,Modèle industriel,[Modèle industriel] TITLE: Medical device tray sealer having a tray burst testing system
US-D775729-S,Surgical needle device,2017-01-03,"Astora Women's Health, Llc",3,2017-01-03,2017,Modèle industriel,[Modèle industriel] TITLE: Surgical needle device
US-D980970-S,Surgical cannula medical device,2023-03-14,"New York Society For The Relief Of The Ruptured And Crippled, Maintaining The Hospital For Special Surgery",4,2023-03-14,2023,Modèle industriel,[Modèle industriel] TITLE: Surgical cannula medical device
US-D824027-S,Fins for a support column for a surgical trajectory frame,2018-07-24,"MRI Interventions, Inc.",10,2018-07-24,2018,Modèle industriel,[Modèle industriel] TITLE: Fins for a support column for a surgical trajectory frame
US-D781422-S,Knee implant,2017-03-14,"Blue Belt Technologies, Inc.",2,2017-03-14,2017,Modèle industriel,[Modèle industriel] TITLE: Knee implant
US-D1019952-S,Medical device for tricuspid valve regurgitation,2024-03-26,Tau Medical Inc.,6,2024-03-26,2024,Modèle industriel,[Modèle industriel] TITLE: Medical device for tricuspid valve regurgitation
US-D919087-S,Surgical tool,2021-05-11,Orthocision Inc.,2,2021-05-11,2021,Modèle industriel,[Modèle industriel] TITLE: Surgical tool
US-D734460-S,Shank for surgical drill,2015-07-14,Bien-Air Holding Sa,4,2015-07-14,2015,Modèle industriel,[Modèle industriel] TITLE: Shank for surgical drill
US-D1037272-S,Display screen or portion thereof with a graphical user interface for a medical device,2024-07-30,Neutrace Inc.,14,2024-07-30,2024,Modèle industriel,[Modèle industriel] TITLE: Display screen or portion thereof with a graphical user interface for a medical device
US-D940659-S,Medical device connector,2022-01-11,"Physio-Control, Inc.",3,2022-01-11,2022,Modèle industriel,[Modèle industriel] TITLE: Medical device connector
US-D1037274-S,Display screen or portion thereof with a graphical user interface for a medical device,2024-07-30,Neutrace Inc.,14,2024-07-30,2024,Modèle industriel,[Modèle industriel] TITLE: Display screen or portion thereof with a graphical user interface for a medical device
US-D978350-S,Staple cartridge assembly for linear surgical stapler,2023-02-14,Cilag Gmbh International,7,2023-02-14,2023,Modèle industriel,[Modèle industriel] TITLE: Staple cartridge assembly for linear surgical stapler
US-D816501-S,Medical device packaging tray,2018-05-01,Baylis Medical Company Inc.,4,2018-05-01,2018,Modèle industriel,[Modèle industriel] TITLE: Medical device packaging tray
US-D733880-S,Surgical trocar,2015-07-07,Karl Storz Gmbh & Co. Kg,2,2015-07-07,2015,Modèle industriel,[Modèle industriel] TITLE: Surgical trocar
US-D802766-S,Surgical stent,2017-11-14,"St. Jude Medical, Cardiology Division, Inc.",2,2017-11-14,2017,Modèle industriel,[Modèle industriel] TITLE: Surgical stent
US-D1019953-S,Medical device for tricuspid valve regurgitation,2024-03-26,Tau Medical Inc.,6,2024-03-26,2024,Modèle industriel,[Modèle industriel] TITLE: Medical device for tricuspid valve regurgitation
US-D1025359-S,Surgical trephine,2024-04-30,Shukla Medical,2,2024-04-30,2024,Modèle industriel,[Modèle industriel] TITLE: Surgical trephine
US-D629519-S,Dowel implant,2010-12-21,Horton Kenneth L,2,2010-12-21,2010,Modèle industriel,[Modèle industriel] TITLE: Dowel implant
US-D842475-S,Dental implant,2019-03-05,Tav Medical Ltd.,2,2019-03-05,2019,Modèle industriel,[Modèle industriel] TITLE: Dental implant
US-D942520-S,Surgical microscope with stand,2022-02-01,Carl Zeiss Meditec Ag,4,2022-02-01,2022,Modèle industriel,[Modèle industriel] TITLE: Surgical microscope with stand
US-D1006226-S,Surgical wand,2023-11-28,"Smith & Nephew, Inc., Smith & Nephew Orthopaedics Ag",2,2023-11-28,2023,Modèle industriel,[Modèle industriel] TITLE: Surgical wand
US-D677793-S,Table top implant tracking device,2013-03-12,Branko Prpa,5,2013-03-12,2013,Modèle industriel,[Modèle industriel] TITLE: Table top implant tracking device
US-D1037273-S,Display screen or portion thereof with a graphical user interface for a medical device,2024-07-30,Neutrace Inc.,14,2024-07-30,2024,Modèle industriel,[Modèle industriel] TITLE: Display screen or portion thereof with a graphical user interface for a medical device
US-D954267-S,Surgical console,2022-06-07,"Johnson & Johnson Surgical Vision, Inc.",2,2022-06-07,2022,Modèle industriel,[Modèle industriel] TITLE: Surgical console
US-D894468-S,Control handle for a surgical lighthead,2020-08-25,American Sterilizer Company,6,2020-08-25,2020,Modèle industriel,[Modèle industriel] TITLE: Control handle for a surgical lighthead
US-D785178-S,Zygomatic bone implant,2017-04-25,Karl Leibinger Medizintechnik Gmbh & Co. Kg,3,2017-04-25,2017,Modèle industriel,[Modèle industriel] TITLE: Zygomatic bone implant
US-D768295-S,Surgical instrument end portion,2016-10-04,"Intuitive Surgical Operations, Inc.",4,2016-10-04,2016,Modèle industriel,[Modèle industriel] TITLE: Surgical instrument end portion
US-D717435-S,Implant fixture,2014-11-11,"Megagen Implant Co., Ltd.",2,2014-11-11,2014,Modèle industriel,[Modèle industriel] TITLE: Implant fixture
US-D893709-S,Medical device,2020-08-18,Ferton Holding S.A.,2,2020-08-18,2020,Modèle industriel,[Modèle industriel] TITLE: Medical device
US-D1003436-S,Surgical staple,2023-10-31,"Medline Industries, Lp",2,2023-10-31,2023,Modèle industriel,[Modèle industriel] TITLE: Surgical staple
US-D782042-S,Surgical tool,2017-03-21,"Medtronic Ps Medical, Inc.",2,2017-03-21,2017,Modèle industriel,[Modèle industriel] TITLE: Surgical tool
US-D739948-S,Combined flower-designed ultrasound thimblette and fingertip medical device,2015-09-29,"Ken Purfey, Kenneth L. Jacobsen",8,2015-09-29,2015,Modèle industriel,[Modèle industriel] TITLE: Combined flower-designed ultrasound thimblette and fingertip medical device
US-D787676-S,Dental implant,2017-05-23,"Clinica Aviñó, S.L.",2,2017-05-23,2017,Modèle industriel,[Modèle industriel] TITLE: Dental implant
US-D982746-S,Medical device holder,2023-04-04,"Curexo, Inc.",3,2023-04-04,2023,Modèle industriel,[Modèle industriel] TITLE: Medical device holder
US-D707817-S,Surgical forceps,2014-06-24,"Kogent Surgical, LLC",2,2014-06-24,2014,Modèle industriel,[Modèle industriel] TITLE: Surgical forceps
US-D683856-S,Intervertebral implant,2013-06-04,Spinefrontier Inc,2,2013-06-04,2013,Modèle industriel,[Modèle industriel] TITLE: Intervertebral implant
US-D937415-S,Surgical implant extractor jaw,2021-11-30,Shukla Medical,4,2021-11-30,2021,Modèle industriel,[Modèle industriel] TITLE: Surgical implant extractor jaw
US-D805646-S,Medical device with display,2017-12-19,"Bruin Biometrics, Llc",4,2017-12-19,2017,Modèle industriel,[Modèle industriel] TITLE: Medical device with display
US-D738504-S,Hammertoe implant,2015-09-08,"Nextremity Solutions, Inc.",2,2015-09-08,2015,Modèle industriel,[Modèle industriel] TITLE: Hammertoe implant
US-D727507-S,X-ray tube for medical device,2015-04-21,"Kabushiki Kaisha Toshiba, Toshiba Electron Tubes & Devices Co., Ltd.",5,2015-04-21,2015,Modèle industriel,[Modèle industriel] TITLE: X-ray tube for medical device
US-D905855-S,"Implant shell having internal, circumferential ribs",2020-12-22,Mentor Worldwide Llc,6,2020-12-22,2020,Modèle industriel,"[Modèle industriel] TITLE: Implant shell having internal, circumferential ribs"
US-D1007677-S,Controller for a medical device,2023-12-12,Trudell Medical International,5,2023-12-12,2023,Modèle industriel,[Modèle industriel] TITLE: Controller for a medical device
US-D899597-S,Unitary spinal disc implant with at least one conic protrusion,2020-10-20,"Brian D. Burkinshaw, Jonathan Stupka",10,2020-10-20,2020,Modèle industriel,[Modèle industriel] TITLE: Unitary spinal disc implant with at least one conic protrusion
US-D787060-S,Jawbone implant,2017-05-16,Karl Leibinger Medizintechnik Gmbh & Co. Kg,2,2017-05-16,2017,Modèle industriel,[Modèle industriel] TITLE: Jawbone implant
US-D786435-S,Jawbone implant,2017-05-09,Karl Leibinger Medizintechnik Gmbh & Co. Kg,2,2017-05-09,2017,Modèle industriel,[Modèle industriel] TITLE: Jawbone implant
US-D827826-S,Root part for a dental implant,2018-09-04,Silvio Franco Emanuelli,6,2018-09-04,2018,Modèle industriel,[Modèle industriel] TITLE: Root part for a dental implant
US-D851249-S,Surgical stapler,2019-06-11,Ethicon Llc,2,2019-06-11,2019,Modèle industriel,[Modèle industriel] TITLE: Surgical stapler
US-D709556-S,Surgical indicator towel,2014-07-22,Mary G. Alonzo,3,2014-07-22,2014,Modèle industriel,[Modèle industriel] TITLE: Surgical indicator towel
US-D734466-S,Dental implant,2015-07-14,Daniela Kimron,2,2015-07-14,2015,Modèle industriel,[Modèle industriel] TITLE: Dental implant
US-D700325-S,Surgical stapler handle,2014-02-25,"Ethicon Endo-Surgery, Inc.",3,2014-02-25,2014,Modèle industriel,[Modèle industriel] TITLE: Surgical stapler handle
US-D586918-S,Orthopaedic implant,2009-02-17,"Wright Medical Technology, Inc.",2,2009-02-17,2009,Modèle industriel,[Modèle industriel] TITLE: Orthopaedic implant
US-D946765-S,Electrode for a medical device,2022-03-22,"Guangren CHEN, Rong Yang, Jialun Chen, Jiali Chen",5,2022-03-22,2022,Modèle industriel,[Modèle industriel] TITLE: Electrode for a medical device
US-D605289-S,Surgical drill guide,2009-12-01,Horton Kenneth L,3,2009-12-01,2009,Modèle industriel,[Modèle industriel] TITLE: Surgical drill guide
US-D704829-S,Portion of a medical device housing,2014-05-13,"Welch Allyn, Inc.",6,2014-05-13,2014,Modèle industriel,[Modèle industriel] TITLE: Portion of a medical device housing
US-D683853-S,Base portion of a surgical retractor blade,2013-06-04,"Ebi, Llc",7,2013-06-04,2013,Modèle industriel,[Modèle industriel] TITLE: Base portion of a surgical retractor blade
US-D1043985-S,Chest implant,2024-09-24,Bellaseno Gmbh,2,2024-09-24,2024,Modèle industriel,[Modèle industriel] TITLE: Chest implant
US-D679818-S,Implant tracking device,2013-04-09,Branko Prpa,3,2013-04-09,2013,Modèle industriel,[Modèle industriel] TITLE: Implant tracking device
US-D938019-S,Surgical infant diaper,2021-12-07,Timothy Camerl,3,2021-12-07,2021,Modèle industriel,[Modèle industriel] TITLE: Surgical infant diaper
US-D876624-S,Surgical instrument,2020-02-25,"Exactech, Inc.",2,2020-02-25,2020,Modèle industriel,[Modèle industriel] TITLE: Surgical instrument
US-D674687-S,Open packaging for surgical blade tips,2013-01-22,"Beaver-Visitec International (Us), Inc.",6,2013-01-22,2013,Modèle industriel,[Modèle industriel] TITLE: Open packaging for surgical blade tips
US-D629517-S,Support for medical device,2010-12-21,Karl Storz Gmbh & Co. Kg,4,2010-12-21,2010,Modèle industriel,[Modèle industriel] TITLE: Support for medical device
US-D978346-S,Separated finger pad for a surgical suction instrument,2023-02-14,"Br Surgical, Llc",8,2023-02-14,2023,Modèle industriel,[Modèle industriel] TITLE: Separated finger pad for a surgical suction instrument
US-D884897-S,Dental implant,2020-05-19,"Ardavan Fateh, Emilio Ivan Arguello",2,2020-05-19,2020,Modèle industriel,[Modèle industriel] TITLE: Dental implant
US-D958982-S,Marker array for an instrument for use with a surgical robotic system,2022-07-26,Globus Medical Inc.,12,2022-07-26,2022,Modèle industriel,[Modèle industriel] TITLE: Marker array for an instrument for use with a surgical robotic system
US-D958981-S,Marker array for an instrument for use with a surgical robotic system,2022-07-26,Globus Medical Inc.,12,2022-07-26,2022,Modèle industriel,[Modèle industriel] TITLE: Marker array for an instrument for use with a surgical robotic system
US-D958983-S,Marker array for an instrument for use with a surgical robotic system,2022-07-26,Globus Medical Inc.,12,2022-07-26,2022,Modèle industriel,[Modèle industriel] TITLE: Marker array for an instrument for use with a surgical robotic system
US-D958980-S,Marker array for an instrument for use with a surgical robotic system,2022-07-26,Globus Medical Inc.,12,2022-07-26,2022,Modèle industriel,[Modèle industriel] TITLE: Marker array for an instrument for use with a surgical robotic system
US-D724732-S,Surgical instrument,2015-03-17,"Ethicon Endo-Surgery, Inc.",2,2015-03-17,2015,Modèle industriel,[Modèle industriel] TITLE: Surgical instrument
US-D669987-S,Surgical needle holder,2012-10-30,Mohammad Bashir,3,2012-10-30,2012,Modèle industriel,[Modèle industriel] TITLE: Surgical needle holder
US-D882781-S,Surgical spinal retractor,2020-04-28,Edward Rustamzadeh,3,2020-04-28,2020,Modèle industriel,[Modèle industriel] TITLE: Surgical spinal retractor
US-D722163-S,Surgical knife,2015-02-03,"Kai R&D Center Co., Ltd.",2,2015-02-03,2015,Modèle industriel,[Modèle industriel] TITLE: Surgical knife
US-D723162-S,Soft tissue implant,2015-02-24,"Osteosymbionics, Llc",3,2015-02-24,2015,Modèle industriel,[Modèle industriel] TITLE: Soft tissue implant
US-D930151-S,Surgical mask,2021-09-07,"Revolutionary Medical Devices, Inc.",2,2021-09-07,2021,Modèle industriel,[Modèle industriel] TITLE: Surgical mask
US-D667545-S,Optical unit for medical device,2012-09-18,Karl Storz Gmbh & Co. Kg,5,2012-09-18,2012,Modèle industriel,[Modèle industriel] TITLE: Optical unit for medical device
US-D896972-S,Medical device,2020-09-22,BrainWaveBank Limited,2,2020-09-22,2020,Modèle industriel,[Modèle industriel] TITLE: Medical device
US-D781420-S,Ophthalmic surgical manipulator,2017-03-14,"Katalyst Surgical, Llc",3,2017-03-14,2017,Modèle industriel,[Modèle industriel] TITLE: Ophthalmic surgical manipulator
US-D742517-S,Surgical implant,2015-11-03,Orthocision Inc.,2,2015-11-03,2015,Modèle industriel,[Modèle industriel] TITLE: Surgical implant
US-D625814-S,Surgical instrument for use in single-access surgery,2010-10-19,Karl Storz Gmbh & Co. Kg,7,2010-10-19,2010,Modèle industriel,[Modèle industriel] TITLE: Surgical instrument for use in single-access surgery
US-D625810-S,Surgical instrument for use in single-access surgery,2010-10-19,Karl Storz Gmbh & Co. Kg,7,2010-10-19,2010,Modèle industriel,[Modèle industriel] TITLE: Surgical instrument for use in single-access surgery
US-D763447-S,Surgical navigation instrument,2016-08-09,Karl Storz Gmbh & Co. Kg,3,2016-08-09,2016,Modèle industriel,[Modèle industriel] TITLE: Surgical navigation instrument
US-D677794-S,Table top implant tracking device with a transparent sheath,2013-03-12,Branko Prpa,9,2013-03-12,2013,Modèle industriel,[Modèle industriel] TITLE: Table top implant tracking device with a transparent sheath
US-D957250-S,Surgical procedure pack,2022-07-12,"Oasis Medical, Inc.",3,2022-07-12,2022,Modèle industriel,[Modèle industriel] TITLE: Surgical procedure pack
US-D754358-S,Medical device for pelvic realignment,2016-04-19,Robert Leonard Krullaards,5,2016-04-19,2016,Modèle industriel,[Modèle industriel] TITLE: Medical device for pelvic realignment
US-D989964-S,Medical implant device,2023-06-20,Lifenet Health,3,2023-06-20,2023,Modèle industriel,[Modèle industriel] TITLE: Medical implant device
US-D751198-S,Medical device,2016-03-08,"Prabhat Kumar Ahluwalia, Puja Ahluwalia",2,2016-03-08,2016,Modèle industriel,[Modèle industriel] TITLE: Medical device
US-D877918-S,Electrotherapy and neurostimulation medical device,2020-03-10,Biowave Corporation,5,2020-03-10,2020,Modèle industriel,[Modèle industriel] TITLE: Electrotherapy and neurostimulation medical device
US-D785172-S,Handle for endoscopic surgical clip applier,2017-04-25,Getac Technology Corporation,6,2017-04-25,2017,Modèle industriel,[Modèle industriel] TITLE: Handle for endoscopic surgical clip applier
US-D950735-S,Ultrasonic surgical instrument,2022-05-03,"SMTP Medical Co., Ltd.",3,2022-05-03,2022,Modèle industriel,[Modèle industriel] TITLE: Ultrasonic surgical instrument
US-D952155-S,Lower portion of a medical device,2022-05-17,"Medical Creations, Inc.",6,2022-05-17,2022,Modèle industriel,[Modèle industriel] TITLE: Lower portion of a medical device
US-D705427-S,Implant,2014-05-20,Ams Research Corporation,1,2014-05-20,2014,Modèle industriel,[Modèle industriel] TITLE: Implant
US-D784537-S,Surgical drill,2017-04-18,Phasor Health LLC,2,2017-04-18,2017,Modèle industriel,[Modèle industriel] TITLE: Surgical drill
US-D952846-S,Surgical instrument,2022-05-24,Integrity Implants Inc.,2,2022-05-24,2022,Modèle industriel,[Modèle industriel] TITLE: Surgical instrument
US-D929572-S,Surgical mask,2021-08-31,"Revolutionary Medical Devices, Inc.",2,2021-08-31,2021,Modèle industriel,[Modèle industriel] TITLE: Surgical mask
US-D741481-S,Ultrasonic surgical cutting blade,2015-10-20,"Misonix, Incorporated",4,2015-10-20,2015,Modèle industriel,[Modèle industriel] TITLE: Ultrasonic surgical cutting blade
US-D642264-S,Surgical saw blade hub,2011-07-26,"Synvasive Technology, Inc.",4,2011-07-26,2011,Modèle industriel,[Modèle industriel] TITLE: Surgical saw blade hub
US-D744097-S,Orthopedic implant sizer,2015-11-24,Integra Lifesciences Corporation,3,2015-11-24,2015,Modèle industriel,[Modèle industriel] TITLE: Orthopedic implant sizer
US-D670379-S,Surgical device front handle,2012-11-06,Conmed Corporation,4,2012-11-06,2012,Modèle industriel,[Modèle industriel] TITLE: Surgical device front handle
US-D938038-S,Dental implant with side-cutting grooves,2021-12-07,Chun Leon CHEN,5,2021-12-07,2021,Modèle industriel,[Modèle industriel] TITLE: Dental implant with side-cutting grooves
US-D938036-S,Dental implant abutment,2021-12-07,"Megagen Implant Co., Ltd.",3,2021-12-07,2021,Modèle industriel,[Modèle industriel] TITLE: Dental implant abutment
US-D951073-S,Pulley for surgical instrument,2022-05-10,Livsmed Inc.,4,2022-05-10,2022,Modèle industriel,[Modèle industriel] TITLE: Pulley for surgical instrument
US-D952447-S,Pulley for surgical instrument,2022-05-24,Livsmed Inc.,4,2022-05-24,2022,Modèle industriel,[Modèle industriel] TITLE: Pulley for surgical instrument
US-D765857-S,Dental implant fixture,2016-09-06,"Ebi Co., Ltd.",3,2016-09-06,2016,Modèle industriel,[Modèle industriel] TITLE: Dental implant fixture
US-D874649-S,Power driven surgical tool,2020-02-04,Osteomed Llc,4,2020-02-04,2020,Modèle industriel,[Modèle industriel] TITLE: Power driven surgical tool
US-D576277-S,Finger mounting surgical instrument with spatula retractor,2008-09-02,T.A.G. Medical Products A Limited Partnership.,7,2008-09-02,2008,Modèle industriel,[Modèle industriel] TITLE: Finger mounting surgical instrument with spatula retractor
US-D601702-S,Surgical instrument,2009-10-06,Yechiel Gotfried,2,2009-10-06,2009,Modèle industriel,[Modèle industriel] TITLE: Surgical instrument
US-D947375-S,Surgical instrument,2022-03-29,Intersect ENT International GmbH,2,2022-03-29,2022,Modèle industriel,[Modèle industriel] TITLE: Surgical instrument
US-D819807-S,Medical device interface connector,2018-06-05,Ekos Corporation,4,2018-06-05,2018,Modèle industriel,[Modèle industriel] TITLE: Medical device interface connector
US-D714666-S,Temperature trend indicator for use with a surgical and post surgical patient insulation cap,2014-10-07,Equalizer Technology LLC,14,2014-10-07,2014,Modèle industriel,[Modèle industriel] TITLE: Temperature trend indicator for use with a surgical and post surgical patient insulation cap
US-D953571-S,Tray insert for a medical implant and/or instrument case,2022-05-31,"DePuy Synthes Products, Inc.",9,2022-05-31,2022,Modèle industriel,[Modèle industriel] TITLE: Tray insert for a medical implant and/or instrument case
US-D917698-S,Spinal implant,2021-04-27,"In Queue Innovations, Llc",2,2021-04-27,2021,Modèle industriel,[Modèle industriel] TITLE: Spinal implant
US-D707816-S,Surgical forceps,2014-06-24,"Kogent Surgical, LLC",2,2014-06-24,2014,Modèle industriel,[Modèle industriel] TITLE: Surgical forceps
US-D600808-S,Medical device handle for a surgical tool,2009-09-22,"Nuortho Surgical, Inc.",7,2009-09-22,2009,Modèle industriel,[Modèle industriel] TITLE: Medical device handle for a surgical tool
US-D956225-S,Surgical retractor,2022-06-28,"Innovasis, Inc.",2,2022-06-28,2022,Modèle industriel,[Modèle industriel] TITLE: Surgical retractor
US-D690810-S,Surgical suture,2013-10-01,"Ethicon, Inc.",2,2013-10-01,2013,Modèle industriel,[Modèle industriel] TITLE: Surgical suture
US-D964565-S,Boring surgical tool,2022-09-20,Daniel J. Olson,3,2022-09-20,2022,Modèle industriel,[Modèle industriel] TITLE: Boring surgical tool
US-D1038400-S,Surgical implant,2024-08-06,"Warsaw Orthopedic, Inc.",2,2024-08-06,2024,Modèle industriel,[Modèle industriel] TITLE: Surgical implant
US-D806250-S,Medical device,2017-12-26,"Samsung Electronics Co., Ltd.",2,2017-12-26,2017,Modèle industriel,[Modèle industriel] TITLE: Medical device
US-D995790-S,Robotic surgical tool,2023-08-15,Depuy Ireland Unlimited Company,3,2023-08-15,2023,Modèle industriel,[Modèle industriel] TITLE: Robotic surgical tool
US-D692560-S,Handle for medical device,2013-10-29,"Karl Storz Gmbh & Co., Kg",4,2013-10-29,2013,Modèle industriel,[Modèle industriel] TITLE: Handle for medical device
US-D944994-S,Medical device for diagnosing allergies and obtaining skin surface characteristics,2022-03-01,"Innoprick, S.L.",10,2022-03-01,2022,Modèle industriel,[Modèle industriel] TITLE: Medical device for diagnosing allergies and obtaining skin surface characteristics
US-D949331-S,Dock for surgical equipment holder,2022-04-19,"Lsi Solutions, Inc.",5,2022-04-19,2022,Modèle industriel,[Modèle industriel] TITLE: Dock for surgical equipment holder
US-D999375-S,Surgical sheath,2023-09-19,Spiway Llc,2,2023-09-19,2023,Modèle industriel,[Modèle industriel] TITLE: Surgical sheath
US-D842990-S,Handle body for surgical device,2019-03-12,Olympus Corporation,5,2019-03-12,2019,Modèle industriel,[Modèle industriel] TITLE: Handle body for surgical device
US-D813388-S,Electro-cauterizing bi-polar surgical forceps,2018-03-20,"Michael Anderson, Chaim Colen, Tyrone Secord",4,2018-03-20,2018,Modèle industriel,[Modèle industriel] TITLE: Electro-cauterizing bi-polar surgical forceps
US-D1024324-S,Handle for surgical instrument,2024-04-23,"Ezisurg Medical Co., Ltd.",4,2024-04-23,2024,Modèle industriel,[Modèle industriel] TITLE: Handle for surgical instrument
US-D629516-S,Medical device,2010-12-21,Karl Storz Gmbh & Co. Kg,2,2010-12-21,2010,Modèle industriel,[Modèle industriel] TITLE: Medical device
US-D630735-S,Medical device,2011-01-11,Karl Storz Gmbh & Co. Kg,2,2011-01-11,2011,Modèle industriel,[Modèle industriel] TITLE: Medical device
US-D628693-S,Holder for medical device,2010-12-07,Karl Storz Gmbh Co. Kg,4,2010-12-07,2010,Modèle industriel,[Modèle industriel] TITLE: Holder for medical device
US-D883474-S,Medical device,2020-05-05,Unomedical A/S,2,2020-05-05,2020,Modèle industriel,[Modèle industriel] TITLE: Medical device
US-D877462-S,Combination surgical cap and deployable bouffant cap,2020-03-10,"O&M Halyard, Inc.",7,2020-03-10,2020,Modèle industriel,[Modèle industriel] TITLE: Combination surgical cap and deployable bouffant cap
US-D785798-S,Jawbone implant,2017-05-02,Karl Leibinger Medizintechnik Gmbh & Co. Kg,2,2017-05-02,2017,Modèle industriel,[Modèle industriel] TITLE: Jawbone implant
US-D1028230-S,Surgical handpiece,2024-05-21,Stryker Corporation,2,2024-05-21,2024,Modèle industriel,[Modèle industriel] TITLE: Surgical handpiece
US-D812752-S,Medical device for wound care,2018-03-13,Mundipharma Pty Limited,5,2018-03-13,2018,Modèle industriel,[Modèle industriel] TITLE: Medical device for wound care
US-D887624-S,Camera handle for a surgical lighthead,2020-06-16,American Sterilizer Company,6,2020-06-16,2020,Modèle industriel,[Modèle industriel] TITLE: Camera handle for a surgical lighthead
US-D999378-S,Impression coping for dental implant surgery,2023-09-19,"Megagen Implant Co., Ltd.",6,2023-09-19,2023,Modèle industriel,[Modèle industriel] TITLE: Impression coping for dental implant surgery
US-D1017798-S,Medical device holding sleeve,2024-03-12,Michael Senerchia,4,2024-03-12,2024,Modèle industriel,[Modèle industriel] TITLE: Medical device holding sleeve
US-D786434-S,Spinal implant,2017-05-09,ACES Ing.-GmbH,2,2017-05-09,2017,Modèle industriel,[Modèle industriel] TITLE: Spinal implant
US-D938018-S,Surgical instrument,2021-12-07,Livsmed Inc.,2,2021-12-07,2021,Modèle industriel,[Modèle industriel] TITLE: Surgical instrument
US-D718452-S,Dental implant ridge gauge,2014-11-25,Brian Ehrlich,4,2014-11-25,2014,Modèle industriel,[Modèle industriel] TITLE: Dental implant ridge gauge
US-D617447-S,Surgical suction tip,2010-06-08,"Hamid Cyrus Hajarian, Vahid Hamidi",3,2010-06-08,2010,Modèle industriel,[Modèle industriel] TITLE: Surgical suction tip
US-D825760-S,Implant,2018-08-14,Ostomycure As,1,2018-08-14,2018,Modèle industriel,[Modèle industriel] TITLE: Implant
US-D566277-S,Spinal fusion implant,2008-04-08,Richard Barry,3,2008-04-08,2008,Modèle industriel,[Modèle industriel] TITLE: Spinal fusion implant
US-D663835-S,Handle for medical device,2012-07-17,Karl Storz Gmbh & Co. Kg,4,2012-07-17,2012,Modèle industriel,[Modèle industriel] TITLE: Handle for medical device
US-D944983-S,Jig for processing of implant surgical guide,2022-03-01,Imsol Corp.,7,2022-03-01,2022,Modèle industriel,[Modèle industriel] TITLE: Jig for processing of implant surgical guide
US-D1004108-S,Surgical drape,2023-11-07,Lincoln Roland,2,2023-11-07,2023,Modèle industriel,[Modèle industriel] TITLE: Surgical drape
US-D714446-S,Operation panel for medical device,2014-09-30,"Samsung Electronics Co., Ltd.",5,2014-09-30,2014,Modèle industriel,[Modèle industriel] TITLE: Operation panel for medical device
US-D670385-S,Optical unit for medical device,2012-11-06,Karl Storz Gmbh & Co. Kg,5,2012-11-06,2012,Modèle industriel,[Modèle industriel] TITLE: Optical unit for medical device
US-D666714-S,Handle for medical device,2012-09-04,Karl Storz Gmbh & Co. Kg,4,2012-09-04,2012,Modèle industriel,[Modèle industriel] TITLE: Handle for medical device
US-D735855-S,Torque wrench for a surgical instrument,2015-08-04,"Ethicon Endo-Surgery, Inc.",6,2015-08-04,2015,Modèle industriel,[Modèle industriel] TITLE: Torque wrench for a surgical instrument
US-D933822-S,Surgical blade,2021-10-19,Shukla Medical,2,2021-10-19,2021,Modèle industriel,[Modèle industriel] TITLE: Surgical blade
US-D846013-S,Surgical microscope,2019-04-16,"Sony Corporation, Sony Olympus Medical Solutions Inc.",2,2019-04-16,2019,Modèle industriel,[Modèle industriel] TITLE: Surgical microscope
US-D903867-S,Cutting and coagulating surgical jaws,2020-12-01,Robert A. Van Wyk,5,2020-12-01,2020,Modèle industriel,[Modèle industriel] TITLE: Cutting and coagulating surgical jaws
US-D841811-S,Bone implant,2019-02-26,"Corelink, Llc",2,2019-02-26,2019,Modèle industriel,[Modèle industriel] TITLE: Bone implant
US-D745965-S,Surgical instrument shaft with hole pattern,2015-12-22,"Intuitive Surgical Operations, Inc.",6,2015-12-22,2015,Modèle industriel,[Modèle industriel] TITLE: Surgical instrument shaft with hole pattern
US-D669592-S,Medical device,2012-10-23,"InControl Medical, LLC",2,2012-10-23,2012,Modèle industriel,[Modèle industriel] TITLE: Medical device
US-D968593-S,Safety tab for medical device,2022-11-01,Eitan Medical Ltd.,5,2022-11-01,2022,Modèle industriel,[Modèle industriel] TITLE: Safety tab for medical device
US-D725774-S,Sizing orthopaedic surgical instrument,2015-03-31,Depuy (Ireland),4,2015-03-31,2015,Modèle industriel,[Modèle industriel] TITLE: Sizing orthopaedic surgical instrument
US-D773044-S,Needle holder for surgical application,2016-11-29,"Karl Storz Endovision, Inc.",5,2016-11-29,2016,Modèle industriel,[Modèle industriel] TITLE: Needle holder for surgical application
US-D962435-S,Surgical instrument backend housing,2022-08-30,"Intuitive Surgical Operations, Inc.",4,2022-08-30,2022,Modèle industriel,[Modèle industriel] TITLE: Surgical instrument backend housing
US-D751709-S,Dental implant abutment,2016-03-15,Benedict Lui,3,2016-03-15,2016,Modèle industriel,[Modèle industriel] TITLE: Dental implant abutment
US-D603049-S,Electrical terminal for surgical system,2009-10-27,American Sterilizer Company,5,2009-10-27,2009,Modèle industriel,[Modèle industriel] TITLE: Electrical terminal for surgical system
US-D620121-S,Cart for a medical device,2010-07-20,"Unetixs Vascular, Inc.",5,2010-07-20,2010,Modèle industriel,[Modèle industriel] TITLE: Cart for a medical device
US-D993416-S,Dental implant,2023-07-25,"M3 Health Industria E Comércio De Produtos Médicos, Odontológicos E Correlatos S.A.",2,2023-07-25,2023,Modèle industriel,[Modèle industriel] TITLE: Dental implant
US-D847333-S,Surgical instrument,2019-04-30,"Exactech, Inc.",2,2019-04-30,2019,Modèle industriel,[Modèle industriel] TITLE: Surgical instrument
US-D771808-S,Surgical navigation instrument,2016-11-15,Karl Storz Gmbh & Co. Kg,3,2016-11-15,2016,Modèle industriel,[Modèle industriel] TITLE: Surgical navigation instrument
US-D926978-S,Surgical instrument handle,2021-08-03,GetSet Surgical SA,3,2021-08-03,2021,Modèle industriel,[Modèle industriel] TITLE: Surgical instrument handle
US-D633614-S,Portion of surgical retractor with sensor,2011-03-01,Vioptix Inc.,6,2011-03-01,2011,Modèle industriel,[Modèle industriel] TITLE: Portion of surgical retractor with sensor
US-D815741-S,Surgical mesh implant,2018-04-17,Johnson & Johnson Medical Gmbh,3,2018-04-17,2018,Modèle industriel,[Modèle industriel] TITLE: Surgical mesh implant
US-D702354-S,Medical device,2014-04-08,Aerocrine Ab,2,2014-04-08,2014,Modèle industriel,[Modèle industriel] TITLE: Medical device
US-D765247-S,Surgical scalpel,2016-08-30,Michele Andrews,2,2016-08-30,2016,Modèle industriel,[Modèle industriel] TITLE: Surgical scalpel
US-D723164-S,Breast implant sizer,2015-02-24,Jason E. Leedy,3,2015-02-24,2015,Modèle industriel,[Modèle industriel] TITLE: Breast implant sizer
US-D659829-S,Housing container for dental implant fixture,2012-05-15,Gc Corporation,6,2012-05-15,2012,Modèle industriel,[Modèle industriel] TITLE: Housing container for dental implant fixture
US-D717434-S,Implant fixture,2014-11-11,"Megagen Implant Co., Ltd.",2,2014-11-11,2014,Modèle industriel,[Modèle industriel] TITLE: Implant fixture
US-D704835-S,Surgical retractor with suction tip,2014-05-13,"Hamid Cyrus Hajarian, Vahid Hamidi",5,2014-05-13,2014,Modèle industriel,[Modèle industriel] TITLE: Surgical retractor with suction tip
US-D604846-S,Surgical nail for arthrodesis,2009-11-24,New Deal,4,2009-11-24,2009,Modèle industriel,[Modèle industriel] TITLE: Surgical nail for arthrodesis
US-D689610-S,Dental implant,2013-09-10,Mazen Dukhan,2,2013-09-10,2013,Modèle industriel,[Modèle industriel] TITLE: Dental implant
US-D983396-S,Medical sample collector device,2023-04-11,"Dna Medicine Institute, Inc.",4,2023-04-11,2023,Modèle industriel,[Modèle industriel] TITLE: Medical sample collector device
US-D916286-S,Surgical stapler washer,2021-04-13,Ethicon Llc,3,2021-04-13,2021,Modèle industriel,[Modèle industriel] TITLE: Surgical stapler washer
US-D594126-S,Surgical illuminator,2009-06-09,Welch Allyn Inc.,2,2009-06-09,2009,Modèle industriel,[Modèle industriel] TITLE: Surgical illuminator
US-D816864-S,Notched pole clamp for medical device,2018-05-01,"Smiths Medical Asd, Inc.",6,2018-05-01,2018,Modèle industriel,[Modèle industriel] TITLE: Notched pole clamp for medical device
US-D986420-S,Dental implant fixture,2023-05-16,"Megagen Implant Co., Ltd.",3,2023-05-16,2023,Modèle industriel,[Modèle industriel] TITLE: Dental implant fixture
US-D808524-S,Femoral implant,2018-01-23,Laboratoires Bodycad Inc.,2,2018-01-23,2018,Modèle industriel,[Modèle industriel] TITLE: Femoral implant
US-D748258-S,Clips for surgical purposes,2016-01-26,Novastep,4,2016-01-26,2016,Modèle industriel,[Modèle industriel] TITLE: Clips for surgical purposes
US-D916282-S,Surgical screw,2021-04-13,Field Orthopaedics Pty Ltd,2,2021-04-13,2021,Modèle industriel,[Modèle industriel] TITLE: Surgical screw
US-D726317-S,Surgical knife,2015-04-07,"Jacob DeLaRosa, Julio C. Vasquez",2,2015-04-07,2015,Modèle industriel,[Modèle industriel] TITLE: Surgical knife
US-D857886-S,Handles for surgical instruments,2019-08-27,Helmut Zepf Medizintechnik Gmbh,4,2019-08-27,2019,Modèle industriel,[Modèle industriel] TITLE: Handles for surgical instruments
US-D798454-S,Nasal implant,2017-09-26,"Shawhan Biomedical Co., Ltd.",2,2017-09-26,2017,Modèle industriel,[Modèle industriel] TITLE: Nasal implant
US-D741999-S,Guidewire for a medical device,2015-10-27,"Asahi Intecc Co., Ltd.",5,2015-10-27,2015,Modèle industriel,[Modèle industriel] TITLE: Guidewire for a medical device
US-D687540-S,Medical device keypad interface,2013-08-06,Amrita Vishwa Vidyapeetham,4,2013-08-06,2013,Modèle industriel,[Modèle industriel] TITLE: Medical device keypad interface
US-D760388-S,Medical device,2016-06-28,"Welch Allyn, Inc.",2,2016-06-28,2016,Modèle industriel,[Modèle industriel] TITLE: Medical device
US-D853560-S,Spinal implant insertion device,2019-07-09,"Nuvasive, Inc.",4,2019-07-09,2019,Modèle industriel,[Modèle industriel] TITLE: Spinal implant insertion device
US-D897393-S,Surgical binocular loupes casing,2020-09-29,Ho Jun Eom,4,2020-09-29,2020,Modèle industriel,[Modèle industriel] TITLE: Surgical binocular loupes casing
US-D942645-S,Medical device package,2022-02-01,Hollister Incorporated,3,2022-02-01,2022,Modèle industriel,[Modèle industriel] TITLE: Medical device package
US-D938026-S,Surgical strike plate handle for implant removal,2021-12-07,"Tightline Development, LLC.",7,2021-12-07,2021,Modèle industriel,[Modèle industriel] TITLE: Surgical strike plate handle for implant removal
US-D1041657-S,Medical implant set,2024-09-10,"Biogend Therapeutics Co., Ltd.",3,2024-09-10,2024,Modèle industriel,[Modèle industriel] TITLE: Medical implant set
US-D683019-S,Surgical suture needle conductor pincet,2013-05-21,"Amir Hashem Shahidi Bonjar, Shahid Beheshti University of Medical Sciences",5,2013-05-21,2013,Modèle industriel,[Modèle industriel] TITLE: Surgical suture needle conductor pincet
US-D638940-S,Hood-blade assembly for a surgical instrument,2011-05-31,"Del Palma Orthopedics, LLC",6,2011-05-31,2011,Modèle industriel,[Modèle industriel] TITLE: Hood-blade assembly for a surgical instrument
US-D865163-S,Surgical instrument actuator end portion,2019-10-29,"Intuitive Surgical Operations, Inc.",5,2019-10-29,2019,Modèle industriel,[Modèle industriel] TITLE: Surgical instrument actuator end portion
US-D810949-S,Surgical drape,2018-02-20,"Beaver-Visitec International (Us), Inc.",2,2018-02-20,2018,Modèle industriel,[Modèle industriel] TITLE: Surgical drape
US-D949342-S,Ocular implant,2022-04-19,"New World Medical, Inc.",2,2022-04-19,2022,Modèle industriel,[Modèle industriel] TITLE: Ocular implant
US-D612055-S,Dental implant,2010-03-16,Societa' Azionaria Materiale Ospedalirro - S.A.N.O. S.p.A.,2,2010-03-16,2010,Modèle industriel,[Modèle industriel] TITLE: Dental implant
US-D1001266-S,Medical device,2023-10-10,Achilles Therapeutics Uk Limited,2,2023-10-10,2023,Modèle industriel,[Modèle industriel] TITLE: Medical device
US-D904611-S,Jaw design for a surgical instrument,2020-12-08,"Bolder Surgical, Llc",6,2020-12-08,2020,Modèle industriel,[Modèle industriel] TITLE: Jaw design for a surgical instrument
US-D945638-S,Surgical tray,2022-03-08,"Newgen Surgical, Inc.",2,2022-03-08,2022,Modèle industriel,[Modèle industriel] TITLE: Surgical tray
US-D667547-S,Medical device,2012-09-18,Karl Storz Gmbh & Co. Kg,2,2012-09-18,2012,Modèle industriel,[Modèle industriel] TITLE: Medical device
US-D814633-S,Drive axle for dental or medical device,2018-04-03,W&H Dentalwerk Bürmoos GmbH,7,2018-04-03,2018,Modèle industriel,[Modèle industriel] TITLE: Drive axle for dental or medical device
US-D780314-S,Unitary spinal disc implant,2017-02-28,"Brian D. Burkinshaw, Jonathan Stupka",4,2017-02-28,2017,Modèle industriel,[Modèle industriel] TITLE: Unitary spinal disc implant
US-D795429-S,Dental implant tool,2017-08-22,"Dental Tool Development, LLC",3,2017-08-22,2017,Modèle industriel,[Modèle industriel] TITLE: Dental implant tool
US-D603045-S,Surgical dilator,2009-10-27,Orthopedic Development Corporation,2,2009-10-27,2009,Modèle industriel,[Modèle industriel] TITLE: Surgical dilator
US-D982751-S,Trocar for surgical instrument,2023-04-04,Livsmed Inc.,4,2023-04-04,2023,Modèle industriel,[Modèle industriel] TITLE: Trocar for surgical instrument
US-D781416-S,Medical device handle,2017-03-14,"Custom Medical Applications, Inc.",3,2017-03-14,2017,Modèle industriel,[Modèle industriel] TITLE: Medical device handle
US-D812760-S,Medical device programmer,2018-03-13,"Medtronic, Inc.",3,2018-03-13,2018,Modèle industriel,[Modèle industriel] TITLE: Medical device programmer
US-D825066-S,Surgical arm,2018-08-07,Imperial Innovations Limited,2,2018-08-07,2018,Modèle industriel,[Modèle industriel] TITLE: Surgical arm
US-D790764-S,Surgical light cover having integrated handle cover,2017-06-27,"Frances W. Hood, Allan G. Hood",7,2017-06-27,2017,Modèle industriel,[Modèle industriel] TITLE: Surgical light cover having integrated handle cover
US-D934425-S,Medical instrument for eye surgical purposes,2021-10-26,Oertli-Instrumente Ag,6,2021-10-26,2021,Modèle industriel,[Modèle industriel] TITLE: Medical instrument for eye surgical purposes
US-D700334-S,Universal surgical plate,2014-02-25,"Veterinary Implants Direct, Llc.",3,2014-02-25,2014,Modèle industriel,[Modèle industriel] TITLE: Universal surgical plate
US-D717441-S,Medical device housing for an electrocardiography device or the like,2014-11-11,"Welch Allyn, Inc.",10,2014-11-11,2014,Modèle industriel,[Modèle industriel] TITLE: Medical device housing for an electrocardiography device or the like
US-D800917-S,Surgical drape,2017-10-24,"Airspace, Llc",2,2017-10-24,2017,Modèle industriel,[Modèle industriel] TITLE: Surgical drape
US-D846183-S,Support arm for an overhead surgical lighting system,2019-04-16,American Sterilizer Company,8,2019-04-16,2019,Modèle industriel,[Modèle industriel] TITLE: Support arm for an overhead surgical lighting system
US-D861898-S,Medical device,2019-10-01,Orthofix Inc.,2,2019-10-01,2019,Modèle industriel,[Modèle industriel] TITLE: Medical device
US-D860467-S,Medical device,2019-09-17,Orthofix Inc.,2,2019-09-17,2019,Modèle industriel,[Modèle industriel] TITLE: Medical device
US-D642679-S,Surgical retractor,2011-08-02,"Raven Iii Raymond B, Zlotolow Dan A",2,2011-08-02,2011,Modèle industriel,[Modèle industriel] TITLE: Surgical retractor
US-D897532-S,Surgical tool,2020-09-29,Prince Of Songkla University,2,2020-09-29,2020,Modèle industriel,[Modèle industriel] TITLE: Surgical tool
US-D1040340-S,Endoscopic medical device,2024-08-27,Prmedical S.R.L.,3,2024-08-27,2024,Modèle industriel,[Modèle industriel] TITLE: Endoscopic medical device
US-D936584-S,Generator for a surgical device,2021-11-23,"Bolder Surgical, Llc",5,2021-11-23,2021,Modèle industriel,[Modèle industriel] TITLE: Generator for a surgical device
US-D954979-S,Medical device for use in treating plantar fasciitis,2022-06-14,"Solestretch, Llc",8,2022-06-14,2022,Modèle industriel,[Modèle industriel] TITLE: Medical device for use in treating plantar fasciitis
US-D1046127-S,Connector hub for surgical instrument,2024-10-08,Shukla Medical,5,2024-10-08,2024,Modèle industriel,[Modèle industriel] TITLE: Connector hub for surgical instrument
US-D951445-S,Trocar for surgical instrument,2022-05-10,Livsmed Inc.,4,2022-05-10,2022,Modèle industriel,[Modèle industriel] TITLE: Trocar for surgical instrument
US-D968609-S,Medical implant device,2022-11-01,Lifenet Health,3,2022-11-01,2022,Modèle industriel,[Modèle industriel] TITLE: Medical implant device
US-D744566-S,Equipment carrier for a surgical microscope,2015-12-01,Carl Zeiss Meditec Ag,6,2015-12-01,2015,Modèle industriel,[Modèle industriel] TITLE: Equipment carrier for a surgical microscope
US-D1038889-S,Medical device electronic connector plug,2024-08-13,Edwards Lifesciences Corporation,5,2024-08-13,2024,Modèle industriel,[Modèle industriel] TITLE: Medical device electronic connector plug
US-D921195-S,Surgical tool handle,2021-06-01,Shukla Medical,3,2021-06-01,2021,Modèle industriel,[Modèle industriel] TITLE: Surgical tool handle
US-D752752-S,Provisional dental implant,2016-03-29,"Provisional Implant Technology, Llc",3,2016-03-29,2016,Modèle industriel,[Modèle industriel] TITLE: Provisional dental implant
US-D883481-S,Surgical tool handle,2020-05-05,Shukla Medical,3,2020-05-05,2020,Modèle industriel,[Modèle industriel] TITLE: Surgical tool handle
US-D926312-S,Surgical instrument handle,2021-07-27,GetSet Surgical SA,3,2021-07-27,2021,Modèle industriel,[Modèle industriel] TITLE: Surgical instrument handle
US-D965783-S,Knife for surgical purposes,2022-10-04,"Mani, Inc.",4,2022-10-04,2022,Modèle industriel,[Modèle industriel] TITLE: Knife for surgical purposes
US-D966519-S,Storage of implant,2022-10-11,"Plasmapp Co., Ltd.",3,2022-10-11,2022,Modèle industriel,[Modèle industriel] TITLE: Storage of implant
US-D669173-S,Optical unit for medical device,2012-10-16,Karl Storz Gmbh & Co. Kg,5,2012-10-16,2012,Modèle industriel,[Modèle industriel] TITLE: Optical unit for medical device
US-D963164-S,Surgical needle,2022-09-06,The Regents Of The University Of California,2,2022-09-06,2022,Modèle industriel,[Modèle industriel] TITLE: Surgical needle
US-D966518-S,Storage of implant,2022-10-11,"Plasmapp Co., Ltd.",3,2022-10-11,2022,Modèle industriel,[Modèle industriel] TITLE: Storage of implant
US-D771256-S,Surgical dissector,2016-11-08,Paul Joseph Weber,2,2016-11-08,2016,Modèle industriel,[Modèle industriel] TITLE: Surgical dissector
US-D625803-S,Surgical collet,2010-10-19,Conmed Corporation,2,2010-10-19,2010,Modèle industriel,[Modèle industriel] TITLE: Surgical collet
US-D1029267-S,Medical device console,2024-05-28,Appscent Medical Ltd,3,2024-05-28,2024,Modèle industriel,[Modèle industriel] TITLE: Medical device console
US-D1018842-S,Cannula assembly for an ocular implant delivery device,2024-03-19,"Iantrek, Inc.",8,2024-03-19,2024,Modèle industriel,[Modèle industriel] TITLE: Cannula assembly for an ocular implant delivery device
US-D946151-S,Medical device,2022-03-15,Mirus Llc,2,2022-03-15,2022,Modèle industriel,[Modèle industriel] TITLE: Medical device
US-D797936-S,Cuff pressure controller for a medical device,2017-09-19,"Murata Manufacturing Co., Ltd.",7,2017-09-19,2017,Modèle industriel,[Modèle industriel] TITLE: Cuff pressure controller for a medical device
US-D666297-S,Dental implant stud,2012-08-28,"Sibhatu Mussie T, Frederick Michael Nester",3,2012-08-28,2012,Modèle industriel,[Modèle industriel] TITLE: Dental implant stud
US-D946152-S,Medical device,2022-03-15,Mirus Llc,2,2022-03-15,2022,Modèle industriel,[Modèle industriel] TITLE: Medical device
US-D708840-S,Medical device carrying tote,2014-07-15,"Medline Industries, Inc.",4,2014-07-15,2014,Modèle industriel,[Modèle industriel] TITLE: Medical device carrying tote
US-D1032849-S,Fixture for dental implant,2024-06-25,"Truabutment Korea, Inc.",4,2024-06-25,2024,Modèle industriel,[Modèle industriel] TITLE: Fixture for dental implant
US-D868082-S,Display screen of a controller for surgical instrument with graphical user interface,2019-11-26,Olympus Corporation,12,2019-11-26,2019,Modèle industriel,[Modèle industriel] TITLE: Display screen of a controller for surgical instrument with graphical user interface
US-D745163-S,Orthopedic implant,2015-12-08,"Biomedical Enterprises, Inc.",2,2015-12-08,2015,Modèle industriel,[Modèle industriel] TITLE: Orthopedic implant
US-D984085-S,Surgical apparel,2023-04-25,Fumiko Fujii,2,2023-04-25,2023,Modèle industriel,[Modèle industriel] TITLE: Surgical apparel
US-D925738-S,Surgical blade,2021-07-20,"Progressive Medical, Inc.",2,2021-07-20,2021,Modèle industriel,[Modèle industriel] TITLE: Surgical blade
US-D915590-S,Surgical device,2021-04-06,Olympus Corporation,2,2021-04-06,2021,Modèle industriel,[Modèle industriel] TITLE: Surgical device
US-D989315-S,K-Tec implant design,2023-06-13,Kamil Karroum,3,2023-06-13,2023,Modèle industriel,[Modèle industriel] TITLE: K-Tec implant design
US-D963857-S,Surgical knotting kit,2022-09-13,Clouz Gmbh,3,2022-09-13,2022,Modèle industriel,[Modèle industriel] TITLE: Surgical knotting kit
US-D947383-S,Surgical curette,2022-03-29,Seoul National University Hospital,2,2022-03-29,2022,Modèle industriel,[Modèle industriel] TITLE: Surgical curette
US-D947380-S,Surgical curette,2022-03-29,Seoul National University Hospital,2,2022-03-29,2022,Modèle industriel,[Modèle industriel] TITLE: Surgical curette
US-D971404-S,Jaw for surgical instrument,2022-11-29,Livsmed Inc.,4,2022-11-29,2022,Modèle industriel,[Modèle industriel] TITLE: Jaw for surgical instrument
US-D656613-S,Driver bit for a lactosorbic surgical fastener,2012-03-27,"Biomet Microfixation, Llc",7,2012-03-27,2012,Modèle industriel,[Modèle industriel] TITLE: Driver bit for a lactosorbic surgical fastener
US-D841801-S,Medical apparatus for retaining at least one medical device adjacent a supporting surface,2019-02-26,Kevin D. Taylor,13,2019-02-26,2019,Modèle industriel,[Modèle industriel] TITLE: Medical apparatus for retaining at least one medical device adjacent a supporting surface
US-D1040349-S,Medical device for magnetic field-based healthcare,2024-08-27,Starpax Biopharma Inc.,6,2024-08-27,2024,Modèle industriel,[Modèle industriel] TITLE: Medical device for magnetic field-based healthcare
US-D947381-S,Surgical curette,2022-03-29,Seoul National University Hospital,2,2022-03-29,2022,Modèle industriel,[Modèle industriel] TITLE: Surgical curette
US-D630319-S,Medical device connector,2011-01-04,"Cytopherx, Inc",3,2011-01-04,2011,Modèle industriel,[Modèle industriel] TITLE: Medical device connector
US-D1030061-S,Medical device for magnetic field-based healthcare,2024-06-04,Starpax Biopharma Inc.,6,2024-06-04,2024,Modèle industriel,[Modèle industriel] TITLE: Medical device for magnetic field-based healthcare
US-D1027179-S,Medical device for magnetic field-based healthcare,2024-05-14,Starpax Biopharma Inc.,6,2024-05-14,2024,Modèle industriel,[Modèle industriel] TITLE: Medical device for magnetic field-based healthcare
US-D643816-S,Connector box for a portable medical device or laptop,2011-08-23,DanMedical Ltd.,9,2011-08-23,2011,Modèle industriel,[Modèle industriel] TITLE: Connector box for a portable medical device or laptop
US-D1017810-S,Medical device for magnetic field-based healthcare,2024-03-12,Starpax Biopharma Inc.,6,2024-03-12,2024,Modèle industriel,[Modèle industriel] TITLE: Medical device for magnetic field-based healthcare
US-D765847-S,Chin implant,2016-09-06,"Shawhan Biomedical Co., Ltd.",2,2016-09-06,2016,Modèle industriel,[Modèle industriel] TITLE: Chin implant
US-D581537-S,Spinal implant,2008-11-25,"Zimmer Spine, Inc.",2,2008-11-25,2008,Modèle industriel,[Modèle industriel] TITLE: Spinal implant
US-D992736-S,Cylinder for dental implant,2023-07-18,Dio Corporation,4,2023-07-18,2023,Modèle industriel,[Modèle industriel] TITLE: Cylinder for dental implant
US-D885577-S,Expandable medical device,2020-05-26,"Transit Scientific, LLC",3,2020-05-26,2020,Modèle industriel,[Modèle industriel] TITLE: Expandable medical device
US-D885576-S,Expandable medical device,2020-05-26,"Transit Scientific, LLC",3,2020-05-26,2020,Modèle industriel,[Modèle industriel] TITLE: Expandable medical device
US-D827142-S,Surgical table peg pad,2018-08-28,"Michael Neel, Kenneth Weiss, Ron Hoffman",4,2018-08-28,2018,Modèle industriel,[Modèle industriel] TITLE: Surgical table peg pad
US-D770620-S,Surgical cutter,2016-11-01,Geomed Medizin-Technik GmbH & Co. KG,2,2016-11-01,2016,Modèle industriel,[Modèle industriel] TITLE: Surgical cutter
US-D690420-S,Medical device,2013-09-24,Verathon Inc.,2,2013-09-24,2013,Modèle industriel,[Modèle industriel] TITLE: Medical device
US-D585552-S,Spinal implant,2009-01-27,"Zimmer Spine, Inc.",2,2009-01-27,2009,Modèle industriel,[Modèle industriel] TITLE: Spinal implant
US-D1028238-S,Dental implant applied to cranial fossa and minimally invasive plate,2024-05-21,"M3 Health Industria E Comércio De Produtos Médicos, Odontológicos E Correlatos S.A.",10,2024-05-21,2024,Modèle industriel,[Modèle industriel] TITLE: Dental implant applied to cranial fossa and minimally invasive plate
US-D600112-S,Packaging for surgical blade tips,2009-09-15,"Becton, Dickinson And Company",5,2009-09-15,2009,Modèle industriel,[Modèle industriel] TITLE: Packaging for surgical blade tips
US-D633203-S,Ophthalmic surgical device for endothelial keratoplasty,2011-02-22,"Philip Douglas Weston, Donald Tan, Jod Mehta",6,2011-02-22,2011,Modèle industriel,[Modèle industriel] TITLE: Ophthalmic surgical device for endothelial keratoplasty
US-D800907-S,Surgical tool,2017-10-24,"Medtronic Ps Medical, Inc.",2,2017-10-24,2017,Modèle industriel,[Modèle industriel] TITLE: Surgical tool
US-D775360-S,Patient diagnostic medical device,2016-12-27,"Medtronic, Inc.",4,2016-12-27,2016,Modèle industriel,[Modèle industriel] TITLE: Patient diagnostic medical device
US-D857200-S,Unitary spinal disc implant,2019-08-20,"Brian D. Burkinshaw, Jonathan Stupka",4,2019-08-20,2019,Modèle industriel,[Modèle industriel] TITLE: Unitary spinal disc implant
US-D957634-S,Surgical device,2022-07-12,University Of Malta,2,2022-07-12,2022,Modèle industriel,[Modèle industriel] TITLE: Surgical device
US-D1025342-S,Alignment device for machining a dental implant,2024-04-30,"M3 Health Indústria E Comeércio De Produtos Médicos, Odontológicos E Correlatos S.A.",7,2024-04-30,2024,Modèle industriel,[Modèle industriel] TITLE: Alignment device for machining a dental implant
US-D862693-S,Surgical system instrument interface sterile adapter,2019-10-08,"Intuitive Surgical Operations, Inc.",6,2019-10-08,2019,Modèle industriel,[Modèle industriel] TITLE: Surgical system instrument interface sterile adapter
US-D909578-S,Surgical suture,2021-02-02,Healthium Medtech Private Limited,2,2021-02-02,2021,Modèle industriel,[Modèle industriel] TITLE: Surgical suture
US-D848617-S,Surgical system manipulator boot,2019-05-14,"Intuitive Surgical Operations, Inc.",4,2019-05-14,2019,Modèle industriel,[Modèle industriel] TITLE: Surgical system manipulator boot
US-D755386-S,X-ray tube for medical device,2016-05-03,"Kabushiki Kaisha Toshiba, Toshiba Electron Tubes & Devices Co., Ltd.",5,2016-05-03,2016,Modèle industriel,[Modèle industriel] TITLE: X-ray tube for medical device
US-D847991-S,Surgical port closure device,2019-05-07,Brainchild Surgical Devices Llc,4,2019-05-07,2019,Modèle industriel,[Modèle industriel] TITLE: Surgical port closure device
US-D894387-S,Plasma surgical device distal tip,2020-08-25,"Smith & Nephew, Inc.",5,2020-08-25,2020,Modèle industriel,[Modèle industriel] TITLE: Plasma surgical device distal tip
US-D954950-S,Measurement head for a surgical tool,2022-06-14,Stryker Corporation,6,2022-06-14,2022,Modèle industriel,[Modèle industriel] TITLE: Measurement head for a surgical tool
US-D636873-S,Finder tube for a surgical instrument,2011-04-26,"Del Palma Orthopedics, LLC",6,2011-04-26,2011,Modèle industriel,[Modèle industriel] TITLE: Finder tube for a surgical instrument
US-D715930-S,Medical device delivery handle,2014-10-21,Cook Medical Technologies Llc,4,2014-10-21,2014,Modèle industriel,[Modèle industriel] TITLE: Medical device delivery handle
US-D755389-S,X-ray tube for medical device,2016-05-03,"Kabushiki Kaisha Toshiba, Toshiba Electron Tubes & Devices Co., Ltd.",5,2016-05-03,2016,Modèle industriel,[Modèle industriel] TITLE: X-ray tube for medical device
US-D755387-S,X-ray tube for medical device,2016-05-03,"Kabushiki Kaisha Toshiba, Toshiba Electron Tubes & Devices Co., Ltd.",5,2016-05-03,2016,Modèle industriel,[Modèle industriel] TITLE: X-ray tube for medical device
US-D758577-S,White balance enclosure cap for a medical device,2016-06-07,"Endochoice, Inc.",8,2016-06-07,2016,Modèle industriel,[Modèle industriel] TITLE: White balance enclosure cap for a medical device
US-D712036-S,Invertebral implant,2014-08-26,"Globus Medical, Inc.",2,2014-08-26,2014,Modèle industriel,[Modèle industriel] TITLE: Invertebral implant
US-D1035874-S,Surgical staple cartridge,2024-07-16,Fulbright Medical Inc.,3,2024-07-16,2024,Modèle industriel,[Modèle industriel] TITLE: Surgical staple cartridge
US-D740416-S,Surgical ocular clip,2015-10-06,Angela Dolmetsch,3,2015-10-06,2015,Modèle industriel,[Modèle industriel] TITLE: Surgical ocular clip
US-D756517-S,Multi-purpose medical imaging device support apparatus,2016-05-17,Comprehensive Telemedicine,6,2016-05-17,2016,Modèle industriel,[Modèle industriel] TITLE: Multi-purpose medical imaging device support apparatus
US-D844138-S,Handle assembly of a multi-function surgical instrument,2019-03-26,Covidien Lp,7,2019-03-26,2019,Modèle industriel,[Modèle industriel] TITLE: Handle assembly of a multi-function surgical instrument
US-D1046150-S,Surgical instrument,2024-10-08,Medacta International Sa,2,2024-10-08,2024,Modèle industriel,[Modèle industriel] TITLE: Surgical instrument
US-D1046132-S,Surgical instrument,2024-10-08,Medacta International Sa,2,2024-10-08,2024,Modèle industriel,[Modèle industriel] TITLE: Surgical instrument
US-D768296-S,Surgical reference clamp,2016-10-04,"7D Surgical, Inc.",3,2016-10-04,2016,Modèle industriel,[Modèle industriel] TITLE: Surgical reference clamp
US-D1032842-S,Dental implant,2024-06-25,Omid Allan,2,2024-06-25,2024,Modèle industriel,[Modèle industriel] TITLE: Dental implant
US-D896962-S,Surgical stapler,2020-09-22,Ethicon Llc,2,2020-09-22,2020,Modèle industriel,[Modèle industriel] TITLE: Surgical stapler
US-D893720-S,Surgical stapler,2020-08-18,Ethicon Llc,2,2020-08-18,2020,Modèle industriel,[Modèle industriel] TITLE: Surgical stapler
US-D622850-S,Surgical saw device,2010-08-31,"Synvasive Technology, Inc.",3,2010-08-31,2010,Modèle industriel,[Modèle industriel] TITLE: Surgical saw device
US-D1050436-S,Nasal implant for rhinoplasty,2024-11-05,Eun Hyun Bae,4,2024-11-05,2024,Modèle industriel,[Modèle industriel] TITLE: Nasal implant for rhinoplasty
US-D1050437-S,Nasal implant for rhinoplasty,2024-11-05,Eun Hyun Bae,4,2024-11-05,2024,Modèle industriel,[Modèle industriel] TITLE: Nasal implant for rhinoplasty
US-D946770-S,Medical device,2022-03-22,ManaMed Inc.,2,2022-03-22,2022,Modèle industriel,[Modèle industriel] TITLE: Medical device
US-D995764-S,Medical device housing,2023-08-15,"Abiomed, Inc.",3,2023-08-15,2023,Modèle industriel,[Modèle industriel] TITLE: Medical device housing
US-D994879-S,Medical device housing,2023-08-08,"Abiomed, Inc.",3,2023-08-08,2023,Modèle industriel,[Modèle industriel] TITLE: Medical device housing
US-D770047-S,Surgical mesh implant having a floating thread grid marker,2016-10-25,Johnson & Johnson Medical Gmbh,9,2016-10-25,2016,Modèle industriel,[Modèle industriel] TITLE: Surgical mesh implant having a floating thread grid marker
US-D816848-S,Clamp for surgical support table,2018-05-01,"Innovative Medical Products, Inc.",5,2018-05-01,2018,Modèle industriel,[Modèle industriel] TITLE: Clamp for surgical support table
US-D1038403-S,Medical device for tricuspid valve regurgitation,2024-08-06,"Tau-Pnu Medical Co., Ltd.",6,2024-08-06,2024,Modèle industriel,[Modèle industriel] TITLE: Medical device for tricuspid valve regurgitation
US-D905242-S,Surgical stapler,2020-12-15,Ethicon Llc,2,2020-12-15,2020,Modèle industriel,[Modèle industriel] TITLE: Surgical stapler
US-D914209-S,Surgical tool handle,2021-03-23,Shukla Medical,3,2021-03-23,2021,Modèle industriel,[Modèle industriel] TITLE: Surgical tool handle
US-D958974-S,Surgical sponge,2022-07-26,Coh Holdco Inc.,2,2022-07-26,2022,Modèle industriel,[Modèle industriel] TITLE: Surgical sponge
US-D827136-S,Surgical knife,2018-08-28,"Feather Safety Razor Co., Ltd.",2,2018-08-28,2018,Modèle industriel,[Modèle industriel] TITLE: Surgical knife
US-D1028252-S,Antenna for use with medical device,2024-05-21,"Cvrx, Inc.",6,2024-05-21,2024,Modèle industriel,[Modèle industriel] TITLE: Antenna for use with medical device
US-D923786-S,Security clamp for medical device,2021-06-29,"Becton, Dickinson And Company",5,2021-06-29,2021,Modèle industriel,[Modèle industriel] TITLE: Security clamp for medical device
US-D721180-S,Programmer for use with an implantable medical device,2015-01-13,"Cameron Health, Inc.",8,2015-01-13,2015,Modèle industriel,[Modèle industriel] TITLE: Programmer for use with an implantable medical device
US-D929589-S,Surgical striking apparatus,2021-08-31,Shukla Medical,3,2021-08-31,2021,Modèle industriel,[Modèle industriel] TITLE: Surgical striking apparatus
US-D940311-S,Connector for a surgical instrument,2022-01-04,Shukla Medical,5,2022-01-04,2022,Modèle industriel,[Modèle industriel] TITLE: Connector for a surgical instrument
US-D622381-S,Surgical retractor with suction tip,2010-08-24,"Hamid Cyrus Hajarian, Vahid Hamidi",5,2010-08-24,2010,Modèle industriel,[Modèle industriel] TITLE: Surgical retractor with suction tip
US-D938592-S,Implant,2021-12-14,Signum Surgical Limited,1,2021-12-14,2021,Modèle industriel,[Modèle industriel] TITLE: Implant
US-D1041005-S,Surgical instrument cleaning assembly,2024-09-03,Rc Medical L.L.C.,4,2024-09-03,2024,Modèle industriel,[Modèle industriel] TITLE: Surgical instrument cleaning assembly
US-D645907-S,Hood for a surgical instrument,2011-09-27,Sandel Medical Industries Llc,5,2011-09-27,2011,Modèle industriel,[Modèle industriel] TITLE: Hood for a surgical instrument
US-D989299-S,Connector assembly for a surgical instrument,2023-06-13,"Intuitive Surgical Operations, Inc.",6,2023-06-13,2023,Modèle industriel,[Modèle industriel] TITLE: Connector assembly for a surgical instrument
US-D983361-S,Surgical cassette,2023-04-11,Carl Zeiss Meditec Ag,2,2023-04-11,2023,Modèle industriel,[Modèle industriel] TITLE: Surgical cassette
US-D731169-S,Storage container for storing a dental implant fixture,2015-06-09,Gc Corporation,8,2015-06-09,2015,Modèle industriel,[Modèle industriel] TITLE: Storage container for storing a dental implant fixture
US-D889645-S,Surgical handpiece,2020-07-07,Covidien Lp,2,2020-07-07,2020,Modèle industriel,[Modèle industriel] TITLE: Surgical handpiece
US-D942008-S,Medical device for debridement of tissue,2022-01-25,Elvis Castillo-Garcia,6,2022-01-25,2022,Modèle industriel,[Modèle industriel] TITLE: Medical device for debridement of tissue
US-D728800-S,Surgical arm support,2015-05-05,Emory University,3,2015-05-05,2015,Modèle industriel,[Modèle industriel] TITLE: Surgical arm support
US-D950730-S,Medical implant device,2022-05-03,Lifenet Health,3,2022-05-03,2022,Modèle industriel,[Modèle industriel] TITLE: Medical implant device
US-D693925-S,Surgical staple cartridge,2013-11-19,"Ethicon Endo-Surgery, Inc.",3,2013-11-19,2013,Modèle industriel,[Modèle industriel] TITLE: Surgical staple cartridge
US-D713037-S,Support for medical device,2014-09-09,"Samsung Electronics Co., Ltd.",4,2014-09-09,2014,Modèle industriel,[Modèle industriel] TITLE: Support for medical device
US-D727508-S,X-ray tube for medical device,2015-04-21,"Kabushiki Kaisha Toshiba, Toshiba Electron Tubes & Devices Co., Ltd.",5,2015-04-21,2015,Modèle industriel,[Modèle industriel] TITLE: X-ray tube for medical device
US-D665908-S,Surgical instrument,2012-08-21,Zimmer Surgical Sa,2,2012-08-21,2012,Modèle industriel,[Modèle industriel] TITLE: Surgical instrument
US-D780930-S,Surgical table peg pad,2017-03-07,"Michael Neel, Kenneth Weiss, Ron Hoffman",4,2017-03-07,2017,Modèle industriel,[Modèle industriel] TITLE: Surgical table peg pad
US-D959663-S,Surgical blade,2022-08-02,Shukla Medical,2,2022-08-02,2022,Modèle industriel,[Modèle industriel] TITLE: Surgical blade
US-D905857-S,Physiotherapy medical device,2020-12-22,ReActive Robotics GmbH,3,2020-12-22,2020,Modèle industriel,[Modèle industriel] TITLE: Physiotherapy medical device
US-D868968-S,Mammary papilla implant,2019-12-03,Steve A. Haworth,3,2019-12-03,2019,Modèle industriel,[Modèle industriel] TITLE: Mammary papilla implant
US-D1056011-S,Surgical microscope,2024-12-31,Towardpi (Beijing) Medical Technology Ltd.,2,2024-12-31,2024,Modèle industriel,[Modèle industriel] TITLE: Surgical microscope
US-D687148-S,Medical device basket,2013-07-30,"Welch Allyn, Inc.",3,2013-07-30,2013,Modèle industriel,[Modèle industriel] TITLE: Medical device basket
US-D759868-S,Illuminator for a medical device or the like,2016-06-21,"Welch Allyn, Inc.",8,2016-06-21,2016,Modèle industriel,[Modèle industriel] TITLE: Illuminator for a medical device or the like
US-D864386-S,Surgical instrument actuator end portion,2019-10-22,"Intuitive Surgical Operations, Inc.",5,2019-10-22,2019,Modèle industriel,[Modèle industriel] TITLE: Surgical instrument actuator end portion
US-D726922-S,X-ray tube for medical device,2015-04-14,"Kabushiki Kaisha Toshiba, Toshiba Electron Tubes & Devices Co., Ltd.",5,2015-04-14,2015,Modèle industriel,[Modèle industriel] TITLE: X-ray tube for medical device
US-D1023308-S,Dental implant abutment,2024-04-16,"Megagen Implant Co., Ltd.",3,2024-04-16,2024,Modèle industriel,[Modèle industriel] TITLE: Dental implant abutment
US-D1039697-S,Artificial implant,2024-08-20,National Taiwan University,2,2024-08-20,2024,Modèle industriel,[Modèle industriel] TITLE: Artificial implant
US-D954949-S,Retainer for surgical staple cartridge,2022-06-14,Cilag Gmbh International,5,2022-06-14,2022,Modèle industriel,[Modèle industriel] TITLE: Retainer for surgical staple cartridge
US-D781421-S,Surgical implant for a human ear,2017-03-14,"Matrix Surgical Holdings, LLC",6,2017-03-14,2017,Modèle industriel,[Modèle industriel] TITLE: Surgical implant for a human ear
US-D944986-S,Surgical guide,2022-03-01,Seffiline S.R.L.,2,2022-03-01,2022,Modèle industriel,[Modèle industriel] TITLE: Surgical guide
US-D978332-S,Medical device,2023-02-14,Koninklijke Phlips N.V.,2,2023-02-14,2023,Modèle industriel,[Modèle industriel] TITLE: Medical device
US-D940323-S,Implant for reconstructing nipple,2022-01-04,"T&R Biofab Co., Ltd., The Catholic University Of Korea Industry—Academic Cooperation Foundation",4,2022-01-04,2022,Modèle industriel,[Modèle industriel] TITLE: Implant for reconstructing nipple
US-D940324-S,Implant for reconstructing nipple,2022-01-04,"T&R Biofab Co., Ltd., The Catholic University Of Korea Industry-Academic Cooperation Foundation",4,2022-01-04,2022,Modèle industriel,[Modèle industriel] TITLE: Implant for reconstructing nipple
US-D879289-S,Tubing connector for a handheld surgical instrument,2020-03-24,Stryker Corporation,7,2020-03-24,2020,Modèle industriel,[Modèle industriel] TITLE: Tubing connector for a handheld surgical instrument
US-D967423-S,Implant to be applied to craniotomy,2022-10-18,"T&R Biofab Co., Ltd.",6,2022-10-18,2022,Modèle industriel,[Modèle industriel] TITLE: Implant to be applied to craniotomy
US-D940320-S,Surgical saw blade,2022-01-04,Aesculap Ag,3,2022-01-04,2022,Modèle industriel,[Modèle industriel] TITLE: Surgical saw blade
US-D746449-S,Surgical instrument shaft with hole pattern,2015-12-29,"Intuitive Surgical Operations, Inc.",6,2015-12-29,2015,Modèle industriel,[Modèle industriel] TITLE: Surgical instrument shaft with hole pattern
US-D1046156-S,Dental implant,2024-10-08,Stick Tech Oy,2,2024-10-08,2024,Modèle industriel,[Modèle industriel] TITLE: Dental implant
US-D901012-S,Porous implant,2020-11-03,Ortho Development Corporation,2,2020-11-03,2020,Modèle industriel,[Modèle industriel] TITLE: Porous implant
US-D934937-S,Surgical microscope,2021-11-02,Carl Zeiss Meditec Ag,2,2021-11-02,2021,Modèle industriel,[Modèle industriel] TITLE: Surgical microscope
US-D1017047-S,Surgical drape,2024-03-05,"Mizuho Orthopedic Systems, Inc.",2,2024-03-05,2024,Modèle industriel,[Modèle industriel] TITLE: Surgical drape
US-D733304-S,Orthodontic implant,2015-06-30,Hugo De Clerck,2,2015-06-30,2015,Modèle industriel,[Modèle industriel] TITLE: Orthodontic implant
US-D878584-S,Robotic surgical system handpiece,2020-03-17,"U.S. Patent Innovations, LLC",4,2020-03-17,2020,Modèle industriel,[Modèle industriel] TITLE: Robotic surgical system handpiece
US-D899603-S,Surgical support board with goose neck arm,2020-10-20,Tesslagra Design Solution Inc.,7,2020-10-20,2020,Modèle industriel,[Modèle industriel] TITLE: Surgical support board with goose neck arm
US-D858753-S,Medical device,2019-09-03,Nyxoah S.A.,2,2019-09-03,2019,Modèle industriel,[Modèle industriel] TITLE: Medical device
US-D934327-S,Surgical microscope,2021-10-26,Carl Zeiss Meditec Ag,2,2021-10-26,2021,Modèle industriel,[Modèle industriel] TITLE: Surgical microscope
US-D887008-S,Medical device for positioning a patient,2020-06-09,Julie Dell'Aquila Hernandez,6,2020-06-09,2020,Modèle industriel,[Modèle industriel] TITLE: Medical device for positioning a patient
US-D814641-S,Medical device with display,2018-04-03,"Bruin Biometrics, Llc",4,2018-04-03,2018,Modèle industriel,[Modèle industriel] TITLE: Medical device with display
US-D614770-S,Surgical implant,2010-04-27,Orthosurgical Sa,2,2010-04-27,2010,Modèle industriel,[Modèle industriel] TITLE: Surgical implant
US-D940660-S,Medical device connector,2022-01-11,"Physio-Control, Inc.",3,2022-01-11,2022,Modèle industriel,[Modèle industriel] TITLE: Medical device connector
US-D965147-S,Surgical forceps,2022-09-27,"ECA Medical Instruments, Inc.",2,2022-09-27,2022,Modèle industriel,[Modèle industriel] TITLE: Surgical forceps
US-D875252-S,Implantable surgical membrane,2020-02-11,"Riverpoint Medical, Llc",3,2020-02-11,2020,Modèle industriel,[Modèle industriel] TITLE: Implantable surgical membrane
US-D875251-S,Implantable surgical membrane,2020-02-11,"Riverpoint Medical, Llc",3,2020-02-11,2020,Modèle industriel,[Modèle industriel] TITLE: Implantable surgical membrane
US-D679815-S,Medical device,2013-04-09,Abbott Diabetes Care Inc.,2,2013-04-09,2013,Modèle industriel,[Modèle industriel] TITLE: Medical device
US-D741531-S,Illuminator for a medical device or the like,2015-10-20,"Welch Allyn, Inc.",8,2015-10-20,2015,Modèle industriel,[Modèle industriel] TITLE: Illuminator for a medical device or the like
US-D1039693-S,Surgical nail,2024-08-20,"Microport Navibot (Suzhou) Co., Ltd.",2,2024-08-20,2024,Modèle industriel,[Modèle industriel] TITLE: Surgical nail
US-D641350-S,Base for a portable medical device or laptop,2011-07-12,DanMedical Ltd.,8,2011-07-12,2011,Modèle industriel,[Modèle industriel] TITLE: Base for a portable medical device or laptop
US-D713959-S,Surgical clamp,2014-09-23,Cardiomedical Gmbh,2,2014-09-23,2014,Modèle industriel,[Modèle industriel] TITLE: Surgical clamp
US-D731651-S,Medical device,2015-06-09,Ferton Holding S.A.,2,2015-06-09,2015,Modèle industriel,[Modèle industriel] TITLE: Medical device
US-D845477-S,Surgical retractor,2019-04-09,Richard W. Shallman,2,2019-04-09,2019,Modèle industriel,[Modèle industriel] TITLE: Surgical retractor
US-D1029273-S,Pedestal for a robot-assisted surgical system,2024-05-28,Momentis Surgical Ltd,6,2024-05-28,2024,Modèle industriel,[Modèle industriel] TITLE: Pedestal for a robot-assisted surgical system
US-D770046-S,Surgical mesh implant,2016-10-25,Johnson & Johnson Medical Gmbh,3,2016-10-25,2016,Modèle industriel,[Modèle industriel] TITLE: Surgical mesh implant
US-D664650-S,Handle for medical device,2012-07-31,Karl Storz Gmbh & Co. Kg,4,2012-07-31,2012,Modèle industriel,[Modèle industriel] TITLE: Handle for medical device
US-D856516-S,Surgical blade loader,2019-08-13,"Aspen Surgical Products, Inc.",3,2019-08-13,2019,Modèle industriel,[Modèle industriel] TITLE: Surgical blade loader
US-D962436-S,Staple retainer for surgical stapler cartridge,2022-08-30,Cilag Gmbh International,6,2022-08-30,2022,Modèle industriel,[Modèle industriel] TITLE: Staple retainer for surgical stapler cartridge
US-D850621-S,Dental implant,2019-06-04,Yukihisa Takahashi,2,2019-06-04,2019,Modèle industriel,[Modèle industriel] TITLE: Dental implant
US-D1029257-S,Surgical cement removal tool,2024-05-28,Shukla Medical,4,2024-05-28,2024,Modèle industriel,[Modèle industriel] TITLE: Surgical cement removal tool
US-D1032837-S,Surgical cement tapping tool,2024-06-25,Shukla Medical,4,2024-06-25,2024,Modèle industriel,[Modèle industriel] TITLE: Surgical cement tapping tool
US-D884905-S,Surgical C-section drape with tunnel,2020-05-19,"Medline Industries, Inc.",5,2020-05-19,2020,Modèle industriel,[Modèle industriel] TITLE: Surgical C-section drape with tunnel
US-D894384-S,Elongated medical device with flexibility enhancing features,2020-08-25,"Transit Scientific, LLC",7,2020-08-25,2020,Modèle industriel,[Modèle industriel] TITLE: Elongated medical device with flexibility enhancing features
US-D1041655-S,Hub for a surgical blade,2024-09-10,Shukla Medical,5,2024-09-10,2024,Modèle industriel,[Modèle industriel] TITLE: Hub for a surgical blade
US-D566836-S,Surgical instrument handle assembly,2008-04-15,"Encision, Inc.",4,2008-04-15,2008,Modèle industriel,[Modèle industriel] TITLE: Surgical instrument handle assembly
US-D875938-S,Spinal implant,2020-02-18,"In Queue Innovations, Llc",2,2020-02-18,2020,Modèle industriel,[Modèle industriel] TITLE: Spinal implant
US-D581055-S,Dynamic spinal plate implant,2008-11-18,Mateyka Richard M,4,2008-11-18,2008,Modèle industriel,[Modèle industriel] TITLE: Dynamic spinal plate implant
US-D997357-S,Abutment for dental implant,2023-08-29,"Truabutment Korea, Inc.",4,2023-08-29,2023,Modèle industriel,[Modèle industriel] TITLE: Abutment for dental implant
US-D961532-S,Foot switch for a medical device,2022-08-23,"Dhupar Innovations, LLC",6,2022-08-23,2022,Modèle industriel,[Modèle industriel] TITLE: Foot switch for a medical device
US-D810294-S,Bone implant,2018-02-13,Betzalel Messinger,2,2018-02-13,2018,Modèle industriel,[Modèle industriel] TITLE: Bone implant
US-D992735-S,Surgical instrument,2023-07-18,Iromed Group S.r.l.,2,2023-07-18,2023,Modèle industriel,[Modèle industriel] TITLE: Surgical instrument
US-D921186-S,Medical device button configuration,2021-06-01,"Intuitive Surgical Operations, Inc.",4,2021-06-01,2021,Modèle industriel,[Modèle industriel] TITLE: Medical device button configuration
US-D1036668-S,Surgical cement removal tool,2024-07-23,Shukla Medical,4,2024-07-23,2024,Modèle industriel,[Modèle industriel] TITLE: Surgical cement removal tool
US-D800906-S,Surgical tool,2017-10-24,"Medtronic Ps Medical, Inc.",2,2017-10-24,2017,Modèle industriel,[Modèle industriel] TITLE: Surgical tool
US-D847342-S,Spinal implant,2019-04-30,"Warsaw Orthopedic, Inc.",2,2019-04-30,2019,Modèle industriel,[Modèle industriel] TITLE: Spinal implant
US-D629520-S,Spinous process implant,2010-12-21,Horton Kenneth L,3,2010-12-21,2010,Modèle industriel,[Modèle industriel] TITLE: Spinous process implant
US-D713038-S,Support for medical device,2014-09-09,"Samsung Electronics Co., Ltd.",4,2014-09-09,2014,Modèle industriel,[Modèle industriel] TITLE: Support for medical device
US-D912249-S,Implant removal tool,2021-03-02,"Intarcia Therapeutics, Inc.",3,2021-03-02,2021,Modèle industriel,[Modèle industriel] TITLE: Implant removal tool
US-D679020-S,Surgical armrest,2013-03-26,Karl Storz Gmbh & Co. Kg,2,2013-03-26,2013,Modèle industriel,[Modèle industriel] TITLE: Surgical armrest
US-D694886-S,Implant,2013-12-03,Ams Research Corporation,1,2013-12-03,2013,Modèle industriel,[Modèle industriel] TITLE: Implant
US-D877911-S,Ocular implant,2020-03-10,"New World Medical, Inc.",2,2020-03-10,2020,Modèle industriel,[Modèle industriel] TITLE: Ocular implant
US-D836693-S,Stand for a surgical microscope,2018-12-25,Carl Zeiss Meditec Ag,5,2018-12-25,2018,Modèle industriel,[Modèle industriel] TITLE: Stand for a surgical microscope
US-D927426-S,Medical device connector,2021-08-10,"Physio-Control, Inc.",3,2021-08-10,2021,Modèle industriel,[Modèle industriel] TITLE: Medical device connector
US-D960365-S,Hub for a surgical blade,2022-08-09,Shukla Medical,5,2022-08-09,2022,Modèle industriel,[Modèle industriel] TITLE: Hub for a surgical blade
US-D940875-S,Eye surgical device,2022-01-11,Arun C. Gulani,3,2022-01-11,2022,Modèle industriel,[Modèle industriel] TITLE: Eye surgical device
US-D927425-S,Medical device connector,2021-08-10,"Physio-Control, Inc.",3,2021-08-10,2021,Modèle industriel,[Modèle industriel] TITLE: Medical device connector
US-D747486-S,Interbody implant,2016-01-12,"Nantoh Co., Ltd.",2,2016-01-12,2016,Modèle industriel,[Modèle industriel] TITLE: Interbody implant
US-D765859-S,Dental implant,2016-09-06,"Fereidoun Daftary, Oded Bahat",2,2016-09-06,2016,Modèle industriel,[Modèle industriel] TITLE: Dental implant
US-D947382-S,Surgical curette,2022-03-29,Seoul National University Hospital,2,2022-03-29,2022,Modèle industriel,[Modèle industriel] TITLE: Surgical curette
US-D765860-S,Dental implant,2016-09-06,"Fereidoun Daftary, Oded Bahat",2,2016-09-06,2016,Modèle industriel,[Modèle industriel] TITLE: Dental implant
US-D765250-S,Dental implant,2016-08-30,"Fereidoun Daftary, Oded Bahat",2,2016-08-30,2016,Modèle industriel,[Modèle industriel] TITLE: Dental implant
US-D679814-S,Medical device,2013-04-09,Abbott Diabetes Care Inc.,2,2013-04-09,2013,Modèle industriel,[Modèle industriel] TITLE: Medical device
US-D613405-S,Surgical sewing instrument,2010-04-06,Karl Storz Gmbh & Co. Kg,3,2010-04-06,2010,Modèle industriel,[Modèle industriel] TITLE: Surgical sewing instrument
US-D689189-S,Medical device,2013-09-03,Abbott Diabetes Care Inc.,2,2013-09-03,2013,Modèle industriel,[Modèle industriel] TITLE: Medical device
US-D670378-S,Surgical device thumb bow,2012-11-06,Conmed Corporation,4,2012-11-06,2012,Modèle industriel,[Modèle industriel] TITLE: Surgical device thumb bow
US-D1031043-S,Support device for producing a dental implant,2024-06-11,"M3 Health Industria E Comércio De Produtos Médicos, Odontológicos E Correlatos S.A.",7,2024-06-11,2024,Modèle industriel,[Modèle industriel] TITLE: Support device for producing a dental implant
US-D603253-S,Packaging for surgical blade tips with stand and guide,2009-11-03,"Becton, Dickinson And Company",9,2009-11-03,2009,Modèle industriel,[Modèle industriel] TITLE: Packaging for surgical blade tips with stand and guide
US-D1028228-S,Surgical handpiece,2024-05-21,Stryker Corporation,2,2024-05-21,2024,Modèle industriel,[Modèle industriel] TITLE: Surgical handpiece
US-D842479-S,Spinal implant,2019-03-05,"Warsaw Orthopedic, Inc.",2,2019-03-05,2019,Modèle industriel,[Modèle industriel] TITLE: Spinal implant
US-D1046145-S,Surgical cage,2024-10-08,Intelivation Technologies Llc,2,2024-10-08,2024,Modèle industriel,[Modèle industriel] TITLE: Surgical cage
US-D622386-S,Surgical saw device,2010-08-24,"Synvasive Technology, Inc.",3,2010-08-24,2010,Modèle industriel,[Modèle industriel] TITLE: Surgical saw device
US-D1028229-S,Surgical handpiece,2024-05-21,Stryker Corporation,2,2024-05-21,2024,Modèle industriel,[Modèle industriel] TITLE: Surgical handpiece
US-D829910-S,Cervical plate implant,2018-10-02,"NuTech Spine, Inc.",3,2018-10-02,2018,Modèle industriel,[Modèle industriel] TITLE: Cervical plate implant
US-D818700-S,Container for medical implant,2018-05-29,"Pneumrx, Inc.",4,2018-05-29,2018,Modèle industriel,[Modèle industriel] TITLE: Container for medical implant
US-D950736-S,Shaft for ultrasonic surgical instruments,2022-05-03,"SMTP Medical Co., Ltd.",5,2022-05-03,2022,Modèle industriel,[Modèle industriel] TITLE: Shaft for ultrasonic surgical instruments
US-D955582-S,Cranial implant,2022-06-21,CraniUS LLC,2,2022-06-21,2022,Modèle industriel,[Modèle industriel] TITLE: Cranial implant
US-D762855-S,Surgical navigation instrument,2016-08-02,Karl Storz Gmbh & Co. Kg,3,2016-08-02,2016,Modèle industriel,[Modèle industriel] TITLE: Surgical navigation instrument
US-D692561-S,Dental implant abutment shell,2013-10-29,"Mark N. Hochman, Stephen J. Chu, Jocelyn Huiping Tan-Chu, Adam J. Mieleszko",4,2013-10-29,2013,Modèle industriel,[Modèle industriel] TITLE: Dental implant abutment shell
US-D782666-S,Flange for a surgical tool,2017-03-28,Coloplast A/S,5,2017-03-28,2017,Modèle industriel,[Modèle industriel] TITLE: Flange for a surgical tool
US-D1031031-S,Surgical handpiece,2024-06-11,Stryker Corporation,2,2024-06-11,2024,Modèle industriel,[Modèle industriel] TITLE: Surgical handpiece
US-D919930-S,Pair of surgical gloves with removal means,2021-05-25,Stephen Jones,7,2021-05-25,2021,Modèle industriel,[Modèle industriel] TITLE: Pair of surgical gloves with removal means
US-D878583-S,Robotic surgical system handpiece,2020-03-17,"U.S. Patent Innovations, LLC",4,2020-03-17,2020,Modèle industriel,[Modèle industriel] TITLE: Robotic surgical system handpiece
US-D949337-S,Surgical instrument handle,2022-04-19,"Scanlan International, Inc.",3,2022-04-19,2022,Modèle industriel,[Modèle industriel] TITLE: Surgical instrument handle
US-D734606-S,Fabric bag housing a medical device,2015-07-21,Linda Kirtland Donahue,6,2015-07-21,2015,Modèle industriel,[Modèle industriel] TITLE: Fabric bag housing a medical device
US-D713960-S,Surgical needle,2014-09-23,Amir Porat,2,2014-09-23,2014,Modèle industriel,[Modèle industriel] TITLE: Surgical needle
US-D833011-S,Surgical instrument,2018-11-06,"Dariush Nazarinasab, Javad Hasani bidgoli, Mohammad Jalal Sadeghi, Alireza Ahmadian, Farzam Farahmand, Saeed Sarkar",2,2018-11-06,2018,Modèle industriel,[Modèle industriel] TITLE: Surgical instrument
US-D884157-S,Medical device,2020-05-12,"Intuitive Surgical Operations, Inc.",2,2020-05-12,2020,Modèle industriel,[Modèle industriel] TITLE: Medical device
US-D720855-S,Operation panel for medical device,2015-01-06,"Samsung Electronics Co., Ltd.",5,2015-01-06,2015,Modèle industriel,[Modèle industriel] TITLE: Operation panel for medical device
US-D878308-S,Pedal switch for a surgical navigation system,2020-03-17,Aesculap Ag,7,2020-03-17,2020,Modèle industriel,[Modèle industriel] TITLE: Pedal switch for a surgical navigation system
US-D1022194-S,Strike plate for a surgical instrument,2024-04-09,Shukla Medical,6,2024-04-09,2024,Modèle industriel,[Modèle industriel] TITLE: Strike plate for a surgical instrument
US-D827839-S,Medical device,2018-09-04,Dermagenesis Llc,2,2018-09-04,2018,Modèle industriel,[Modèle industriel] TITLE: Medical device
US-D742514-S,Orthopaedic surgical instrument offset tool,2015-11-03,Depuy (Ireland),5,2015-11-03,2015,Modèle industriel,[Modèle industriel] TITLE: Orthopaedic surgical instrument offset tool
US-D728100-S,Surgical knife,2015-04-28,"Kai R&D Center Co., Ltd.",2,2015-04-28,2015,Modèle industriel,[Modèle industriel] TITLE: Surgical knife
US-D1010818-S,Operating unit for surgical device,2024-01-09,Olympus Corporation,5,2024-01-09,2024,Modèle industriel,[Modèle industriel] TITLE: Operating unit for surgical device
US-D780309-S,Single site surgical uniport,2017-02-28,"Axcess Instruments, Inc.",4,2017-02-28,2017,Modèle industriel,[Modèle industriel] TITLE: Single site surgical uniport
US-D846740-S,Knife for surgical purposes,2019-04-23,Pfm Medical Ag,4,2019-04-23,2019,Modèle industriel,[Modèle industriel] TITLE: Knife for surgical purposes
US-D998156-S,Surgical drape,2023-09-05,"Mizuho Orthopedic Systems, Inc.",2,2023-09-05,2023,Modèle industriel,[Modèle industriel] TITLE: Surgical drape
US-D925743-S,Wired-mouth protection medical device,2021-07-20,Kelly M. Putnam,4,2021-07-20,2021,Modèle industriel,[Modèle industriel] TITLE: Wired-mouth protection medical device
US-D1030057-S,Surgical implant extraction jaw,2024-06-04,Shukla Medical,4,2024-06-04,2024,Modèle industriel,[Modèle industriel] TITLE: Surgical implant extraction jaw
US-D1041662-S,Pad for surgical boot,2024-09-10,"Allen Medical Systems, Inc.",4,2024-09-10,2024,Modèle industriel,[Modèle industriel] TITLE: Pad for surgical boot
US-D936222-S,Bending tool for malleable ENT surgical tools,2021-11-16,"Acclarent, Inc.",7,2021-11-16,2021,Modèle industriel,[Modèle industriel] TITLE: Bending tool for malleable ENT surgical tools
US-D938037-S,Dental implant,2021-12-07,Chun Leon CHEN,2,2021-12-07,2021,Modèle industriel,[Modèle industriel] TITLE: Dental implant
US-D963167-S,Size adjustable device to cover and secure implantable devices in surgical applications,2022-09-06,Anke Young,12,2022-09-06,2022,Modèle industriel,[Modèle industriel] TITLE: Size adjustable device to cover and secure implantable devices in surgical applications
US-D954958-S,Surgical suction filter,2022-06-14,"Sustain Medical, LLC",3,2022-06-14,2022,Modèle industriel,[Modèle industriel] TITLE: Surgical suction filter
US-D760894-S,Orthopedic implant retaining device,2016-07-05,"Biomedical Enterprises, Inc.",4,2016-07-05,2016,Modèle industriel,[Modèle industriel] TITLE: Orthopedic implant retaining device
US-D952182-S,Lid for a medical implant and/or instrument case,2022-05-17,"DePuy Synthes Products, Inc.",8,2022-05-17,2022,Modèle industriel,[Modèle industriel] TITLE: Lid for a medical implant and/or instrument case
US-D654590-S,Surgical saw blade hub,2012-02-21,"Synvasive Technology, Inc.",4,2012-02-21,2012,Modèle industriel,[Modèle industriel] TITLE: Surgical saw blade hub
US-D915595-S,Dental implant drill,2021-04-06,"Haenaem Co., Ltd.",3,2021-04-06,2021,Modèle industriel,[Modèle industriel] TITLE: Dental implant drill
US-D786437-S,Nasal implant,2017-05-09,"Shawhan Biomedical Co., Ltd.",2,2017-05-09,2017,Modèle industriel,[Modèle industriel] TITLE: Nasal implant
US-D994893-S,Portable medical device,2023-08-08,University Of Washington,3,2023-08-08,2023,Modèle industriel,[Modèle industriel] TITLE: Portable medical device
US-D667949-S,Ceiling mount having an arm holding a monitor and an arm assembly for holding a surgical microscope,2012-09-25,Carl Zeiss Meditec Ag,17,2012-09-25,2012,Modèle industriel,[Modèle industriel] TITLE: Ceiling mount having an arm holding a monitor and an arm assembly for holding a surgical microscope
US-D916290-S,Hair implant,2021-04-13,Loria Products Llc,2,2021-04-13,2021,Modèle industriel,[Modèle industriel] TITLE: Hair implant
US-D852978-S,Surgical tool organizer,2019-07-02,Seville Medical Inc.,3,2019-07-02,2019,Modèle industriel,[Modèle industriel] TITLE: Surgical tool organizer
US-D1002007-S,Surgical implant extraction jaws set,2023-10-17,Shukla Medical,5,2023-10-17,2023,Modèle industriel,[Modèle industriel] TITLE: Surgical implant extraction jaws set
US-D1013640-S,Medical device connector,2024-02-06,"Physio-Control, Inc.",3,2024-02-06,2024,Modèle industriel,[Modèle industriel] TITLE: Medical device connector
US-D882780-S,Surgical spinal dilator,2020-04-28,Edward Rustamzadeh,3,2020-04-28,2020,Modèle industriel,[Modèle industriel] TITLE: Surgical spinal dilator
US-D926994-S,Enclosure system for isolation of surgical sites,2021-08-03,Surgibox Inc.,7,2021-08-03,2021,Modèle industriel,[Modèle industriel] TITLE: Enclosure system for isolation of surgical sites
US-D1017811-S,Medical device for magnetic field-based healthcare,2024-03-12,Starpax Biopharma Inc.,6,2024-03-12,2024,Modèle industriel,[Modèle industriel] TITLE: Medical device for magnetic field-based healthcare
US-D901014-S,Porous implant,2020-11-03,Ortho Development Corporation,2,2020-11-03,2020,Modèle industriel,[Modèle industriel] TITLE: Porous implant
US-D949332-S,Dock for surgical equipment holder,2022-04-19,"Lsi Solutions, Inc.",5,2022-04-19,2022,Modèle industriel,[Modèle industriel] TITLE: Dock for surgical equipment holder
US-D626222-S,Surgical handpiece,2010-10-26,Conmed Corporation,2,2010-10-26,2010,Modèle industriel,[Modèle industriel] TITLE: Surgical handpiece
US-D743030-S,Surgical tool,2015-11-10,Prash Jayaraj,2,2015-11-10,2015,Modèle industriel,[Modèle industriel] TITLE: Surgical tool
US-D685470-S,Medical device housing,2013-07-02,"Boston Scientific Scimed, Inc.",3,2013-07-02,2013,Modèle industriel,[Modèle industriel] TITLE: Medical device housing
US-D812750-S,Surgical instrument,2018-03-13,Imperial Innovations Limited,2,2018-03-13,2018,Modèle industriel,[Modèle industriel] TITLE: Surgical instrument
US-D731661-S,Adjustable surgical stand,2015-06-09,Sammy Lane Cox,3,2015-06-09,2015,Modèle industriel,[Modèle industriel] TITLE: Adjustable surgical stand
US-D613406-S,Blade for surgical instruments,2010-04-06,Ivo Agabiti,4,2010-04-06,2010,Modèle industriel,[Modèle industriel] TITLE: Blade for surgical instruments
US-D1013161-S,Medical device,2024-01-30,Koninklijke Philips N.V.,2,2024-01-30,2024,Modèle industriel,[Modèle industriel] TITLE: Medical device
US-D948717-S,Sacro-iliac guide,2022-04-12,"Mighty Oak Medical, Inc.",2,2022-04-12,2022,Modèle industriel,[Modèle industriel] TITLE: Sacro-iliac guide
US-D829911-S,Cervical buttress plate implant,2018-10-02,"NuTech Spine, Inc.",4,2018-10-02,2018,Modèle industriel,[Modèle industriel] TITLE: Cervical buttress plate implant
US-RE45714-E,Hand implant,2015-10-06,Normed Medizin-Technik Gmbh,2,2015-10-06,2015,Modèle industriel,[Modèle industriel] TITLE: Hand implant
US-D585551-S,Spinal implant,2009-01-27,"Zimmer Spine, Inc.",2,2009-01-27,2009,Modèle industriel,[Modèle industriel] TITLE: Spinal implant
US-D945620-S,Great toe implant,2022-03-08,"Biopoly, Llc",3,2022-03-08,2022,Modèle industriel,[Modèle industriel] TITLE: Great toe implant
US-D631161-S,Surgical knife,2011-01-18,Dasilva Manuel,2,2011-01-18,2011,Modèle industriel,[Modèle industriel] TITLE: Surgical knife
US-D684318-S,Surgical clipper,2013-06-11,3M Innovative Properties Company,2,2013-06-11,2013,Modèle industriel,[Modèle industriel] TITLE: Surgical clipper
US-D1042825-S,Handle for a medical device,2024-09-17,"Abiomed, Inc.",5,2024-09-17,2024,Modèle industriel,[Modèle industriel] TITLE: Handle for a medical device
US-D1001277-S,Surgical implant extraction jaws set,2023-10-10,Shukla Medical,5,2023-10-10,2023,Modèle industriel,[Modèle industriel] TITLE: Surgical implant extraction jaws set
US-D847341-S,Spinal implant,2019-04-30,"Warsaw Orthopedic, Inc.",2,2019-04-30,2019,Modèle industriel,[Modèle industriel] TITLE: Spinal implant
US-D702039-S,Waterproof bag for a cochlear implant,2014-04-08,Cochlear Limited,6,2014-04-08,2014,Modèle industriel,[Modèle industriel] TITLE: Waterproof bag for a cochlear implant
US-D1029259-S,Portion of a medical device,2024-05-28,New Wave Endo-Surgical Corp.,5,2024-05-28,2024,Modèle industriel,[Modèle industriel] TITLE: Portion of a medical device
US-D583057-S,Dental implant fixture,2008-12-16,Gc Corporation,3,2008-12-16,2008,Modèle industriel,[Modèle industriel] TITLE: Dental implant fixture
US-D987079-S,Vein implant,2023-05-23,Steve A. Haworth,2,2023-05-23,2023,Modèle industriel,[Modèle industriel] TITLE: Vein implant
US-D861900-S,Medical device,2019-10-01,Orthofix Inc.,2,2019-10-01,2019,Modèle industriel,[Modèle industriel] TITLE: Medical device
US-D679816-S,Medical device,2013-04-09,Abbott Diabetes Care Inc.,2,2013-04-09,2013,Modèle industriel,[Modèle industriel] TITLE: Medical device
US-D928321-S,Bayonet surgical scissor,2021-08-17,Julian Goodheart Kingsley,3,2021-08-17,2021,Modèle industriel,[Modèle industriel] TITLE: Bayonet surgical scissor
US-D799042-S,Orthopedic implant sizing device,2017-10-03,"Biomedical Enterprises, Inc.",4,2017-10-03,2017,Modèle industriel,[Modèle industriel] TITLE: Orthopedic implant sizing device
US-D859661-S,Connector pad for surgical positioner,2019-09-10,"Innovative Medical Products, Inc.",5,2019-09-10,2019,Modèle industriel,[Modèle industriel] TITLE: Connector pad for surgical positioner
US-D765254-S,Medical device,2016-08-30,"Samsung Electronics Co., Ltd.",2,2016-08-30,2016,Modèle industriel,[Modèle industriel] TITLE: Medical device
US-D629112-S,Medical device assembly,2010-12-14,Rudolf Medical GmbH & Co. KG,3,2010-12-14,2010,Modèle industriel,[Modèle industriel] TITLE: Medical device assembly
US-D620109-S,Surgical installation tool,2010-07-20,"Zimmer Spine, Inc.",3,2010-07-20,2010,Modèle industriel,[Modèle industriel] TITLE: Surgical installation tool
US-D589347-S,Package for holding surgical implants,2009-03-31,"Ethicon, Inc.-Usa",5,2009-03-31,2009,Modèle industriel,[Modèle industriel] TITLE: Package for holding surgical implants
US-D755390-S,X-ray tube for medical device,2016-05-03,"Kabushiki Kaisha Toshiba, Toshiba Electron Tubes & Devices Co., Ltd.",5,2016-05-03,2016,Modèle industriel,[Modèle industriel] TITLE: X-ray tube for medical device
US-D916283-S,Surgical stapler washer,2021-04-13,Ethicon Llc,3,2021-04-13,2021,Modèle industriel,[Modèle industriel] TITLE: Surgical stapler washer
US-D916284-S,Surgical stapler washer,2021-04-13,Ethicon Llc,3,2021-04-13,2021,Modèle industriel,[Modèle industriel] TITLE: Surgical stapler washer
US-D928317-S,Jaw for a surgical instrument,2021-08-17,Shukla Medical,5,2021-08-17,2021,Modèle industriel,[Modèle industriel] TITLE: Jaw for a surgical instrument
US-D928316-S,Jaw for a surgical instrument,2021-08-17,Shukla Medical,5,2021-08-17,2021,Modèle industriel,[Modèle industriel] TITLE: Jaw for a surgical instrument
US-D627464-S,Surgical saw blade teeth,2010-11-16,"Microaire Surgical Instruments, Inc.",4,2010-11-16,2010,Modèle industriel,[Modèle industriel] TITLE: Surgical saw blade teeth
US-D865164-S,Surgical instrument actuator end portion,2019-10-29,"Intuitive Surgical Operations, Inc.",5,2019-10-29,2019,Modèle industriel,[Modèle industriel] TITLE: Surgical instrument actuator end portion
US-D789536-S,Ophthalmic surgical manipulator,2017-06-13,"Katalyst Surgical, Llc",3,2017-06-13,2017,Modèle industriel,[Modèle industriel] TITLE: Ophthalmic surgical manipulator
US-D1017809-S,Medical device for magnetic field-based healthcare,2024-03-12,Starpax Biopharma Inc.,6,2024-03-12,2024,Modèle industriel,[Modèle industriel] TITLE: Medical device for magnetic field-based healthcare
US-D1017808-S,Medical device for magnetic field-based healthcare,2024-03-12,Starpax Biopharma Inc.,6,2024-03-12,2024,Modèle industriel,[Modèle industriel] TITLE: Medical device for magnetic field-based healthcare
US-D607557-S,Surgical irrigation bowl,2010-01-05,Wiggins Chris E,3,2010-01-05,2010,Modèle industriel,[Modèle industriel] TITLE: Surgical irrigation bowl
US-D804164-S,Medical device case,2017-12-05,"Sage Services Group, Llc",3,2017-12-05,2017,Modèle industriel,[Modèle industriel] TITLE: Medical device case
US-D1010315-S,Surgical microscope,2024-01-09,Carl Zeiss Meditec Ag,2,2024-01-09,2024,Modèle industriel,[Modèle industriel] TITLE: Surgical microscope
US-D917050-S,Hair implant,2021-04-20,Loria Products Llc,2,2021-04-20,2021,Modèle industriel,[Modèle industriel] TITLE: Hair implant
US-D933224-S,Surgical blade,2021-10-12,Shukla Medical,2,2021-10-12,2021,Modèle industriel,[Modèle industriel] TITLE: Surgical blade
US-D625007-S,Surgical tool,2010-10-05,Peter Leo Macken,2,2010-10-05,2010,Modèle industriel,[Modèle industriel] TITLE: Surgical tool
US-D933213-S,Surgical punch,2021-10-12,Shukla Medical,2,2021-10-12,2021,Modèle industriel,[Modèle industriel] TITLE: Surgical punch
US-D853582-S,Surgical needle counter,2019-07-09,"Newgen Surgical, Inc.",3,2019-07-09,2019,Modèle industriel,[Modèle industriel] TITLE: Surgical needle counter
US-D651311-S,Handle for a surgical instrument,2011-12-27,"Medicine Lodge, Inc.",5,2011-12-27,2011,Modèle industriel,[Modèle industriel] TITLE: Handle for a surgical instrument
US-D956223-S,Surgical retractor,2022-06-28,"Innovasis, Inc.",2,2022-06-28,2022,Modèle industriel,[Modèle industriel] TITLE: Surgical retractor
US-D638941-S,Medical device,2011-05-31,Karl Storz Gmbh & Co. Kg,2,2011-05-31,2011,Modèle industriel,[Modèle industriel] TITLE: Medical device
US-D679394-S,Intramedullary implant extractor,2013-04-02,"Richard P. Gleixner, Richard L. McGough, III",3,2013-04-02,2013,Modèle industriel,[Modèle industriel] TITLE: Intramedullary implant extractor
US-D950055-S,Surgical jaws,2022-04-26,Robert A. Van Wyk,2,2022-04-26,2022,Modèle industriel,[Modèle industriel] TITLE: Surgical jaws
US-D870285-S,Implant,2019-12-17,Swemac Innovation Ab,1,2019-12-17,2019,Modèle industriel,[Modèle industriel] TITLE: Implant
US-D602159-S,Surgical instrument,2009-10-13,Yechiel Gotfried,2,2009-10-13,2009,Modèle industriel,[Modèle industriel] TITLE: Surgical instrument
US-D685088-S,Surgical instrument,2013-06-25,"DePuy Synthes Products, LLC",2,2013-06-25,2013,Modèle industriel,[Modèle industriel] TITLE: Surgical instrument
US-D858777-S,Surgical table attachment frame,2019-09-03,"Hy Innovation, Llc",4,2019-09-03,2019,Modèle industriel,[Modèle industriel] TITLE: Surgical table attachment frame
US-D847996-S,Spinal implant,2019-05-07,"Warsaw Orthopedic, Inc.",2,2019-05-07,2019,Modèle industriel,[Modèle industriel] TITLE: Spinal implant
US-D884172-S,Surgical cutting tool,2020-05-12,Peter L. Bono,3,2020-05-12,2020,Modèle industriel,[Modèle industriel] TITLE: Surgical cutting tool
US-D722380-S,Bone fusion implant,2015-02-10,"Del Palma Orthopedics, LLC",3,2015-02-10,2015,Modèle industriel,[Modèle industriel] TITLE: Bone fusion implant
US-D629904-S,Spinous process implant,2010-12-28,Horton Kenneth L,3,2010-12-28,2010,Modèle industriel,[Modèle industriel] TITLE: Spinous process implant
US-D850623-S,Non-pneumatic surgical tourniquet,2019-06-04,Mar-Med Co.,3,2019-06-04,2019,Modèle industriel,[Modèle industriel] TITLE: Non-pneumatic surgical tourniquet
US-D912820-S,Spinal implant,2021-03-09,"Legion Innovations, Llc",2,2021-03-09,2021,Modèle industriel,[Modèle industriel] TITLE: Spinal implant
US-D933212-S,Surgical punch,2021-10-12,Shukla Medical,2,2021-10-12,2021,Modèle industriel,[Modèle industriel] TITLE: Surgical punch
US-D579554-S,Surgical instrument,2008-10-28,Medical Device Innovations Ltd.,2,2008-10-28,2008,Modèle industriel,[Modèle industriel] TITLE: Surgical instrument
US-D724727-S,Surgical handle,2015-03-17,Depuy (Ireland),2,2015-03-17,2015,Modèle industriel,[Modèle industriel] TITLE: Surgical handle
US-D734478-S,Medical device for noninvasive electrical brain stimulation,2015-07-14,Brainique Ag,7,2015-07-14,2015,Modèle industriel,[Modèle industriel] TITLE: Medical device for noninvasive electrical brain stimulation
US-D827825-S,Root part for a dental implant,2018-09-04,Silvio Franco Emanuelli,6,2018-09-04,2018,Modèle industriel,[Modèle industriel] TITLE: Root part for a dental implant
US-D735443-S,Surgical self-retractable silicone strap,2015-08-04,"Amir Hashem Shahidi Bonjar, Dentofacial Deformities Reasearch Center of Shahid Beheshti University Medical Science",4,2015-08-04,2015,Modèle industriel,[Modèle industriel] TITLE: Surgical self-retractable silicone strap
US-D916285-S,Surgical stapler washer,2021-04-13,Ethicon Llc,3,2021-04-13,2021,Modèle industriel,[Modèle industriel] TITLE: Surgical stapler washer
US-D909580-S,Surgical mesh implant,2021-02-02,Sunnybrook Research Institute,3,2021-02-02,2021,Modèle industriel,[Modèle industriel] TITLE: Surgical mesh implant
US-D750778-S,Surgical navigation sticker,2016-03-01,"Stryker European Holdings, I, Llc",3,2016-03-01,2016,Modèle industriel,[Modèle industriel] TITLE: Surgical navigation sticker
US-D856522-S,Hearing implant accessory,2019-08-13,Cochlear Limited,3,2019-08-13,2019,Modèle industriel,[Modèle industriel] TITLE: Hearing implant accessory
US-D659827-S,Surgical retaining clamp,2012-05-15,"Domain Surgical, Inc.",3,2012-05-15,2012,Modèle industriel,[Modèle industriel] TITLE: Surgical retaining clamp
US-D575403-S,Surgical knife,2008-08-19,"Kai R&D Center Co., Ltd.",2,2008-08-19,2008,Modèle industriel,[Modèle industriel] TITLE: Surgical knife
US-D698021-S,Surgical fastener,2014-01-21,"Ethicon, Inc.",2,2014-01-21,2014,Modèle industriel,[Modèle industriel] TITLE: Surgical fastener
US-D884164-S,Ergonomically balanced surgical instrument holder,2020-05-12,Fateh Entabi,5,2020-05-12,2020,Modèle industriel,[Modèle industriel] TITLE: Ergonomically balanced surgical instrument holder
US-D746450-S,Surgical instrument shaft with hole pattern,2015-12-29,"Intuitive Surgical Operations, Inc.",6,2015-12-29,2015,Modèle industriel,[Modèle industriel] TITLE: Surgical instrument shaft with hole pattern
US-D884920-S,Surgical tray,2020-05-19,"Newgen Surgical, Inc.",2,2020-05-19,2020,Modèle industriel,[Modèle industriel] TITLE: Surgical tray
US-D729388-S,Implant fixture remover,2015-05-12,"Ebi Co., Ltd.",3,2015-05-12,2015,Modèle industriel,[Modèle industriel] TITLE: Implant fixture remover
US-D669995-S,Medical device for thermal treatment of male genitalia,2012-10-30,Mila Michael Gallen,8,2012-10-30,2012,Modèle industriel,[Modèle industriel] TITLE: Medical device for thermal treatment of male genitalia
US-D733294-S,Intramedullary surgical instrument,2015-06-30,Depuy (Ireland),3,2015-06-30,2015,Modèle industriel,[Modèle industriel] TITLE: Intramedullary surgical instrument
US-D814030-S,Surgical device,2018-03-27,Alesi Surgical Limited,2,2018-03-27,2018,Modèle industriel,[Modèle industriel] TITLE: Surgical device
US-D578649-S,Surgical suture passer instrument,2008-10-14,Christopher Jordan,4,2008-10-14,2008,Modèle industriel,[Modèle industriel] TITLE: Surgical suture passer instrument
US-D679012-S,Intramedullary implant extractor,2013-03-26,"Richard P. Gleixner, Richard L. McGough, III",3,2013-03-26,2013,Modèle industriel,[Modèle industriel] TITLE: Intramedullary implant extractor
US-D871610-S,Pole clamp for medical device,2019-12-31,"Smiths Medical Asd, Inc.",5,2019-12-31,2019,Modèle industriel,[Modèle industriel] TITLE: Pole clamp for medical device
US-D874678-S,Surgical kit,2020-02-04,"Medline Industries, Inc.",2,2020-02-04,2020,Modèle industriel,[Modèle industriel] TITLE: Surgical kit
US-D901013-S,Porous implant,2020-11-03,Ortho Development Corporation,2,2020-11-03,2020,Modèle industriel,[Modèle industriel] TITLE: Porous implant
US-D893718-S,Surgical stapler,2020-08-18,Ethicon Llc,2,2020-08-18,2020,Modèle industriel,[Modèle industriel] TITLE: Surgical stapler
US-D861899-S,Medical device,2019-10-01,Orthofix Inc.,2,2019-10-01,2019,Modèle industriel,[Modèle industriel] TITLE: Medical device
US-D733867-S,Surgical cassette for a surgical system,2015-07-07,Abbott Medical Optics Inc.,6,2015-07-07,2015,Modèle industriel,[Modèle industriel] TITLE: Surgical cassette for a surgical system
US-D644330-S,Tissue repair implant,2011-08-30,"Ethicon, Inc.",3,2011-08-30,2011,Modèle industriel,[Modèle industriel] TITLE: Tissue repair implant
US-D661805-S,Surgical instrument,2012-06-12,Zimmer Surgical Sa,2,2012-06-12,2012,Modèle industriel,[Modèle industriel] TITLE: Surgical instrument
US-D780410-S,Trapezoid surgical gown,2017-03-07,Innosafe Medical Pte Ltd,3,2017-03-07,2017,Modèle industriel,[Modèle industriel] TITLE: Trapezoid surgical gown
US-D709190-S,Handle for a medical device,2014-07-15,"Endochoice, Inc.",5,2014-07-15,2014,Modèle industriel,[Modèle industriel] TITLE: Handle for a medical device
US-D762950-S,Trapezoid surgical gown,2016-08-09,Innosafe Medical Pte Ltd,3,2016-08-09,2016,Modèle industriel,[Modèle industriel] TITLE: Trapezoid surgical gown
US-D743032-S,Chin implant,2015-11-10,Grady B. Core,2,2015-11-10,2015,Modèle industriel,[Modèle industriel] TITLE: Chin implant
US-D858781-S,Medical device for finger or toe retention and/or protection,2019-09-03,"Yann Sivy, Laurent Bloedt",9,2019-09-03,2019,Modèle industriel,[Modèle industriel] TITLE: Medical device for finger or toe retention and/or protection
US-D779062-S,Tracking pattern holder for a surgical tool,2017-02-14,"X-Nav Technologies, LLC",7,2017-02-14,2017,Modèle industriel,[Modèle industriel] TITLE: Tracking pattern holder for a surgical tool
US-D654179-S,Multifunctional medical device for telemedicine applications,2012-02-14,3M Innovative Properties Company,6,2012-02-14,2012,Modèle industriel,[Modèle industriel] TITLE: Multifunctional medical device for telemedicine applications
US-D854155-S,Handle for a medical device,2019-07-16,Baylis Medical Company Inc.,5,2019-07-16,2019,Modèle industriel,[Modèle industriel] TITLE: Handle for a medical device
US-D842989-S,Surgical instrument,2019-03-12,"Exactech, Inc.",2,2019-03-12,2019,Modèle industriel,[Modèle industriel] TITLE: Surgical instrument
US-D783824-S,Root part for a dental implant,2017-04-11,Silvio Franco Emanuelli,6,2017-04-11,2017,Modèle industriel,[Modèle industriel] TITLE: Root part for a dental implant
US-D716944-S,Surgical saw blade hub,2014-11-04,"Synvasive Technology, Inc.",4,2014-11-04,2014,Modèle industriel,[Modèle industriel] TITLE: Surgical saw blade hub
US-D916904-S,Portion of a display screen with icon of a surgical table,2021-04-20,Verb Surgical Inc.,11,2021-04-20,2021,Modèle industriel,[Modèle industriel] TITLE: Portion of a display screen with icon of a surgical table
US-D607101-S,Ophthalmic surgical pliers,2009-12-29,"Becton, Dickinson And Company",3,2009-12-29,2009,Modèle industriel,[Modèle industriel] TITLE: Ophthalmic surgical pliers
US-D1024310-S,Implant removal device,2024-04-23,"Bateman Bottle, Llc",3,2024-04-23,2024,Modèle industriel,[Modèle industriel] TITLE: Implant removal device
US-D596831-S,Surgical team leader cap,2009-07-28,"Ophelia Rowan, Rowan Sr Ronald R",4,2009-07-28,2009,Modèle industriel,[Modèle industriel] TITLE: Surgical team leader cap
US-D610686-S,Thumb metacarpal implant,2010-02-23,"Ascension Orthopedics, Inc.",3,2010-02-23,2010,Modèle industriel,[Modèle industriel] TITLE: Thumb metacarpal implant
US-D761438-S,Surgical simulator device,2016-07-12,"Cardiovascular Systems, Inc.",3,2016-07-12,2016,Modèle industriel,[Modèle industriel] TITLE: Surgical simulator device
US-D740421-S,Surgical knife,2015-10-06,Osteomed Llc,2,2015-10-06,2015,Modèle industriel,[Modèle industriel] TITLE: Surgical knife
US-D664253-S,Hand implant,2012-07-24,Normed Medizin-Technik Gmbh,2,2012-07-24,2012,Modèle industriel,[Modèle industriel] TITLE: Hand implant
US-D749738-S,Toe implant,2016-02-16,"Nextremity Solutions, Inc.",2,2016-02-16,2016,Modèle industriel,[Modèle industriel] TITLE: Toe implant
US-D629901-S,Tendon sheath dissection tip for a surgical instrument,2010-12-28,"Del Palma Orthopedics, LLC",8,2010-12-28,2010,Modèle industriel,[Modèle industriel] TITLE: Tendon sheath dissection tip for a surgical instrument
US-D895810-S,Surgical saddle,2020-09-08,University Of Miami,2,2020-09-08,2020,Modèle industriel,[Modèle industriel] TITLE: Surgical saddle
US-D733868-S,Medical device for peristaltic pump,2015-07-07,Q-Core Medical Ltd.,5,2015-07-07,2015,Modèle industriel,[Modèle industriel] TITLE: Medical device for peristaltic pump
US-D751203-S,Provisional dental implant,2016-03-08,"Provisional Implant Technology, Llc",3,2016-03-08,2016,Modèle industriel,[Modèle industriel] TITLE: Provisional dental implant
US-D629105-S,Spinous process implant,2010-12-14,Horton Kenneth L,3,2010-12-14,2010,Modèle industriel,[Modèle industriel] TITLE: Spinous process implant
US-D720458-S,Medical implant,2014-12-30,Hg Medical Gmbh,2,2014-12-30,2014,Modèle industriel,[Modèle industriel] TITLE: Medical implant
US-D936223-S,Calibration target for medical device,2021-11-16,"Vioptix, Inc.",5,2021-11-16,2021,Modèle industriel,[Modèle industriel] TITLE: Calibration target for medical device
US-D749726-S,Surgical instrument shaft with hole pattern,2016-02-16,"Intuitive Surgical Operations, Inc.",6,2016-02-16,2016,Modèle industriel,[Modèle industriel] TITLE: Surgical instrument shaft with hole pattern
US-D960361-S,Joystick for medical device,2022-08-09,Memic Innovative Surgery Ltd.,4,2022-08-09,2022,Modèle industriel,[Modèle industriel] TITLE: Joystick for medical device
US-D812227-S,Unitary spinal disc implant with a central core,2018-03-06,"Brian D. Burkinshaw, Jonathan Stupka",8,2018-03-06,2018,Modèle industriel,[Modèle industriel] TITLE: Unitary spinal disc implant with a central core
US-D1048402-S,Spinal implant,2024-10-22,"Warsaw Orthopedic, Inc.",2,2024-10-22,2024,Modèle industriel,[Modèle industriel] TITLE: Spinal implant
US-D945617-S,Knife blade surgical tool,2022-03-08,Mark B. Wright,4,2022-03-08,2022,Modèle industriel,[Modèle industriel] TITLE: Knife blade surgical tool
US-D803180-S,Image display apparatus for a medical device,2017-11-21,Toshiba Medical Systems Corporation,7,2017-11-21,2017,Modèle industriel,[Modèle industriel] TITLE: Image display apparatus for a medical device
US-D714937-S,Medical device,2014-10-07,Karl Storz Gmbh & Co. Kg,2,2014-10-07,2014,Modèle industriel,[Modèle industriel] TITLE: Medical device
US-D617634-S,Packaging for surgical blade tips with wrench,2010-06-15,"Becton, Dickinson And Company",7,2010-06-15,2010,Modèle industriel,[Modèle industriel] TITLE: Packaging for surgical blade tips with wrench
US-D746454-S,Surgical instrument shaft with hole pattern,2015-12-29,"Intuitive Surgical Operations, Inc.",6,2015-12-29,2015,Modèle industriel,[Modèle industriel] TITLE: Surgical instrument shaft with hole pattern
US-D858761-S,Surgical tummy tuck retractor device,2019-09-03,Thomas P. Sterry,5,2019-09-03,2019,Modèle industriel,[Modèle industriel] TITLE: Surgical tummy tuck retractor device
US-D735337-S,Interbody implant,2015-07-28,"Nantoh Co., Ltd.",2,2015-07-28,2015,Modèle industriel,[Modèle industriel] TITLE: Interbody implant
US-D818590-S,Lid for a medical implant,2018-05-22,Ostomycure As,5,2018-05-22,2018,Modèle industriel,[Modèle industriel] TITLE: Lid for a medical implant
US-D749215-S,Medical device,2016-02-09,"Prabhat Kumar Ahluwalia, Puja Ahluwalia",2,2016-02-09,2016,Modèle industriel,[Modèle industriel] TITLE: Medical device
US-D726315-S,Surgical stapler cartridge,2015-04-07,"Ethicon Endo-Surgery, Inc.",3,2015-04-07,2015,Modèle industriel,[Modèle industriel] TITLE: Surgical stapler cartridge
US-D627884-S,Surgical saw device,2010-11-23,"Synvasive Technology, Inc.",3,2010-11-23,2010,Modèle industriel,[Modèle industriel] TITLE: Surgical saw device
US-D622849-S,Surgical saw device,2010-08-31,"Synvasive Technology, Inc.",3,2010-08-31,2010,Modèle industriel,[Modèle industriel] TITLE: Surgical saw device
US-D880722-S,Surgical tray assembly,2020-04-07,Daniels Family Investment Holdings Pty. Ltd.,3,2020-04-07,2020,Modèle industriel,[Modèle industriel] TITLE: Surgical tray assembly
US-D931460-S,"Implant shell having internal, global ribs",2021-09-21,Mentor Worldwide Llc,6,2021-09-21,2021,Modèle industriel,"[Modèle industriel] TITLE: Implant shell having internal, global ribs"
US-D760387-S,Surgical instrument end portion,2016-06-28,"Intuitive Surgical Operations, Inc.",4,2016-06-28,2016,Modèle industriel,[Modèle industriel] TITLE: Surgical instrument end portion
US-D939698-S,Jaw for a surgical instrument,2021-12-28,Shukla Medical,5,2021-12-28,2021,Modèle industriel,[Modèle industriel] TITLE: Jaw for a surgical instrument
US-D685089-S,Surgical instrument,2013-06-25,"DePuy Synthes Products, LLC",2,2013-06-25,2013,Modèle industriel,[Modèle industriel] TITLE: Surgical instrument
US-D777913-S,Surgical tool,2017-01-31,Coloplast A/S,2,2017-01-31,2017,Modèle industriel,[Modèle industriel] TITLE: Surgical tool
US-D933211-S,Jaw for a surgical instrument,2021-10-12,Shukla Medical,5,2021-10-12,2021,Modèle industriel,[Modèle industriel] TITLE: Jaw for a surgical instrument
US-D1036660-S,Medical device holder,2024-07-23,"Inmed, Inc.",3,2024-07-23,2024,Modèle industriel,[Modèle industriel] TITLE: Medical device holder
US-D707819-S,Surgical stapler cartridge,2014-06-24,"Ethicon Endo-Surgery, Inc.",3,2014-06-24,2014,Modèle industriel,[Modèle industriel] TITLE: Surgical stapler cartridge
US-D763445-S,Medical device,2016-08-09,"Prabhat Kumar Ahluwalia, Puja Ahluwalia",2,2016-08-09,2016,Modèle industriel,[Modèle industriel] TITLE: Medical device
US-D763446-S,Medical device,2016-08-09,"Prabhat Kumar Ahluwalia, Puja Ahluwalia",2,2016-08-09,2016,Modèle industriel,[Modèle industriel] TITLE: Medical device
US-D797439-S,Medical device case,2017-09-19,"Sage Services Group, Llc",3,2017-09-19,2017,Modèle industriel,[Modèle industriel] TITLE: Medical device case
US-D657865-S,Cartridge for surgical fluid management system,2012-04-17,"Thermedx, Llc",6,2012-04-17,2012,Modèle industriel,[Modèle industriel] TITLE: Cartridge for surgical fluid management system
US-D746989-S,Implant,2016-01-05,Catalyst Orthopaedics Llc,1,2016-01-05,2016,Modèle industriel,[Modèle industriel] TITLE: Implant
US-D639432-S,Handle for use with a micro surgical knife,2011-06-07,"Oasis Medical, Inc.",8,2011-06-07,2011,Modèle industriel,[Modèle industriel] TITLE: Handle for use with a micro surgical knife
US-D794794-S,Cranial implant,2017-08-15,Michael J. Yaremchuk,2,2017-08-15,2017,Modèle industriel,[Modèle industriel] TITLE: Cranial implant
US-D874655-S,Positioning arm for articulating robotic surgical system,2020-02-04,Medrobotics Corporation,7,2020-02-04,2020,Modèle industriel,[Modèle industriel] TITLE: Positioning arm for articulating robotic surgical system
US-D928943-S,Medical device,2021-08-24,"Leibovici, Llc",2,2021-08-24,2021,Modèle industriel,[Modèle industriel] TITLE: Medical device
US-D705928-S,Medical device,2014-05-27,Mark Whiteley,2,2014-05-27,2014,Modèle industriel,[Modèle industriel] TITLE: Medical device
US-D791320-S,Clip for surgical purposes,2017-07-04,Jean-Noël Sgard,4,2017-07-04,2017,Modèle industriel,[Modèle industriel] TITLE: Clip for surgical purposes
US-D844790-S,Extension for surgical patient positioner,2019-04-02,"Innovative Medical Products, Inc.",5,2019-04-02,2019,Modèle industriel,[Modèle industriel] TITLE: Extension for surgical patient positioner
US-D888239-S,Surgical forceps,2020-06-23,Edward Domanskis,2,2020-06-23,2020,Modèle industriel,[Modèle industriel] TITLE: Surgical forceps
US-D765848-S,Forehead implant,2016-09-06,"Shawhan Biomedical Co., Ltd.",2,2016-09-06,2016,Modèle industriel,[Modèle industriel] TITLE: Forehead implant
US-D917048-S,Surgical tool,2021-04-20,Stryker Corporation,2,2021-04-20,2021,Modèle industriel,[Modèle industriel] TITLE: Surgical tool
US-D791316-S,Handle for endoscopic surgical clip applier,2017-07-04,Getac Technology Corporation,6,2017-07-04,2017,Modèle industriel,[Modèle industriel] TITLE: Handle for endoscopic surgical clip applier
US-D577121-S,Implant for medical applications,2008-09-16,Kinoshita Giken Corporation,4,2008-09-16,2008,Modèle industriel,[Modèle industriel] TITLE: Implant for medical applications
US-D1047144-S,Surgical instrument,2024-10-15,Medacta International Sa,2,2024-10-15,2024,Modèle industriel,[Modèle industriel] TITLE: Surgical instrument
US-D746462-S,Surgical indicators,2015-12-29,Ams Research Corporation,2,2015-12-29,2015,Modèle industriel,[Modèle industriel] TITLE: Surgical indicators
US-D738500-S,Seal anchor for use in surgical procedures,2015-09-08,Covidien Lp,7,2015-09-08,2015,Modèle industriel,[Modèle industriel] TITLE: Seal anchor for use in surgical procedures
US-D893721-S,Surgical stapler,2020-08-18,Ethicon Llc,2,2020-08-18,2020,Modèle industriel,[Modèle industriel] TITLE: Surgical stapler
US-D708337-S,Handle for medical device,2014-07-01,Aerocrine Ab,4,2014-07-01,2014,Modèle industriel,[Modèle industriel] TITLE: Handle for medical device
US-D843568-S,Handle body for surgical device,2019-03-19,Olympus Corporation,5,2019-03-19,2019,Modèle industriel,[Modèle industriel] TITLE: Handle body for surgical device
US-D607103-S,Medical implant,2009-12-29,Ulrich Gmbh & Co. Kg,2,2009-12-29,2009,Modèle industriel,[Modèle industriel] TITLE: Medical implant
US-D622383-S,Surgical saw device,2010-08-24,"Synvasive Technology, Inc.",3,2010-08-24,2010,Modèle industriel,[Modèle industriel] TITLE: Surgical saw device
US-D875932-S,Surgical instrument end portion,2020-02-18,"Intuitive Surgical Operations, Inc.",4,2020-02-18,2020,Modèle industriel,[Modèle industriel] TITLE: Surgical instrument end portion
US-D767159-S,In vitro diagnostic medical device,2016-09-20,Eurotrol B.V.,5,2016-09-20,2016,Modèle industriel,[Modèle industriel] TITLE: In vitro diagnostic medical device
US-D893719-S,Surgical stapler,2020-08-18,Ethicon Llc,2,2020-08-18,2020,Modèle industriel,[Modèle industriel] TITLE: Surgical stapler
US-D745971-S,Surgical table,2015-12-22,"Operating Room Safety Enterprises, LLC",2,2015-12-22,2015,Modèle industriel,[Modèle industriel] TITLE: Surgical table
US-D762854-S,Surgical navigation instrument,2016-08-02,Karl Storz Gmbh & Co. Kg,3,2016-08-02,2016,Modèle industriel,[Modèle industriel] TITLE: Surgical navigation instrument
US-D641466-S,Medical device holster,2011-07-12,"Ethicon, Inc.",3,2011-07-12,2011,Modèle industriel,[Modèle industriel] TITLE: Medical device holster
US-D995776-S,Surgical instrument,2023-08-15,Precision Robotics Ltd,2,2023-08-15,2023,Modèle industriel,[Modèle industriel] TITLE: Surgical instrument
US-D683455-S,CT scanning appliance for implant dentistry,2013-05-28,Implant Solutions,6,2013-05-28,2013,Modèle industriel,[Modèle industriel] TITLE: CT scanning appliance for implant dentistry
US-D616548-S,Fixture analog for dental implant position,2010-05-25,Gc Corporation,6,2010-05-25,2010,Modèle industriel,[Modèle industriel] TITLE: Fixture analog for dental implant position
US-D862708-S,Personal emergency medical alert device cover,2019-10-08,Avery S. Kay,6,2019-10-08,2019,Modèle industriel,[Modèle industriel] TITLE: Personal emergency medical alert device cover
US-D868285-S,Surgical drape,2019-11-26,Musc Foundation For Research Development,2,2019-11-26,2019,Modèle industriel,[Modèle industriel] TITLE: Surgical drape
US-D998793-S,Jaw for a surgical instrument,2023-09-12,Shukla Medical,5,2023-09-12,2023,Modèle industriel,[Modèle industriel] TITLE: Jaw for a surgical instrument
US-D990680-S,Flexible rounded surgical osteotome blade,2023-06-27,"MAP Medical Solutions, LLC",5,2023-06-27,2023,Modèle industriel,[Modèle industriel] TITLE: Flexible rounded surgical osteotome blade
US-D765843-S,Mounting tab for a cranial implant,2016-09-06,"Kelyniam Global, Inc.",6,2016-09-06,2016,Modèle industriel,[Modèle industriel] TITLE: Mounting tab for a cranial implant
US-D818127-S,Image projector for a medical device,2018-05-15,Canon Medical Systems Corporation,6,2018-05-15,2018,Modèle industriel,[Modèle industriel] TITLE: Image projector for a medical device
US-D737437-S,Surgical retractor,2015-08-25,Joseph McLoughlin,2,2015-08-25,2015,Modèle industriel,[Modèle industriel] TITLE: Surgical retractor
US-D841809-S,Implant,2019-02-26,"C.R. Bard, Inc.",1,2019-02-26,2019,Modèle industriel,[Modèle industriel] TITLE: Implant
US-D1046143-S,Penile sleeve implant,2024-10-08,Loria Products Llc,3,2024-10-08,2024,Modèle industriel,[Modèle industriel] TITLE: Penile sleeve implant
US-D844807-S,Base plate for a surgical patient positioner,2019-04-02,"Innovative Medical Products, Inc.",7,2019-04-02,2019,Modèle industriel,[Modèle industriel] TITLE: Base plate for a surgical patient positioner
US-D724938-S,Package for a medical device,2015-03-24,"Medtronic Vascular, Inc.",5,2015-03-24,2015,Modèle industriel,[Modèle industriel] TITLE: Package for a medical device
US-D948914-S,Surgical water pitcher,2022-04-19,"Newgen Surgical, Inc.",3,2022-04-19,2022,Modèle industriel,[Modèle industriel] TITLE: Surgical water pitcher
US-D937422-S,Medical device inserter,2021-11-30,Bionime Corporation,3,2021-11-30,2021,Modèle industriel,[Modèle industriel] TITLE: Medical device inserter
US-D767130-S,Surgical instrument end portion,2016-09-20,"Intuitive Surgical Operations, Inc.",4,2016-09-20,2016,Modèle industriel,[Modèle industriel] TITLE: Surgical instrument end portion
US-D703817-S,Medical device arm,2014-04-29,"Goo M. Sung, Matt C. Jones, Arthur Y. Wu, Ezra R. Perkins, Dave D. Domreis",3,2014-04-29,2014,Modèle industriel,[Modèle industriel] TITLE: Medical device arm
US-D857209-S,Intraoral surgical mouth prop,2019-08-20,Robinson Healthcare Limited,4,2019-08-20,2019,Modèle industriel,[Modèle industriel] TITLE: Intraoral surgical mouth prop
US-D755388-S,X-ray tube for medical device,2016-05-03,"Kabushiki Kaisha Toshiba, Toshiba Electron Tubes & Devices Co., Ltd.",5,2016-05-03,2016,Modèle industriel,[Modèle industriel] TITLE: X-ray tube for medical device
US-D755391-S,X-ray tube for medical device,2016-05-03,"Kabushiki Kaisha Toshiba, Toshiba Electron Tubes & Devices Co., Ltd.",5,2016-05-03,2016,Modèle industriel,[Modèle industriel] TITLE: X-ray tube for medical device
US-D1013163-S,Handpiece for surgical drill,2024-01-30,Nipro Corporation,4,2024-01-30,2024,Modèle industriel,[Modèle industriel] TITLE: Handpiece for surgical drill
US-D700333-S,Intraspinous process spacer implant,2014-02-25,"In Queue Innovations, Llc",4,2014-02-25,2014,Modèle industriel,[Modèle industriel] TITLE: Intraspinous process spacer implant
US-D701306-S,Surgical stapler handle,2014-03-18,"Ethicon Endo-Surgery, Inc.",3,2014-03-18,2014,Modèle industriel,[Modèle industriel] TITLE: Surgical stapler handle
US-D623746-S,Spinal implant,2010-09-14,"Globus Medical, Inc.",2,2010-09-14,2010,Modèle industriel,[Modèle industriel] TITLE: Spinal implant
US-D727512-S,Surgical instrument,2015-04-21,"Smith & Nephew, Inc.",2,2015-04-21,2015,Modèle industriel,[Modèle industriel] TITLE: Surgical instrument
US-D913496-S,Medical device for chondrectomy,2021-03-16,Biovico Sp. Z O.O.,4,2021-03-16,2021,Modèle industriel,[Modèle industriel] TITLE: Medical device for chondrectomy
US-D989309-S,Ultrasonic surgical blade,2023-06-13,"Misonix, Llc",3,2023-06-13,2023,Modèle industriel,[Modèle industriel] TITLE: Ultrasonic surgical blade
US-D962430-S,Universal surgical vaginal speculum,2022-08-30,Michael Altamura,4,2022-08-30,2022,Modèle industriel,[Modèle industriel] TITLE: Universal surgical vaginal speculum
US-D785898-S,Lock box for medical device,2017-05-02,Q-Core Medical Ltd.,5,2017-05-02,2017,Modèle industriel,[Modèle industriel] TITLE: Lock box for medical device
US-D980983-S,Medical instrument for eye surgical purposes,2023-03-14,Oertli-Instrumente Ag,6,2023-03-14,2023,Modèle industriel,[Modèle industriel] TITLE: Medical instrument for eye surgical purposes
US-D1030054-S,Surgical handpiece,2024-06-04,Stryker Corporation,2,2024-06-04,2024,Modèle industriel,[Modèle industriel] TITLE: Surgical handpiece
US-D714448-S,Operation panel for medical device,2014-09-30,"Samsung Electronics Co., Ltd.",5,2014-09-30,2014,Modèle industriel,[Modèle industriel] TITLE: Operation panel for medical device
US-D787059-S,Jawbone implant,2017-05-16,Karl Leibinger Medzintechnik GmbH & Co. KG,2,2017-05-16,2017,Modèle industriel,[Modèle industriel] TITLE: Jawbone implant
US-D827829-S,Personal medical device,2018-09-04,Pmd Healthcare,3,2018-09-04,2018,Modèle industriel,[Modèle industriel] TITLE: Personal medical device
US-D1050438-S,Nasal implant for rhinoplasty,2024-11-05,Eun Hyun Bae,4,2024-11-05,2024,Modèle industriel,[Modèle industriel] TITLE: Nasal implant for rhinoplasty
US-D736393-S,Surgical stand,2015-08-11,Sammy Lane Cox,2,2015-08-11,2015,Modèle industriel,[Modèle industriel] TITLE: Surgical stand
US-D714445-S,Operation panel for medical device,2014-09-30,"Samsung Electronics Co., Ltd.",5,2014-09-30,2014,Modèle industriel,[Modèle industriel] TITLE: Operation panel for medical device
US-D1013868-S,Medical device,2024-02-06,"Fetal Life, Llc",2,2024-02-06,2024,Modèle industriel,[Modèle industriel] TITLE: Medical device
US-D742513-S,Medical device,2015-11-03,"Minimally Invasive Surgical Technologies, Inc.",2,2015-11-03,2015,Modèle industriel,[Modèle industriel] TITLE: Medical device
US-D567377-S,Spinal implant,2008-04-22,"Zimmer Spine, Inc.",2,2008-04-22,2008,Modèle industriel,[Modèle industriel] TITLE: Spinal implant
US-D921891-S,Axial handle for surgical tools,2021-06-08,"ECA Medical Instruments, Inc.",5,2021-06-08,2021,Modèle industriel,[Modèle industriel] TITLE: Axial handle for surgical tools
US-D584816-S,Surgical clamp,2009-01-13,"Koros Tibor B, Koros Gabriel J",2,2009-01-13,2009,Modèle industriel,[Modèle industriel] TITLE: Surgical clamp
US-D954270-S,Medical device with housing for a barcode scanner module,2022-06-07,"Bruin Biometrics, Llc",9,2022-06-07,2022,Modèle industriel,[Modèle industriel] TITLE: Medical device with housing for a barcode scanner module
US-D931219-S,Medical device connector,2021-09-21,"Physio-Control, Inc.",3,2021-09-21,2021,Modèle industriel,[Modèle industriel] TITLE: Medical device connector
US-D747964-S,Package for medical device,2016-01-26,Aventisub Llc,4,2016-01-26,2016,Modèle industriel,[Modèle industriel] TITLE: Package for medical device
US-D601253-S,Dental implant,2009-09-29,"Ziterion, Gmbh",2,2009-09-29,2009,Modèle industriel,[Modèle industriel] TITLE: Dental implant
US-D844139-S,Monopolar assembly of a multi-function surgical instrument,2019-03-26,Covidien Lp,7,2019-03-26,2019,Modèle industriel,[Modèle industriel] TITLE: Monopolar assembly of a multi-function surgical instrument
US-D846182-S,Support arm for an overhead surgical lighting system,2019-04-16,American Sterilizer Company,8,2019-04-16,2019,Modèle industriel,[Modèle industriel] TITLE: Support arm for an overhead surgical lighting system
US-D846181-S,Support arm for an overhead surgical lighting system,2019-04-16,American Sterilizer Company,8,2019-04-16,2019,Modèle industriel,[Modèle industriel] TITLE: Support arm for an overhead surgical lighting system
US-D952154-S,Medical device,2022-05-17,"Medical Creations, Inc.",2,2022-05-17,2022,Modèle industriel,[Modèle industriel] TITLE: Medical device
US-D1030065-S,Medical device for tricuspid valve regurgitation,2024-06-04,"Tau Cardio Inc., Tau Medical Inc.",6,2024-06-04,2024,Modèle industriel,[Modèle industriel] TITLE: Medical device for tricuspid valve regurgitation
US-D731064-S,Implant housing container,2015-06-02,Gc Corporation,3,2015-06-02,2015,Modèle industriel,[Modèle industriel] TITLE: Implant housing container
US-D819195-S,Tubing cartridge for an ultrasonic surgical aspirator,2018-05-29,Integra Lifesciences Nr Ireland Limited,7,2018-05-29,2018,Modèle industriel,[Modèle industriel] TITLE: Tubing cartridge for an ultrasonic surgical aspirator
US-D863556-S,Implant,2019-10-15,Swemac Innovation Ab,1,2019-10-15,2019,Modèle industriel,[Modèle industriel] TITLE: Implant
US-D767129-S,Surgical instrument end portion,2016-09-20,"Intuitive Surgical Operations, Inc.",4,2016-09-20,2016,Modèle industriel,[Modèle industriel] TITLE: Surgical instrument end portion
US-D799059-S,Surgical Instrument Organizer,2017-10-03,Latifa Self,3,2017-10-03,2017,Modèle industriel,[Modèle industriel] TITLE: Surgical Instrument Organizer
US-D949338-S,Linear surgical stapler,2022-04-19,Cilag Gmbh International,3,2022-04-19,2022,Modèle industriel,[Modèle industriel] TITLE: Linear surgical stapler
US-D745964-S,Surgical instrument shaft with hole pattern,2015-12-22,"Intuitive Surgical Opertions, Inc.",6,2015-12-22,2015,Modèle industriel,[Modèle industriel] TITLE: Surgical instrument shaft with hole pattern
US-D840542-S,Surgical system base,2019-02-12,"Intuitive Surgical Operations, Inc.",3,2019-02-12,2019,Modèle industriel,[Modèle industriel] TITLE: Surgical system base
US-D680221-S,Surgical nail,2013-04-16,Yechiel Gotfried,2,2013-04-16,2013,Modèle industriel,[Modèle industriel] TITLE: Surgical nail
US-D685090-S,Surgical reamer,2013-06-25,"Grace Manufacturing, Inc.",2,2013-06-25,2013,Modèle industriel,[Modèle industriel] TITLE: Surgical reamer
US-D685473-S,Surgical reamer,2013-07-02,"Grace Manufacturing, Inc.",2,2013-07-02,2013,Modèle industriel,[Modèle industriel] TITLE: Surgical reamer
US-D686730-S,Medical implant,2013-07-23,Micropos Medical Ab,2,2013-07-23,2013,Modèle industriel,[Modèle industriel] TITLE: Medical implant
US-D660962-S,Surgical instrument,2012-05-29,Zimmer Surgical Sa,2,2012-05-29,2012,Modèle industriel,[Modèle industriel] TITLE: Surgical instrument
US-D663336-S,Tube for surgical microscope,2012-07-10,Carl Zeiss Meditec Ag,4,2012-07-10,2012,Modèle industriel,[Modèle industriel] TITLE: Tube for surgical microscope
US-D674093-S,Landmark identifier for targeting a landmark of an orthopaedic implant,2013-01-08,"Smith & Nephew, Inc.",10,2013-01-08,2013,Modèle industriel,[Modèle industriel] TITLE: Landmark identifier for targeting a landmark of an orthopaedic implant
US-D664659-S,Package for dental implant,2012-07-31,Thommen Medical Ag,4,2012-07-31,2012,Modèle industriel,[Modèle industriel] TITLE: Package for dental implant
US-D712040-S,Surgical table post clamp,2014-08-26,Peter Schuerch,4,2014-08-26,2014,Modèle industriel,[Modèle industriel] TITLE: Surgical table post clamp
US-D700328-S,Surgical rongeur,2014-02-25,"Thomas Tontarra, Grundstuecksverwaltungs GmbH & Co KG",2,2014-02-25,2014,Modèle industriel,[Modèle industriel] TITLE: Surgical rongeur
US-D676966-S,Spinal implant,2013-02-26,Kinetic Spine Technologies Inc.,2,2013-02-26,2013,Modèle industriel,[Modèle industriel] TITLE: Spinal implant
US-D654167-S,Surgical saw device,2012-02-14,Sevika Holding AG,3,2012-02-14,2012,Modèle industriel,[Modèle industriel] TITLE: Surgical saw device
US-D622845-S,Retractor surgical instrument,2010-08-31,Medical Design Instruments LLC,3,2010-08-31,2010,Modèle industriel,[Modèle industriel] TITLE: Retractor surgical instrument
US-D622384-S,Surgical saw device,2010-08-24,"Synvasive Technology, Inc.",3,2010-08-24,2010,Modèle industriel,[Modèle industriel] TITLE: Surgical saw device
US-D622385-S,Surgical saw device,2010-08-24,"Synvasive Technology, Inc.",3,2010-08-24,2010,Modèle industriel,[Modèle industriel] TITLE: Surgical saw device
US-D622848-S,Surgical saw device,2010-08-31,"Synvasive Technology, Inc.",3,2010-08-31,2010,Modèle industriel,[Modèle industriel] TITLE: Surgical saw device
US-D612053-S,Dental implant holder,2010-03-16,Inpac Medizintechnik Gmbh,3,2010-03-16,2010,Modèle industriel,[Modèle industriel] TITLE: Dental implant holder
US-D509297-S,Surgical instrument,2005-09-06,"Tyco Healthcare Group, Lp",2,2005-09-06,2005,Modèle industriel,[Modèle industriel] TITLE: Surgical instrument
US-D509589-S,Handle for surgical instrument,2005-09-13,"Tyco Healthcare Group, Lp",4,2005-09-13,2005,Modèle industriel,[Modèle industriel] TITLE: Handle for surgical instrument
US-D478986-S,Surgical tool,2003-08-26,Gyrus Ent L.L.C.,2,2003-08-26,2003,Modèle industriel,[Modèle industriel] TITLE: Surgical tool
US-D484243-S,Surgical tool blade holder,2003-12-23,Gyrus Ent L.L.C.,4,2003-12-23,2003,Modèle industriel,[Modèle industriel] TITLE: Surgical tool blade holder
US-D484977-S,Surgical tool blade holder,2004-01-06,Gyrus Ent L.L.C.,4,2004-01-06,2004,Modèle industriel,[Modèle industriel] TITLE: Surgical tool blade holder
US-D484595-S,Surgical tool blade holder,2003-12-30,Gyrus Ent L.L.C.,4,2003-12-30,2003,Modèle industriel,[Modèle industriel] TITLE: Surgical tool blade holder
US-D465279-S,Ophthalmologic surgical instrument,2002-11-05,Grieshaber & Co. Ag Schaffhausen,3,2002-11-05,2002,Modèle industriel,[Modèle industriel] TITLE: Ophthalmologic surgical instrument
US-D462758-S,Pistol grip manually operable irrigation surgical instrument,2002-09-10,Baxter International Inc.,7,2002-09-10,2002,Modèle industriel,[Modèle industriel] TITLE: Pistol grip manually operable irrigation surgical instrument
US-D455758-S,Operational mode icon for a display screen of a control unit for a surgical device,2002-04-16,"Ethicon Endo-Surgery, Inc.",15,2002-04-16,2002,Modèle industriel,[Modèle industriel] TITLE: Operational mode icon for a display screen of a control unit for a surgical device
US-D484596-S,Surgical tool blade holder,2003-12-30,Gyrus Ent L.L.C.,4,2003-12-30,2003,Modèle industriel,[Modèle industriel] TITLE: Surgical tool blade holder
US-D490152-S,Surgical handpiece,2004-05-18,Glaukos Corporation,2,2004-05-18,2004,Modèle industriel,[Modèle industriel] TITLE: Surgical handpiece
US-D480808-S,Surgical fastener applying apparatus,2003-10-14,Tyco Healthcare Group Lp,4,2003-10-14,2003,Modèle industriel,[Modèle industriel] TITLE: Surgical fastener applying apparatus
US-D538932-S,Surgical needle holder,2007-03-20,Medical Action Industries Inc.,3,2007-03-20,2007,Modèle industriel,[Modèle industriel] TITLE: Surgical needle holder
US-D533274-S,Handle for surgical suction-irrigation device,2006-12-05,Allegiance Corporation,5,2006-12-05,2006,Modèle industriel,[Modèle industriel] TITLE: Handle for surgical suction-irrigation device
US-D486915-S,Surgical cart,2004-02-17,"Ohio Medical Instrument Company, Inc.",2,2004-02-17,2004,Modèle industriel,[Modèle industriel] TITLE: Surgical cart
US-D533664-S,Surgical aiming device,2006-12-12,Hfsc Company,3,2006-12-12,2006,Modèle industriel,[Modèle industriel] TITLE: Surgical aiming device
US-D547863-S,Wall mounted medical device holder,2007-07-31,"Crest Electronics, Inc.",5,2007-07-31,2007,Modèle industriel,[Modèle industriel] TITLE: Wall mounted medical device holder
US-D480864-S,Case for a medical device,2003-10-21,Aventis Pharma Deutschland Gmbh,5,2003-10-21,2003,Modèle industriel,[Modèle industriel] TITLE: Case for a medical device
US-D469871-S,Hand held surgical instrument,2003-02-04,Kyphon Inc.,4,2003-02-04,2003,Modèle industriel,[Modèle industriel] TITLE: Hand held surgical instrument
US-D489973-S,Medical device package,2004-05-18,"Vascular Solutions, Inc.",3,2004-05-18,2004,Modèle industriel,[Modèle industriel] TITLE: Medical device package
US-D490520-S,Medical device for injecting fluid medicaments,2004-05-25,Aventis Pharma Deutschland Gmbh,6,2004-05-25,2004,Modèle industriel,[Modèle industriel] TITLE: Medical device for injecting fluid medicaments
US-D493533-S,Intervertebral implant,2004-07-27,"Nuvasive, Inc.",2,2004-07-27,2004,Modèle industriel,[Modèle industriel] TITLE: Intervertebral implant
US-D447567-S,Cart for an ophthalmic surgical console,2001-09-04,Alcon Universal Ltd.,6,2001-09-04,2001,Modèle industriel,[Modèle industriel] TITLE: Cart for an ophthalmic surgical console
US-D439980-S,Hand-held surgical instrument,2001-04-03,"Kyphon, Inc.",3,2001-04-03,2001,Modèle industriel,[Modèle industriel] TITLE: Hand-held surgical instrument
US-D467001-S,Surgical console,2002-12-10,"Alcon, Inc.",2,2002-12-10,2002,Modèle industriel,[Modèle industriel] TITLE: Surgical console
US-D467657-S,Hand held surgical instrument,2002-12-24,Kyphon Inc.,4,2002-12-24,2002,Modèle industriel,[Modèle industriel] TITLE: Hand held surgical instrument
US-D471641-S,Surgical kit tray,2003-03-11,"Kimberly-Clark Worldwide, Inc.",3,2003-03-11,2003,Modèle industriel,[Modèle industriel] TITLE: Surgical kit tray
US-D438952-S,Console for surgical procedures,2001-03-13,Sherwood Services Ag,4,2001-03-13,2001,Modèle industriel,[Modèle industriel] TITLE: Console for surgical procedures
US-D449691-S,Hand-held surgical instrument,2001-10-23,Kyphon Inc.,3,2001-10-23,2001,Modèle industriel,[Modèle industriel] TITLE: Hand-held surgical instrument
US-D453833-S,Handle for surgical instrument,2002-02-19,"Ethicon, Inc.",4,2002-02-19,2002,Modèle industriel,[Modèle industriel] TITLE: Handle for surgical instrument
US-D472972-S,Bone implant,2003-04-08,Lifenet,2,2003-04-08,2003,Modèle industriel,[Modèle industriel] TITLE: Bone implant
US-D456080-S,Surgical robot,2002-04-23,Medical Robotics I Stockholm Ab,2,2002-04-23,2002,Modèle industriel,[Modèle industriel] TITLE: Surgical robot
US-D540951-S,Basis for surgical aiming device,2007-04-17,Synthes (Usa),5,2007-04-17,2007,Modèle industriel,[Modèle industriel] TITLE: Basis for surgical aiming device
US-D482787-S,Hand held surgical instrument,2003-11-25,Kyphon Inc.,4,2003-11-25,2003,Modèle industriel,[Modèle industriel] TITLE: Hand held surgical instrument
US-D473944-S,Bone implant,2003-04-29,Lifenet,2,2003-04-29,2003,Modèle industriel,[Modèle industriel] TITLE: Bone implant
US-D557814-S,Modular surgical tray and cover,2007-12-18,"Warsaw Orthopedic, Inc.",5,2007-12-18,2007,Modèle industriel,[Modèle industriel] TITLE: Modular surgical tray and cover
US-D518175-S,"Handle for medical devices, and medical device assemblies using a handle",2006-03-28,Wilson-Cook Medical Inc.,11,2006-03-28,2006,Modèle industriel,"[Modèle industriel] TITLE: Handle for medical devices, and medical device assemblies using a handle"
US-D480816-S,Surgical kit for percutaneous endoscopic gastrostomy procedures,2003-10-14,"Kimberly-Clark Worldwide, Inc.",7,2003-10-14,2003,Modèle industriel,[Modèle industriel] TITLE: Surgical kit for percutaneous endoscopic gastrostomy procedures
US-D445188-S,Implantable surgical membrane,2001-07-17,"Gore Enterprise Holdings, Inc.",3,2001-07-17,2001,Modèle industriel,[Modèle industriel] TITLE: Implantable surgical membrane
US-D444878-S,Implantable surgical membrane,2001-07-10,"Gore Enterprise Holdings, Inc.",3,2001-07-10,2001,Modèle industriel,[Modèle industriel] TITLE: Implantable surgical membrane
US-D471640-S,Surgical kit for percutaneous endoscopic gastrostomy procedures,2003-03-11,"Kimberly-Clark Worldwide, Inc.",7,2003-03-11,2003,Modèle industriel,[Modèle industriel] TITLE: Surgical kit for percutaneous endoscopic gastrostomy procedures
US-D512506-S,Hand held surgical instrument for creating cavities in interior body regions,2005-12-06,"Kyphon, Inc.",11,2005-12-06,2005,Modèle industriel,[Modèle industriel] TITLE: Hand held surgical instrument for creating cavities in interior body regions
US-D489823-S,Surgical saw blade hub,2004-05-11,"Synvasive Technology, Inc.",4,2004-05-11,2004,Modèle industriel,[Modèle industriel] TITLE: Surgical saw blade hub
US-D492032-S,Impact handle for hand held surgical instruments,2004-06-22,Kyphon Inc.,7,2004-06-22,2004,Modèle industriel,[Modèle industriel] TITLE: Impact handle for hand held surgical instruments
US-D494274-S,Implant,2004-08-10,Ortho Development Corporation,1,2004-08-10,2004,Modèle industriel,[Modèle industriel] TITLE: Implant
US-D492775-S,Impact handle for hand held surgical instruments,2004-07-06,Kyphon Inc.,7,2004-07-06,2004,Modèle industriel,[Modèle industriel] TITLE: Impact handle for hand held surgical instruments
US-D507832-S,User interface for a medical device,2005-07-26,"Medrad, Inc.",6,2005-07-26,2005,Modèle industriel,[Modèle industriel] TITLE: User interface for a medical device
US-D439340-S,End cap for a spinal implant,2001-03-20,Gary K. Michelson,6,2001-03-20,2001,Modèle industriel,[Modèle industriel] TITLE: End cap for a spinal implant
US-D469945-S,Surgical gown with thumb hole,2003-02-11,Philip J Mayer,5,2003-02-11,2003,Modèle industriel,[Modèle industriel] TITLE: Surgical gown with thumb hole
US-D421303-S,Surgical knife handle,2000-02-29,"Becton, Dickinson And Company",3,2000-02-29,2000,Modèle industriel,[Modèle industriel] TITLE: Surgical knife handle
US-D495417-S,Slip-fit handle for hand held surgical instruments,2004-08-31,Kyphon Inc.,7,2004-08-31,2004,Modèle industriel,[Modèle industriel] TITLE: Slip-fit handle for hand held surgical instruments
US-D496730-S,Surgical knife safety handle,2004-09-28,"Becton, Dickinson & Company",4,2004-09-28,2004,Modèle industriel,[Modèle industriel] TITLE: Surgical knife safety handle
US-D550362-S,Surgical console,2007-09-04,"Alcon, Inc.",2,2007-09-04,2007,Modèle industriel,[Modèle industriel] TITLE: Surgical console
US-D459805-S,Surgical saw blade hub with tangs,2002-07-02,"Microaire Surgical Instruments, Inc.",6,2002-07-02,2002,Modèle industriel,[Modèle industriel] TITLE: Surgical saw blade hub with tangs
US-D523144-S,Implantable medical device,2006-06-13,"Medtronic, Inc.",3,2006-06-13,2006,Modèle industriel,[Modèle industriel] TITLE: Implantable medical device
US-D442687-S,Surgical tibial retractor tool,2001-05-22,David A. Schulz,4,2001-05-22,2001,Modèle industriel,[Modèle industriel] TITLE: Surgical tibial retractor tool
US-D470939-S,Anatomic implant with a beveled edge,2003-02-25,Fereidoun Daftary,6,2003-02-25,2003,Modèle industriel,[Modèle industriel] TITLE: Anatomic implant with a beveled edge
US-D543626-S,Handle for a surgical instrument,2007-05-29,Ams Research Corporation,5,2007-05-29,2007,Modèle industriel,[Modèle industriel] TITLE: Handle for a surgical instrument
US-D585987-S,Handle for surgical instruments,2009-02-03,"Alfredo Sierra Aparici, Vicente Fores Ahuir",4,2009-02-03,2009,Modèle industriel,[Modèle industriel] TITLE: Handle for surgical instruments
US-D525707-S,Surgical saw blade,2006-07-25,Gebr. Brasseler Gmbh & Co. Kg,3,2006-07-25,2006,Modèle industriel,[Modèle industriel] TITLE: Surgical saw blade
US-D441886-S,Headband for medical or surgical use,2001-05-08,"Karl Storz Gmbh & Co., Kg",6,2001-05-08,2001,Modèle industriel,[Modèle industriel] TITLE: Headband for medical or surgical use
US-D507650-S,Dental implant with internal passageway,2005-07-19,Thomas J. Teich,5,2005-07-19,2005,Modèle industriel,[Modèle industriel] TITLE: Dental implant with internal passageway
US-D511209-S,Surgical mask,2005-11-01,Callan Eoin J P,2,2005-11-01,2005,Modèle industriel,[Modèle industriel] TITLE: Surgical mask
US-D553742-S,Anterior lumbar interbody fusion implant,2007-10-23,Paceco Corp.,5,2007-10-23,2007,Modèle industriel,[Modèle industriel] TITLE: Anterior lumbar interbody fusion implant
US-D467345-S,Surgical drape,2002-12-17,Cook Critical Care,2,2002-12-17,2002,Modèle industriel,[Modèle industriel] TITLE: Surgical drape
US-D466213-S,Surgical instrument,2002-11-26,Ams Research Corporation,2,2002-11-26,2002,Modèle industriel,[Modèle industriel] TITLE: Surgical instrument
US-D534650-S,Handle for a surgical instrument,2007-01-02,Ams Research Corporation,5,2007-01-02,2007,Modèle industriel,[Modèle industriel] TITLE: Handle for a surgical instrument
US-D425989-S,Artificial spinal fusion implant,2000-05-30,"Sofamor Danek Holdings, Inc.",4,2000-05-30,2000,Modèle industriel,[Modèle industriel] TITLE: Artificial spinal fusion implant
US-D561896-S,Guidewire loader apparatus for a medical device,2008-02-12,Abbott Laboratories,7,2008-02-12,2008,Modèle industriel,[Modèle industriel] TITLE: Guidewire loader apparatus for a medical device
US-D497992-S,Ultrasonic surgical aspiration tip,2004-11-02,"Synergetics, Inc.",4,2004-11-02,2004,Modèle industriel,[Modèle industriel] TITLE: Ultrasonic surgical aspiration tip
US-D446859-S,Multi-lobed dental implant,2001-08-21,"Nobel Biocare Usa, Inc.",3,2001-08-21,2001,Modèle industriel,[Modèle industriel] TITLE: Multi-lobed dental implant
US-D560803-S,Handle for medical device,2008-01-29,Cryocath Technologies Inc.,4,2008-01-29,2008,Modèle industriel,[Modèle industriel] TITLE: Handle for medical device
US-D492412-S,Surgical saw blade,2004-06-29,De Soutter Medical Ltd.,3,2004-06-29,2004,Modèle industriel,[Modèle industriel] TITLE: Surgical saw blade
US-D562985-S,Medical device with cable,2008-02-26,"Neurometrix, Inc.",4,2008-02-26,2008,Modèle industriel,[Modèle industriel] TITLE: Medical device with cable
US-D486914-S,Dental implant abutment,2004-02-17,"Cagenix, Inc.",3,2004-02-17,2004,Modèle industriel,[Modèle industriel] TITLE: Dental implant abutment
US-D455490-S,Surgical saw blade hub,2002-04-09,"Microaire Surgical Instruments, Inc.",4,2002-04-09,2002,Modèle industriel,[Modèle industriel] TITLE: Surgical saw blade hub
US-D466214-S,Disposable surgical blade holder,2002-11-26,"Feather Safety Razor Co., Ltd.",4,2002-11-26,2002,Modèle industriel,[Modèle industriel] TITLE: Disposable surgical blade holder
US-D428989-S,Surgical incision spreading device,2000-08-01,"Viamedics, Llc",4,2000-08-01,2000,Modèle industriel,[Modèle industriel] TITLE: Surgical incision spreading device
US-D497990-S,Implant inserter,2004-11-02,Schering Oy,2,2004-11-02,2004,Modèle industriel,[Modèle industriel] TITLE: Implant inserter
US-D533944-S,Surgical scalpel,2006-12-19,"Sullivan Stephen J, Myles Kobren, Andrew Menzen",2,2006-12-19,2006,Modèle industriel,[Modèle industriel] TITLE: Surgical scalpel
US-D441865-S,Surgical stapling device,2001-05-08,Tyco Healthcare Group Lp,3,2001-05-08,2001,Modèle industriel,[Modèle industriel] TITLE: Surgical stapling device
US-D493535-S,Single tooth implant substructure,2004-07-27,George M. Whitehead,4,2004-07-27,2004,Modèle industriel,[Modèle industriel] TITLE: Single tooth implant substructure
US-D460189-S,Trailing end of a spinal implant,2002-07-09,Gary K. Michelson,6,2002-07-09,2002,Modèle industriel,[Modèle industriel] TITLE: Trailing end of a spinal implant
US-D550368-S,Post surgical mammary support bra,2007-09-04,Hankins Martha A,5,2007-09-04,2007,Modèle industriel,[Modèle industriel] TITLE: Post surgical mammary support bra
US-D511833-S,Dental implant,2005-11-22,Woehrle Peter S,2,2005-11-22,2005,Modèle industriel,[Modèle industriel] TITLE: Dental implant
US-D483910-S,Callus remover with surgical steel blade,2003-12-16,"O'brien, Ii Thomas G.",6,2003-12-16,2003,Modèle industriel,[Modèle industriel] TITLE: Callus remover with surgical steel blade
US-D450121-S,Bone implant,2001-11-06,"Lifenet, Depuy Acromed, Inc.",2,2001-11-06,2001,Modèle industriel,[Modèle industriel] TITLE: Bone implant
US-D571010-S,Surgical knife safety handle,2008-06-10,"Becton, Dickinson And Company",4,2008-06-10,2008,Modèle industriel,[Modèle industriel] TITLE: Surgical knife safety handle
US-D493890-S,Dental implant abutment,2004-08-03,"Cagenix, Inc.",3,2004-08-03,2004,Modèle industriel,[Modèle industriel] TITLE: Dental implant abutment
US-D507052-S,Dental implant,2005-07-05,Peter S. Wohrle,2,2005-07-05,2005,Modèle industriel,[Modèle industriel] TITLE: Dental implant
US-D473652-S,Speech processor for a cochlear implant,2003-04-22,Cochlear Limited,6,2003-04-22,2003,Modèle industriel,[Modèle industriel] TITLE: Speech processor for a cochlear implant
US-D439337-S,Surgical needle holder,2001-03-20,Michael Harold Jones,3,2001-03-20,2001,Modèle industriel,[Modèle industriel] TITLE: Surgical needle holder
US-D447569-S,Medical device casing,2001-09-04,"Huntleigh Technology, Plc",3,2001-09-04,2001,Modèle industriel,[Modèle industriel] TITLE: Medical device casing
US-D487151-S,Dental implant fixture,2004-02-24,"Cagenix, Inc.",3,2004-02-24,2004,Modèle industriel,[Modèle industriel] TITLE: Dental implant fixture
US-D553743-S,Cervical lumbar interbody fusion implant,2007-10-23,Paceco Corp.,5,2007-10-23,2007,Modèle industriel,[Modèle industriel] TITLE: Cervical lumbar interbody fusion implant
US-D565179-S,Bone implant,2008-03-25,"Pentax Corporation, Shinichiro Kubo",2,2008-03-25,2008,Modèle industriel,[Modèle industriel] TITLE: Bone implant
US-D567245-S,Surgical drape for flat panel screen displays and touch screen surgical input devices,2008-04-22,"Advanced Medical Optics, Inc.",13,2008-04-22,2008,Modèle industriel,[Modèle industriel] TITLE: Surgical drape for flat panel screen displays and touch screen surgical input devices
US-D513540-S,Surgical prep razor,2006-01-10,American Safety Razor Company,3,2006-01-10,2006,Modèle industriel,[Modèle industriel] TITLE: Surgical prep razor
US-D443058-S,Curved medical device for the application of a tack to the body of a patient,2001-05-29,Genzyme Corporation,15,2001-05-29,2001,Modèle industriel,[Modèle industriel] TITLE: Curved medical device for the application of a tack to the body of a patient
US-D534651-S,Powered surgical screwdriver,2007-01-02,"Kinamed, Inc.",3,2007-01-02,2007,Modèle industriel,[Modèle industriel] TITLE: Powered surgical screwdriver
US-D619248-S,Medical device for inserting a video laryngoscope,2010-07-06,Pentax Corporation,7,2010-07-06,2010,Modèle industriel,[Modèle industriel] TITLE: Medical device for inserting a video laryngoscope
US-D483870-S,Device for surgical decompression of branch retinal vein occlusion via microvascular arteriovenous adventitial sheathotomy,2003-12-16,"Synergetics, Inc.",14,2003-12-16,2003,Modèle industriel,[Modèle industriel] TITLE: Device for surgical decompression of branch retinal vein occlusion via microvascular arteriovenous adventitial sheathotomy
US-D427684-S,Implant,2000-07-04,Astra Aktiebolag,1,2000-07-04,2000,Modèle industriel,[Modèle industriel] TITLE: Implant
US-D448782-S,Combined magnifier and light for surgical instrument,2001-10-02,Gracie Wright,7,2001-10-02,2001,Modèle industriel,[Modèle industriel] TITLE: Combined magnifier and light for surgical instrument
US-D557804-S,Surgical cassette for a surgical system,2007-12-18,"Advanced Medical Optics, Inc.",6,2007-12-18,2007,Modèle industriel,[Modèle industriel] TITLE: Surgical cassette for a surgical system
US-D562979-S,Surgical nail screw,2008-02-26,"Ortho Innovations, Inc.",3,2008-02-26,2008,Modèle industriel,[Modèle industriel] TITLE: Surgical nail screw
US-D527823-S,Medical device pad,2006-09-05,"Thermage, Inc.",3,2006-09-05,2006,Modèle industriel,[Modèle industriel] TITLE: Medical device pad
US-D473946-S,Speech processor with hook for a cochlear implant,2003-04-29,Cochlear Limited,8,2003-04-29,2003,Modèle industriel,[Modèle industriel] TITLE: Speech processor with hook for a cochlear implant
US-D459814-S,Programmer for a therapeutic medical device,2002-07-02,"Medtronic, Inc.",6,2002-07-02,2002,Modèle industriel,[Modèle industriel] TITLE: Programmer for a therapeutic medical device
US-D1008464-S,Surgical support form,2023-12-19,"Implant Resource, Inc.",3,2023-12-19,2023,Modèle industriel,[Modèle industriel] TITLE: Surgical support form
US-D1021098-S,Surgical implant extractor jaw,2024-04-02,Shukla Medical,4,2024-04-02,2024,Modèle industriel,[Modèle industriel] TITLE: Surgical implant extractor jaw
US-D548328-S,Handle for surgical suction-irrigation device,2007-08-07,Allegiance Corporation,5,2007-08-07,2007,Modèle industriel,[Modèle industriel] TITLE: Handle for surgical suction-irrigation device
US-D438972-S,Surgical shoe,2001-03-13,"Darco International, Inc.",2,2001-03-13,2001,Modèle industriel,[Modèle industriel] TITLE: Surgical shoe
US-D582036-S,Surgical instrument box hinge,2008-12-02,"Medline Industries, Inc.",4,2008-12-02,2008,Modèle industriel,[Modèle industriel] TITLE: Surgical instrument box hinge
US-D539900-S,Probe attachment for surgical suction-irrigation device,2007-04-03,Allegiance Corporation,6,2007-04-03,2007,Modèle industriel,[Modèle industriel] TITLE: Probe attachment for surgical suction-irrigation device
US-D556906-S,Dental implant,2007-12-04,Japan Medical Materials Corporation,2,2007-12-04,2007,Modèle industriel,[Modèle industriel] TITLE: Dental implant
US-D557803-S,Surgical cassette for a surgical system,2007-12-18,"Advanced Medical Optics, Inc.",6,2007-12-18,2007,Modèle industriel,[Modèle industriel] TITLE: Surgical cassette for a surgical system
US-D616552-S,Medical device controller,2010-05-25,"Ventrassist Pty Ltd., University Of New South Wales",3,2010-05-25,2010,Modèle industriel,[Modèle industriel] TITLE: Medical device controller
US-D438046-S,Surgical pillow,2001-02-27,Vastra Gotalands Regionen,2,2001-02-27,2001,Modèle industriel,[Modèle industriel] TITLE: Surgical pillow
US-D549346-S,Disposable surgical arm board protector,2007-08-21,"Kraska Joseph J, Keen Frederick B, Bigelow Warren V",5,2007-08-21,2007,Modèle industriel,[Modèle industriel] TITLE: Disposable surgical arm board protector
US-D439976-S,Surgical swivel fixation ring device,2001-04-03,"Becton, Dickinson And Company",5,2001-04-03,2001,Modèle industriel,[Modèle industriel] TITLE: Surgical swivel fixation ring device
US-D537940-S,Head for surgical hammer,2007-03-06,Synthes (Usa),4,2007-03-06,2007,Modèle industriel,[Modèle industriel] TITLE: Head for surgical hammer
US-D434140-S,Medical surgical suction device,2000-11-21,James Phelan,4,2000-11-21,2000,Modèle industriel,[Modèle industriel] TITLE: Medical surgical suction device
US-D490901-S,Dental implant fixture,2004-06-01,"Cagenix, Inc.",3,2004-06-01,2004,Modèle industriel,[Modèle industriel] TITLE: Dental implant fixture
US-D526410-S,Surgical clamp,2006-08-08,"Boss Instruments, Ltd., Inc.",2,2006-08-08,2006,Modèle industriel,[Modèle industriel] TITLE: Surgical clamp
US-D547451-S,Surgical knife,2007-07-24,"Asfora Ip, Llc",2,2007-07-24,2007,Modèle industriel,[Modèle industriel] TITLE: Surgical knife
US-D469535-S,Abutment for dental implant,2003-01-28,Astra Tech Ab,4,2003-01-28,2003,Modèle industriel,[Modèle industriel] TITLE: Abutment for dental implant
US-D418916-S,Tube set for surgical instrument,2000-01-11,"Mentor Ophthalmics, Inc.",5,2000-01-11,2000,Modèle industriel,[Modèle industriel] TITLE: Tube set for surgical instrument
US-D556907-S,Dental prosthesis implant,2007-12-04,Jeff Rassoli,3,2007-12-04,2007,Modèle industriel,[Modèle industriel] TITLE: Dental prosthesis implant
US-D571458-S,Surgical suction instrument,2008-06-17,Astra Tech Ab,3,2008-06-17,2008,Modèle industriel,[Modèle industriel] TITLE: Surgical suction instrument
US-D487153-S,Dental implant abutment,2004-02-24,"Cagenix, Inc.",3,2004-02-24,2004,Modèle industriel,[Modèle industriel] TITLE: Dental implant abutment
US-D428148-S,Surgical access port,2000-07-11,"Viamedics, Llc",3,2000-07-11,2000,Modèle industriel,[Modèle industriel] TITLE: Surgical access port
US-D623739-S,Surgical instrument handle,2010-09-14,Medical Device Innovations Limited,3,2010-09-14,2010,Modèle industriel,[Modèle industriel] TITLE: Surgical instrument handle
US-D439978-S,Battery powered surgical screwdriver,2001-04-03,"Microaire Surgical Instruments, Inc.",4,2001-04-03,2001,Modèle industriel,[Modèle industriel] TITLE: Battery powered surgical screwdriver
US-D467343-S,Single tooth implant substructure,2002-12-17,George M. Whitehead,4,2002-12-17,2002,Modèle industriel,[Modèle industriel] TITLE: Single tooth implant substructure
US-D462770-S,Tapered penile implant,2002-09-10,James Elist,3,2002-09-10,2002,Modèle industriel,[Modèle industriel] TITLE: Tapered penile implant
US-D544602-S,Handle for surgical device,2007-06-12,"Atricure, Inc.",4,2007-06-12,2007,Modèle industriel,[Modèle industriel] TITLE: Handle for surgical device
US-D498535-S,Medical implant communication device,2004-11-16,"Northstar Neuroscience, Inc.",4,2004-11-16,2004,Modèle industriel,[Modèle industriel] TITLE: Medical implant communication device
US-D551771-S,Self-adhering and reusable surgical dressing,2007-09-25,"Gina Holm, Holm Lindell L",5,2007-09-25,2007,Modèle industriel,[Modèle industriel] TITLE: Self-adhering and reusable surgical dressing
US-D489822-S,Case for counting and disposing used surgical needles,2004-05-11,Koseki Medical K.K.,8,2004-05-11,2004,Modèle industriel,[Modèle industriel] TITLE: Case for counting and disposing used surgical needles
US-D462440-S,Handle for a surgical instrument,2002-09-03,Synthes (Usa),5,2002-09-03,2002,Modèle industriel,[Modèle industriel] TITLE: Handle for a surgical instrument
US-D516726-S,Surgical support,2006-03-07,Hoenecke Heinz R,2,2006-03-07,2006,Modèle industriel,[Modèle industriel] TITLE: Surgical support
US-D479877-S,Programmer for a therapeutic medical device,2003-09-23,"Medtronic, Inc.",6,2003-09-23,2003,Modèle industriel,[Modèle industriel] TITLE: Programmer for a therapeutic medical device
US-D622380-S,Surgical instrument,2010-08-24,Medical Device Innovations Limited,2,2010-08-24,2010,Modèle industriel,[Modèle industriel] TITLE: Surgical instrument
US-D504514-S,Phalangeal implant protheses,2005-04-26,"Robert T. Spalding, Jr.",3,2005-04-26,2005,Modèle industriel,[Modèle industriel] TITLE: Phalangeal implant protheses
US-D487150-S,Dental implant abutment,2004-02-24,"Cagenix, Inc.",3,2004-02-24,2004,Modèle industriel,[Modèle industriel] TITLE: Dental implant abutment
US-D552740-S,Medical device for assisting liver function,2007-10-09,"Hepahope, Inc.",6,2007-10-09,2007,Modèle industriel,[Modèle industriel] TITLE: Medical device for assisting liver function
US-D439655-S,Ophthalmic surgical sponge,2001-03-27,"Becton, Dickinson And Company",3,2001-03-27,2001,Modèle industriel,[Modèle industriel] TITLE: Ophthalmic surgical sponge
US-D427688-S,Shoulder support for surgical table,2000-07-04,"The Or Group, Inc.",5,2000-07-04,2000,Modèle industriel,[Modèle industriel] TITLE: Shoulder support for surgical table
US-D574082-S,Medical implant,2008-07-29,"Wright Medical Technology, Inc.",2,2008-07-29,2008,Modèle industriel,[Modèle industriel] TITLE: Medical implant
US-D549326-S,Handle for surgical instruments,2007-08-21,"Alfredo Sierra Aparici, Vicente Fores Ahuir",4,2007-08-21,2007,Modèle industriel,[Modèle industriel] TITLE: Handle for surgical instruments
US-D421148-S,Handle for surgical headlight,2000-02-22,"Hill-Rom, Inc.",4,2000-02-22,2000,Modèle industriel,[Modèle industriel] TITLE: Handle for surgical headlight
US-D489824-S,Unitary dental implant,2004-05-11,"Cagenix, Inc.",3,2004-05-11,2004,Modèle industriel,[Modèle industriel] TITLE: Unitary dental implant
US-D503803-S,Endosteal dental implant,2005-04-05,"Poly-Med, Inc.",3,2005-04-05,2005,Modèle industriel,[Modèle industriel] TITLE: Endosteal dental implant
US-D536792-S,Implant delivery tool,2007-02-13,"Restore Medical, Inc.",3,2007-02-13,2007,Modèle industriel,[Modèle industriel] TITLE: Implant delivery tool
US-D532108-S,Surgical stapler,2006-11-14,Tyco Healthcare Group Lp,2,2006-11-14,2006,Modèle industriel,[Modèle industriel] TITLE: Surgical stapler
US-D1029256-S,Surgical staple cartridge,2024-05-28,Cilag Gmbh International,3,2024-05-28,2024,Modèle industriel,[Modèle industriel] TITLE: Surgical staple cartridge
US-D441863-S,Surgical handpiece,2001-05-08,"Ben M. Khalaj, David R. Millar",2,2001-05-08,2001,Modèle industriel,[Modèle industriel] TITLE: Surgical handpiece
US-D561898-S,Blade guard for a surgical knife,2008-02-12,"Feather Safety Razor Co., Ltd.",6,2008-02-12,2008,Modèle industriel,[Modèle industriel] TITLE: Blade guard for a surgical knife
US-D422383-S,Surgical block to elevate the healthy claw of a cleft-footed animal,2000-04-04,Robison Travis L,11,2000-04-04,2000,Modèle industriel,[Modèle industriel] TITLE: Surgical block to elevate the healthy claw of a cleft-footed animal
US-D497993-S,Bioabsorbable structural interbody vertebral implant,2004-11-02,"Robert A. Dixon, Donald J. Hackman",5,2004-11-02,2004,Modèle industriel,[Modèle industriel] TITLE: Bioabsorbable structural interbody vertebral implant
US-D544955-S,Medical device tip,2007-06-19,"Thermage, Inc.",3,2007-06-19,2007,Modèle industriel,[Modèle industriel] TITLE: Medical device tip
US-D488227-S,Pouch for surgical drain tubes,2004-04-06,"Paul L. Watson, Viola M. Watson",5,2004-04-06,2004,Modèle industriel,[Modèle industriel] TITLE: Pouch for surgical drain tubes
US-D437055-S,Trailing end of a spinal implant,2001-01-30,Gary K. Michelson,6,2001-01-30,2001,Modèle industriel,[Modèle industriel] TITLE: Trailing end of a spinal implant
US-D438204-S,Programmer for use with implantable medical device,2001-02-27,"Medtronic, Inc.",7,2001-02-27,2001,Modèle industriel,[Modèle industriel] TITLE: Programmer for use with implantable medical device
US-D524942-S,Surgical implant,2006-07-11,Felix Brent A,2,2006-07-11,2006,Modèle industriel,[Modèle industriel] TITLE: Surgical implant
US-D591860-S,Handle for surgical instruments,2009-05-05,"Alfredo Sierra Aparici, Vicente Fores Ahuir",4,2009-05-05,2009,Modèle industriel,[Modèle industriel] TITLE: Handle for surgical instruments
US-D420130-S,Surgical retractor,2000-02-01,United States Surgical Corp.,2,2000-02-01,2000,Modèle industriel,[Modèle industriel] TITLE: Surgical retractor
US-D568474-S,Bit for a powered surgical instrument,2008-05-06,"Westport Medical, Inc.",6,2008-05-06,2008,Modèle industriel,[Modèle industriel] TITLE: Bit for a powered surgical instrument
US-D532109-S,Driver for an internally driven dental implant,2006-11-14,Carroll Ernest A,7,2006-11-14,2006,Modèle industriel,[Modèle industriel] TITLE: Driver for an internally driven dental implant
US-D498536-S,Surgical shoulder pouch,2004-11-16,Allegiance Corporation,3,2004-11-16,2004,Modèle industriel,[Modèle industriel] TITLE: Surgical shoulder pouch
US-D437937-S,Disposable surgical electrode,2001-02-20,"Geiger Medical Technologies, Inc.",3,2001-02-20,2001,Modèle industriel,[Modèle industriel] TITLE: Disposable surgical electrode
US-D551763-S,Surgical clamp,2007-09-25,"Boss Instruments, Ltd., Inc.",2,2007-09-25,2007,Modèle industriel,[Modèle industriel] TITLE: Surgical clamp
US-D428137-S,Handle for medical surgical suction device,2000-07-11,James Phelan,6,2000-07-11,2000,Modèle industriel,[Modèle industriel] TITLE: Handle for medical surgical suction device
US-D568528-S,Clear plastic surgical light cover,2008-05-06,Hood Frances W,5,2008-05-06,2008,Modèle industriel,[Modèle industriel] TITLE: Clear plastic surgical light cover
US-D458369-S,Medical device used for opening a glass probe and preparing a medical injection,2002-06-04,Schering Ag,13,2002-06-04,2002,Modèle industriel,[Modèle industriel] TITLE: Medical device used for opening a glass probe and preparing a medical injection
US-D484638-S,Surgical lighthead,2003-12-30,Steris Inc.,2,2003-12-30,2003,Modèle industriel,[Modèle industriel] TITLE: Surgical lighthead
US-D456518-S,Crucial ligament surgical drape,2002-04-30,"Catharina Whernman, Isabella Whernman, William Whernman",4,2002-04-30,2002,Modèle industriel,[Modèle industriel] TITLE: Crucial ligament surgical drape
US-D503800-S,Surgical blade,2005-04-05,"Maxilon Laboratories, Inc.",2,2005-04-05,2005,Modèle industriel,[Modèle industriel] TITLE: Surgical blade
US-D593674-S,Handle for surgical suction-irrigation device,2009-06-02,Allegiance Corporation,5,2009-06-02,2009,Modèle industriel,[Modèle industriel] TITLE: Handle for surgical suction-irrigation device
US-D488559-S,Dental implant fixture,2004-04-13,"Cagenix, Inc.",3,2004-04-13,2004,Modèle industriel,[Modèle industriel] TITLE: Dental implant fixture
US-D524941-S,Absorbable threaded bone cage implant,2006-07-11,"Dixon Robert A, Donald Hackman",5,2006-07-11,2006,Modèle industriel,[Modèle industriel] TITLE: Absorbable threaded bone cage implant
US-D498845-S,Surgical retractor blade,2004-11-23,Pine Ridge Holdings Pty Ltd.,3,2004-11-23,2004,Modèle industriel,[Modèle industriel] TITLE: Surgical retractor blade
US-D444233-S,Articulated arm for holding surgical instruments,2001-06-26,"Biomec, Inc.",6,2001-06-26,2001,Modèle industriel,[Modèle industriel] TITLE: Articulated arm for holding surgical instruments
US-D430696-S,Handle for surgical lighthead,2000-09-05,"Hill-Rom, Inc.",4,2000-09-05,2000,Modèle industriel,[Modèle industriel] TITLE: Handle for surgical lighthead
US-D521642-S,Orbital implant pin,2006-05-23,Dorahy Trevor J,3,2006-05-23,2006,Modèle industriel,[Modèle industriel] TITLE: Orbital implant pin
US-D562454-S,Prosthetic dental implant,2008-02-19,Jeff Rassoli,3,2008-02-19,2008,Modèle industriel,[Modèle industriel] TITLE: Prosthetic dental implant
US-D546447-S,Surgical needle apparatus,2007-07-10,Maree Louise White,3,2007-07-10,2007,Modèle industriel,[Modèle industriel] TITLE: Surgical needle apparatus
US-D483871-S,Retractable safety guard for surgical scalpel,2003-12-16,"Kai R&D Center Co., Ltd.",6,2003-12-16,2003,Modèle industriel,[Modèle industriel] TITLE: Retractable safety guard for surgical scalpel
US-D537939-S,Top surgical clamp,2007-03-06,"Boss Instruments, Ltd., Inc.",3,2007-03-06,2007,Modèle industriel,[Modèle industriel] TITLE: Top surgical clamp
US-D538851-S,Surgical skin marker,2007-03-20,Sandel Medical Industries Llp,3,2007-03-20,2007,Modèle industriel,[Modèle industriel] TITLE: Surgical skin marker
US-D492777-S,Surgical instrument box hinge,2004-07-06,Tri-State Hospital Supply Corporation,4,2004-07-06,2004,Modèle industriel,[Modèle industriel] TITLE: Surgical instrument box hinge
US-D477083-S,Surgical cart,2003-07-08,Conmed Corporation,2,2003-07-08,2003,Modèle industriel,[Modèle industriel] TITLE: Surgical cart
US-D450120-S,Quick-release ENT surgical ear speculum holder,2001-11-06,Flexbar Machine Corporation,6,2001-11-06,2001,Modèle industriel,[Modèle industriel] TITLE: Quick-release ENT surgical ear speculum holder
US-D421507-S,Surgical lighthead cover,2000-03-07,"Hill-Rom, Inc.",3,2000-03-07,2000,Modèle industriel,[Modèle industriel] TITLE: Surgical lighthead cover
US-D480807-S,Control handle for a medical device used with an endoscope,2003-10-14,"C. R. Bard, Inc.",10,2003-10-14,2003,Modèle industriel,[Modèle industriel] TITLE: Control handle for a medical device used with an endoscope
US-D549327-S,Handle for surgical instruments,2007-08-21,"Alfredo Sierra Aparici, Vicente Fores Ahuir",4,2007-08-21,2007,Modèle industriel,[Modèle industriel] TITLE: Handle for surgical instruments
US-D510768-S,Surgical retractor blade,2005-10-18,"Thompson Surgical Instruments, Inc.",3,2005-10-18,2005,Modèle industriel,[Modèle industriel] TITLE: Surgical retractor blade
US-D419677-S,Speech processor for use with a cochlear implant,2000-01-25,Med-El Elektromedizinische Gerate Ges.M.B.H.,8,2000-01-25,2000,Modèle industriel,[Modèle industriel] TITLE: Speech processor for use with a cochlear implant
US-D575628-S,Key for an implantable medical device activator,2008-08-26,"Transoma Medical, Inc.",7,2008-08-26,2008,Modèle industriel,[Modèle industriel] TITLE: Key for an implantable medical device activator
US-D542415-S,Surgical instrument sleeve,2007-05-08,Sandel Dan S,3,2007-05-08,2007,Modèle industriel,[Modèle industriel] TITLE: Surgical instrument sleeve
US-D472632-S,Bone implant,2003-04-01,Lifenet,2,2003-04-01,2003,Modèle industriel,[Modèle industriel] TITLE: Bone implant
US-D441111-S,Surgical headband,2001-04-24,Frans G. Van Der Bel,2,2001-04-24,2001,Modèle industriel,[Modèle industriel] TITLE: Surgical headband
US-D567381-S,Surgical console,2008-04-22,"Alcon, Inc.",2,2008-04-22,2008,Modèle industriel,[Modèle industriel] TITLE: Surgical console
US-D474543-S,Programmer for a therapeutic medical device,2003-05-13,"Medtronic, Inc.",6,2003-05-13,2003,Modèle industriel,[Modèle industriel] TITLE: Programmer for a therapeutic medical device
US-D477078-S,Implant for buttocks,2003-07-08,Robert A. Gutstein,3,2003-07-08,2003,Modèle industriel,[Modèle industriel] TITLE: Implant for buttocks
US-D572363-S,Surgical clip,2008-07-01,"Microline Pentax, Inc.",2,2008-07-01,2008,Modèle industriel,[Modèle industriel] TITLE: Surgical clip
US-D470235-S,Implant vial,2003-02-11,"Nobel Biocare Usa, Inc.",2,2003-02-11,2003,Modèle industriel,[Modèle industriel] TITLE: Implant vial
US-D558353-S,Post surgical chin strap with ear protectors,2007-12-25,"Varro Company, Inc.",7,2007-12-25,2007,Modèle industriel,[Modèle industriel] TITLE: Post surgical chin strap with ear protectors
US-D439334-S,Handpiece for a surgical tool,2001-03-20,Stryker Corporation,5,2001-03-20,2001,Modèle industriel,[Modèle industriel] TITLE: Handpiece for a surgical tool
US-D438965-S,Surgical staple remover,2001-03-13,Kencap Ltd.,3,2001-03-13,2001,Modèle industriel,[Modèle industriel] TITLE: Surgical staple remover
US-D484246-S,Programmer for a therapeutic medical device,2003-12-23,"Medtronic, Inc.",6,2003-12-23,2003,Modèle industriel,[Modèle industriel] TITLE: Programmer for a therapeutic medical device
US-D458373-S,Interbody spinal implant,2002-06-04,Roger P. Jackson,3,2002-06-04,2002,Modèle industriel,[Modèle industriel] TITLE: Interbody spinal implant
US-D428653-S,Dental implant component,2000-07-25,Astra Aktiebolag,3,2000-07-25,2000,Modèle industriel,[Modèle industriel] TITLE: Dental implant component
US-D535747-S,Surgical knife,2007-01-23,"Kai R & D Center Co., Ltd.",2,2007-01-23,2007,Modèle industriel,[Modèle industriel] TITLE: Surgical knife
US-D427678-S,Stabilizer for heart bypass surgical procedures,2000-07-04,"Koros Tibor B, Koros Gabriel J",6,2000-07-04,2000,Modèle industriel,[Modèle industriel] TITLE: Stabilizer for heart bypass surgical procedures
US-D497995-S,Medical device casing,2004-11-02,Huntleigh Technology Plc,3,2004-11-02,2004,Modèle industriel,[Modèle industriel] TITLE: Medical device casing
US-D428992-S,Nasal implant,2000-08-01,"Porex Surgical, Inc.",2,2000-08-01,2000,Modèle industriel,[Modèle industriel] TITLE: Nasal implant
US-D523145-S,Impression coping for dental implant prosthetic,2006-06-13,Astra Tech Ab,6,2006-06-13,2006,Modèle industriel,[Modèle industriel] TITLE: Impression coping for dental implant prosthetic
US-D553328-S,Shoulder strap for use with a bag or medical device,2007-10-23,Ventrassist Pty Ltd.,10,2007-10-23,2007,Modèle industriel,[Modèle industriel] TITLE: Shoulder strap for use with a bag or medical device
US-D506005-S,Medical device for the injection of fluid medicaments,2005-06-07,Aventis Pharma Deutschland Gmbh,8,2005-06-07,2005,Modèle industriel,[Modèle industriel] TITLE: Medical device for the injection of fluid medicaments
US-D486912-S,Dental implant abutment,2004-02-17,"Cagenix, Inc.",3,2004-02-17,2004,Modèle industriel,[Modèle industriel] TITLE: Dental implant abutment
US-D487152-S,Dental implant abutment,2004-02-24,"Cagenix, Inc.",3,2004-02-24,2004,Modèle industriel,[Modèle industriel] TITLE: Dental implant abutment
US-D489454-S,Case for counting and disposing used surgical needles,2004-05-04,Koseki Medical K.K.,8,2004-05-04,2004,Modèle industriel,[Modèle industriel] TITLE: Case for counting and disposing used surgical needles
US-D538425-S,Serrated surgical pick,2007-03-13,"Synergetics, Inc.",3,2007-03-13,2007,Modèle industriel,[Modèle industriel] TITLE: Serrated surgical pick
US-D544095-S,Post-surgical drainage container support,2007-06-05,Mclaughlin Sue Ann,4,2007-06-05,2007,Modèle industriel,[Modèle industriel] TITLE: Post-surgical drainage container support
US-D553745-S,Transforaminal lumbar interbody fusion implant,2007-10-23,Paceco Corp.,5,2007-10-23,2007,Modèle industriel,[Modèle industriel] TITLE: Transforaminal lumbar interbody fusion implant
US-D1034993-S,Anvil for surgical stapler,2024-07-09,Cilag Gmbh International,4,2024-07-09,2024,Modèle industriel,[Modèle industriel] TITLE: Anvil for surgical stapler
US-D1022201-S,Surgical cement removal tool,2024-04-09,Shukla Medical,4,2024-04-09,2024,Modèle industriel,[Modèle industriel] TITLE: Surgical cement removal tool
US-D948048-S,Surgical implant,2022-04-05,"Warsaw Orthopedic, Inc.",2,2022-04-05,2022,Modèle industriel,[Modèle industriel] TITLE: Surgical implant
US-D596742-S,Surgical instrument for hypertension pneumothorax,2009-07-21,Medical Device Innovations Ltd.,5,2009-07-21,2009,Modèle industriel,[Modèle industriel] TITLE: Surgical instrument for hypertension pneumothorax
US-D548327-S,Handle for surgical suction-irrigation device,2007-08-07,Allegiance Corporation,5,2007-08-07,2007,Modèle industriel,[Modèle industriel] TITLE: Handle for surgical suction-irrigation device
US-D995759-S,Surgical cassette,2023-08-15,Carl Zeiss Meditec Ag,2,2023-08-15,2023,Modèle industriel,[Modèle industriel] TITLE: Surgical cassette
US-D950727-S,Medical device with a curve with a proximal curve indicator,2022-05-03,Baylis Medical Company Inc.,10,2022-05-03,2022,Modèle industriel,[Modèle industriel] TITLE: Medical device with a curve with a proximal curve indicator
US-D577439-S,Surgical nail,2008-09-23,"Ortho Innovations, Llc",2,2008-09-23,2008,Modèle industriel,[Modèle industriel] TITLE: Surgical nail
US-D968611-S,Orthopaedic implant,2022-11-01,Australian Institute Of Robotic Orthopaedics Pty Ltd.,2,2022-11-01,2022,Modèle industriel,[Modèle industriel] TITLE: Orthopaedic implant
US-D530011-S,Surgical template for distal extension,2006-10-10,Brian Tang,5,2006-10-10,2006,Modèle industriel,[Modèle industriel] TITLE: Surgical template for distal extension
US-D1034991-S,Surgical staple cartridge,2024-07-09,Cilag Gmbh International,3,2024-07-09,2024,Modèle industriel,[Modèle industriel] TITLE: Surgical staple cartridge
US-D1034990-S,Surgical staple cartridge,2024-07-09,Cilag Gmbh International,3,2024-07-09,2024,Modèle industriel,[Modèle industriel] TITLE: Surgical staple cartridge
US-D486913-S,Dental implant fixture,2004-02-17,"Carl W. Schulter, Gary Qi, Andrew J. Schulter",3,2004-02-17,2004,Modèle industriel,[Modèle industriel] TITLE: Dental implant fixture
US-D437957-S,Surgical light apparatus,2001-02-20,"Hill-Rom, Inc.",3,2001-02-20,2001,Modèle industriel,[Modèle industriel] TITLE: Surgical light apparatus
US-D1034994-S,Anvil for surgical stapler,2024-07-09,Cilag Gmbh International,4,2024-07-09,2024,Modèle industriel,[Modèle industriel] TITLE: Anvil for surgical stapler
US-D968612-S,Orthopaedic implant,2022-11-01,Australian Institute Of Robotic Orthopaedics Pty Ltd.,2,2022-11-01,2022,Modèle industriel,[Modèle industriel] TITLE: Orthopaedic implant
US-D968610-S,Orthopaedic implant,2022-11-01,Australian Institute Of Robotic Orthopaedics Pty Ltd.,2,2022-11-01,2022,Modèle industriel,[Modèle industriel] TITLE: Orthopaedic implant
US-D501433-S,Surgical table patient transport board,2005-02-01,Innofocus Consultants Ltd.,5,2005-02-01,2005,Modèle industriel,[Modèle industriel] TITLE: Surgical table patient transport board
US-D1028330-S,Camera handle for surgical light head,2024-05-21,American Sterilizer Company,6,2024-05-21,2024,Modèle industriel,[Modèle industriel] TITLE: Camera handle for surgical light head
US-D986419-S,Lip implant,2023-05-16,Steve A. Haworth,2,2023-05-16,2023,Modèle industriel,[Modèle industriel] TITLE: Lip implant
US-D1023310-S,Dental implant abutment,2024-04-16,"Megagen Implant Co., Ltd.",3,2024-04-16,2024,Modèle industriel,[Modèle industriel] TITLE: Dental implant abutment
US-D1023309-S,Dental implant abutment,2024-04-16,"Megagen Implant Co., Ltd.",3,2024-04-16,2024,Modèle industriel,[Modèle industriel] TITLE: Dental implant abutment
US-D1054548-S,Surgical mask,2024-12-17,"Tai Guard Enterprise Co., Ltd.",2,2024-12-17,2024,Modèle industriel,[Modèle industriel] TITLE: Surgical mask
US-D1010438-S,Medical device package,2024-01-09,"BioGenware, LLC",3,2024-01-09,2024,Modèle industriel,[Modèle industriel] TITLE: Medical device package
US-D1016298-S,Fixation device for a surgical robot system,2024-02-27,Memic Innovative Surgery Ltd,7,2024-02-27,2024,Modèle industriel,[Modèle industriel] TITLE: Fixation device for a surgical robot system
US-D486578-S,Dental implant fixture,2004-02-10,"Cagenix, Inc.",3,2004-02-10,2004,Modèle industriel,[Modèle industriel] TITLE: Dental implant fixture
US-D516214-S,Surgical template for dental implant,2006-02-28,Brian Tang,5,2006-02-28,2006,Modèle industriel,[Modèle industriel] TITLE: Surgical template for dental implant
US-D998148-S,Surgical loop,2023-09-05,Vivo Surgical Private Limited,2,2023-09-05,2023,Modèle industriel,[Modèle industriel] TITLE: Surgical loop
US-D1050678-S,Surgical apparel,2024-11-12,Fumiko Fujii,2,2024-11-12,2024,Modèle industriel,[Modèle industriel] TITLE: Surgical apparel
US-D933209-S,Jaw connection of a surgical instrument,2021-10-12,Shukla Medical,6,2021-10-12,2021,Modèle industriel,[Modèle industriel] TITLE: Jaw connection of a surgical instrument
US-D900315-S,Multi-degree-of-freedom surgical clip,2020-10-27,Edward Via Virginia College Of Osteopathic Medicine,3,2020-10-27,2020,Modèle industriel,[Modèle industriel] TITLE: Multi-degree-of-freedom surgical clip
US-D1048394-S,Handle for a surgical instrument,2024-10-22,"Bolder Surgical, Llc",5,2024-10-22,2024,Modèle industriel,[Modèle industriel] TITLE: Handle for a surgical instrument
US-D1046129-S,End effector for a surgical instrument,2024-10-08,"Bolder Surgical, Llc",6,2024-10-08,2024,Modèle industriel,[Modèle industriel] TITLE: End effector for a surgical instrument
US-D1050439-S,Abutment for denture implant,2024-11-05,"Truabutment Korea, Inc.",4,2024-11-05,2024,Modèle industriel,[Modèle industriel] TITLE: Abutment for denture implant
US-D556905-S,Spinal fusion implant,2007-12-04,Barry Richard J,3,2007-12-04,2007,Modèle industriel,[Modèle industriel] TITLE: Spinal fusion implant
US-D471629-S,Triple tooth implant substructure,2003-03-11,Whitehead George M,4,2003-03-11,2003,Modèle industriel,[Modèle industriel] TITLE: Triple tooth implant substructure
US-D454196-S,Surgical needle holder with tip guard,2002-03-05,Cicero H. Malilay,6,2002-03-05,2002,Modèle industriel,[Modèle industriel] TITLE: Surgical needle holder with tip guard
US-D1010131-S,Surgical support form,2024-01-02,"Implant Resource, Inc.",3,2024-01-02,2024,Modèle industriel,[Modèle industriel] TITLE: Surgical support form
US-D1001189-S,Dental surgical kit,2023-10-10,"M3 Health Indústria E Comércio De Produtos Médicos, Odontológicos E Correlatos S.A.",3,2023-10-10,2023,Modèle industriel,[Modèle industriel] TITLE: Dental surgical kit
US-D1001188-S,Dental surgical kit,2023-10-10,"M3 Health Indústria E Comércio De Produtos Médicos, Odontológicos E Correlatos S.A.",3,2023-10-10,2023,Modèle industriel,[Modèle industriel] TITLE: Dental surgical kit
US-D991455-S,Surgical nails,2023-07-04,Sota Orthopaedics Limited,2,2023-07-04,2023,Modèle industriel,[Modèle industriel] TITLE: Surgical nails
US-D972724-S,Pulley for surgical instrument,2022-12-13,Livsmed Inc.,4,2022-12-13,2022,Modèle industriel,[Modèle industriel] TITLE: Pulley for surgical instrument
US-D1028242-S,Control panel for a magnetic-field based medical device,2024-05-21,Starpax Biopharma Inc.,8,2024-05-21,2024,Modèle industriel,[Modèle industriel] TITLE: Control panel for a magnetic-field based medical device
US-D1028241-S,Control panel for a magnetic-field based medical device,2024-05-21,Starpax Biopharma Inc.,8,2024-05-21,2024,Modèle industriel,[Modèle industriel] TITLE: Control panel for a magnetic-field based medical device
US-D1039142-S,Medical device handle,2024-08-13,"Dannik, LLC",3,2024-08-13,2024,Modèle industriel,[Modèle industriel] TITLE: Medical device handle
US-D934423-S,End effector for a surgical device,2021-10-26,"Bolder Surgical, Llc",6,2021-10-26,2021,Modèle industriel,[Modèle industriel] TITLE: End effector for a surgical device
US-D1031040-S,Surgical instrument,2024-06-11,Institut Straumann Ag,2,2024-06-11,2024,Modèle industriel,[Modèle industriel] TITLE: Surgical instrument
US-D1043324-S,Dental implant device,2024-09-24,"M3 Health Industria E Comércio De Produtos Médicos, Odontológicos E Correlatos S.A.",3,2024-09-24,2024,Modèle industriel,[Modèle industriel] TITLE: Dental implant device
US-D977098-S,Surgical support bar,2023-01-31,"Innovative Medical Products, Inc.",3,2023-01-31,2023,Modèle industriel,[Modèle industriel] TITLE: Surgical support bar
US-D1021088-S,Surgical tool,2024-04-02,Andrew Thomas,2,2024-04-02,2024,Modèle industriel,[Modèle industriel] TITLE: Surgical tool
US-D1039154-S,Medical device,2024-08-13,Dimitriy Kondrashov,2,2024-08-13,2024,Modèle industriel,[Modèle industriel] TITLE: Medical device
US-D933219-S,Implant removal tool and assembly,2021-10-12,"Intarcia Therapeutics, Inc.",5,2021-10-12,2021,Modèle industriel,[Modèle industriel] TITLE: Implant removal tool and assembly
US-D1051399-S,Reader cradle for a surgical stand,2024-11-12,Stryker Corporation,6,2024-11-12,2024,Modèle industriel,[Modèle industriel] TITLE: Reader cradle for a surgical stand
US-D1049348-S,Portion of a medical device,2024-10-29,"Ventis Medical, Inc.",5,2024-10-29,2024,Modèle industriel,[Modèle industriel] TITLE: Portion of a medical device
US-D1049349-S,Portion of a medical device,2024-10-29,"Ventis Medical, Inc.",5,2024-10-29,2024,Modèle industriel,[Modèle industriel] TITLE: Portion of a medical device
US-D458383-S,Tray for holding surgical tip attachments,2002-06-04,High Quality Surgical Repair,6,2002-06-04,2002,Modèle industriel,[Modèle industriel] TITLE: Tray for holding surgical tip attachments
US-D963854-S,Drill stop aid for surgical use,2022-09-13,Institut Straumann Ag,6,2022-09-13,2022,Modèle industriel,[Modèle industriel] TITLE: Drill stop aid for surgical use
US-D1039143-S,Surgical instrument handle,2024-08-13,"Auris Health, Inc.",3,2024-08-13,2024,Modèle industriel,[Modèle industriel] TITLE: Surgical instrument handle
US-D968606-S,Surgical blade,2022-11-01,Richard Vanner,2,2022-11-01,2022,Modèle industriel,[Modèle industriel] TITLE: Surgical blade
US-D943743-S,Stone retrieval basket for medical device,2022-02-15,Olympus Corporation,6,2022-02-15,2022,Modèle industriel,[Modèle industriel] TITLE: Stone retrieval basket for medical device
US-D1050673-S,Medical device holding glove,2024-11-12,Michael Senerchia,4,2024-11-12,2024,Modèle industriel,[Modèle industriel] TITLE: Medical device holding glove
US-D884880-S,Swiveling and adjustable surgical basin,2020-05-19,Shauna Fearon,5,2020-05-19,2020,Modèle industriel,[Modèle industriel] TITLE: Swiveling and adjustable surgical basin
US-D1038396-S,Surgical flap dissector instrument,2024-08-06,Damien Grinsell,4,2024-08-06,2024,Modèle industriel,[Modèle industriel] TITLE: Surgical flap dissector instrument
US-D430299-S,Dental implant component,2000-08-29,Astra Aktiebolag,3,2000-08-29,2000,Modèle industriel,[Modèle industriel] TITLE: Dental implant component
US-D1002009-S,Medical device,2023-10-17,New Wave Endo-Surgical Corp.,2,2023-10-17,2023,Modèle industriel,[Modèle industriel] TITLE: Medical device
US-D993417-S,Dental implant,2023-07-25,"M3 Health Indústria E Comércio De Produtos Médicos, Odontológicos E Correlatos S.A.",2,2023-07-25,2023,Modèle industriel,[Modèle industriel] TITLE: Dental implant
US-D977097-S,Surgical distractor pad,2023-01-31,"Innovative Medical Products, Inc.",3,2023-01-31,2023,Modèle industriel,[Modèle industriel] TITLE: Surgical distractor pad
US-D954945-S,Surgical retractor arm,2022-06-14,"Advanced Surgical Retractor Systems, Inc.",3,2022-06-14,2022,Modèle industriel,[Modèle industriel] TITLE: Surgical retractor arm
US-D551759-S,Applicator for inserting an implant,2007-09-25,N. V. Organon,5,2007-09-25,2007,Modèle industriel,[Modèle industriel] TITLE: Applicator for inserting an implant
US-D954946-S,Surgical retractor arm,2022-06-14,"Advanced Surgical Retractor Systems, Inc.",3,2022-06-14,2022,Modèle industriel,[Modèle industriel] TITLE: Surgical retractor arm
US-D987827-S,Fixture for dental implant,2023-05-30,Dio Corporation,4,2023-05-30,2023,Modèle industriel,[Modèle industriel] TITLE: Fixture for dental implant
US-D949340-S,Surgical contact glass,2022-04-19,Carl Zeiss Meditec Ag,3,2022-04-19,2022,Modèle industriel,[Modèle industriel] TITLE: Surgical contact glass
US-D1045325-S,Surgical undergarment,2024-10-08,"Scrubmates, LLC",2,2024-10-08,2024,Modèle industriel,[Modèle industriel] TITLE: Surgical undergarment
US-D1049350-S,Portion of a medical device,2024-10-29,"Ventis Medical, Inc.",5,2024-10-29,2024,Modèle industriel,[Modèle industriel] TITLE: Portion of a medical device
US-D991454-S,Surgical nail,2023-07-04,Sota Orthopaedics Limited,2,2023-07-04,2023,Modèle industriel,[Modèle industriel] TITLE: Surgical nail
US-D967424-S,Multipurpose cranial plug implant,2022-10-18,"T&R Biofab Co., Ltd.",4,2022-10-18,2022,Modèle industriel,[Modèle industriel] TITLE: Multipurpose cranial plug implant
US-D427635-S,Surgical simulation system,2000-07-04,"Ht Medical Systems, Inc.",3,2000-07-04,2000,Modèle industriel,[Modèle industriel] TITLE: Surgical simulation system
US-D1028239-S,Dental implant applied to cranial fossa and condylar plate,2024-05-21,"M3 Health Industria E Comércio De Produtos Médicos, Odontológicos E Correlatos S.A.",9,2024-05-21,2024,Modèle industriel,[Modèle industriel] TITLE: Dental implant applied to cranial fossa and condylar plate
US-D1019950-S,Header for an implantable medical device,2024-03-26,"Axonics, Inc.",6,2024-03-26,2024,Modèle industriel,[Modèle industriel] TITLE: Header for an implantable medical device
US-D422704-S,Surgical access port,2000-04-11,"Viamedics, Llc",3,2000-04-11,2000,Modèle industriel,[Modèle industriel] TITLE: Surgical access port
US-D1028237-S,Dental implant applied to cranial fossa and condylar plate,2024-05-21,"M3 Health Indústria E Comércio De Produtos Médicos, Odontológicos E Correlatos S.A.",9,2024-05-21,2024,Modèle industriel,[Modèle industriel] TITLE: Dental implant applied to cranial fossa and condylar plate
US-D982745-S,Implant tool,2023-04-04,Cochlear Limited,2,2023-04-04,2023,Modèle industriel,[Modèle industriel] TITLE: Implant tool
US-D955578-S,Implant tool,2022-06-21,Cochlear Limited,2,2022-06-21,2022,Modèle industriel,[Modèle industriel] TITLE: Implant tool
US-D925729-S,Spherical surgical suction container,2021-07-20,"Design Department, Inc.",4,2021-07-20,2021,Modèle industriel,[Modèle industriel] TITLE: Spherical surgical suction container
US-D1038402-S,Medical device for tricuspid valve regurgitation,2024-08-06,"Tau-Pnu Medical Co., Ltd",6,2024-08-06,2024,Modèle industriel,[Modèle industriel] TITLE: Medical device for tricuspid valve regurgitation
US-D1038404-S,Medical device for tricuspid valve regurgitation,2024-08-06,"Tau-Pnu Medical Co., Ltd.",6,2024-08-06,2024,Modèle industriel,[Modèle industriel] TITLE: Medical device for tricuspid valve regurgitation
US-D1038401-S,Medical device for tricuspid valve regurgitation,2024-08-06,"Tau-Pnu Medical Co., Ltd",6,2024-08-06,2024,Modèle industriel,[Modèle industriel] TITLE: Medical device for tricuspid valve regurgitation
US-D1038405-S,Medical device for tricuspid valve regurgitation,2024-08-06,"Tau-Pnu Medical Co., Ltd.",6,2024-08-06,2024,Modèle industriel,[Modèle industriel] TITLE: Medical device for tricuspid valve regurgitation
US-D1038406-S,Medical device for tricuspid valve regurgitation,2024-08-06,"Tau-Pnu Medical Co., Ltd.",6,2024-08-06,2024,Modèle industriel,[Modèle industriel] TITLE: Medical device for tricuspid valve regurgitation
US-D833615-S,Dental implant,2018-11-13,Nobel Biocare Services Ag,2,2018-11-13,2018,Modèle industriel,[Modèle industriel] TITLE: Dental implant
US-D1013168-S,Surgical clamp,2024-01-30,"Koros USA, Inc.",2,2024-01-30,2024,Modèle industriel,[Modèle industriel] TITLE: Surgical clamp
US-D847995-S,Spinal implant,2019-05-07,"Warsaw Orthopedic, Inc.",2,2019-05-07,2019,Modèle industriel,[Modèle industriel] TITLE: Spinal implant
US-D952858-S,Front face of medical device,2022-05-24,Weinmann Emergency Medical Technology Gmbh & Co. Kg,5,2022-05-24,2022,Modèle industriel,[Modèle industriel] TITLE: Front face of medical device
US-D1034992-S,Anvil for surgical stapler,2024-07-09,Cilag Gmbh International,4,2024-07-09,2024,Modèle industriel,[Modèle industriel] TITLE: Anvil for surgical stapler
US-D1030056-S,Surgical staple cartridge,2024-06-04,Cilag Gmbh International,3,2024-06-04,2024,Modèle industriel,[Modèle industriel] TITLE: Surgical staple cartridge
US-D833616-S,Dental implant,2018-11-13,Nobel Biocare Services Ag,2,2018-11-13,2018,Modèle industriel,[Modèle industriel] TITLE: Dental implant
US-D1002842-S,Combination surgical spinal dilator and retractor system,2023-10-24,Edward Rustamzadeh,7,2023-10-24,2023,Modèle industriel,[Modèle industriel] TITLE: Combination surgical spinal dilator and retractor system
US-D531723-S,Disposal bag used in surgical procedures,2006-11-07,Vernon-Carus Limited,6,2006-11-07,2006,Modèle industriel,[Modèle industriel] TITLE: Disposal bag used in surgical procedures
US-D449688-S,Surgical support band,2001-10-23,"Applied Medical Technology, Inc.",3,2001-10-23,2001,Modèle industriel,[Modèle industriel] TITLE: Surgical support band
US-D629101-S,Surgical clip applier,2010-12-14,Tyco Healthcare Group Lp,3,2010-12-14,2010,Modèle industriel,[Modèle industriel] TITLE: Surgical clip applier
US-D625009-S,Surgical clip applier,2010-10-05,Tyco Healthcare Group Lp,3,2010-10-05,2010,Modèle industriel,[Modèle industriel] TITLE: Surgical clip applier
US-D545963-S,Surgical ligation instrument,2007-07-03,Scandimed International A/S,3,2007-07-03,2007,Modèle industriel,[Modèle industriel] TITLE: Surgical ligation instrument
US-D478988-S,Implant for a leg,2003-08-26,Robert A. Gutstein,4,2003-08-26,2003,Modèle industriel,[Modèle industriel] TITLE: Implant for a leg
US-D928954-S,Clamp for surgical instrument,2021-08-24,Koh Young Technology Inc.,4,2021-08-24,2021,Modèle industriel,[Modèle industriel] TITLE: Clamp for surgical instrument
US-D928953-S,Marker for surgical instrument,2021-08-24,Koh Young Technology Inc.,4,2021-08-24,2021,Modèle industriel,[Modèle industriel] TITLE: Marker for surgical instrument
US-D884898-S,Orbital implant for human ocular support,2020-05-19,"Matrix Surgical Holdings, LLC",6,2020-05-19,2020,Modèle industriel,[Modèle industriel] TITLE: Orbital implant for human ocular support
US-D1039156-S,Medical device 1,2024-08-13,Dimitriy Kondrashov,3,2024-08-13,2024,Modèle industriel,[Modèle industriel] TITLE: Medical device 1
US-D1039155-S,Medical device 2,2024-08-13,Dimitriy Kondrashov,3,2024-08-13,2024,Modèle industriel,[Modèle industriel] TITLE: Medical device 2
US-D915598-S,Abutment for dental implant,2021-04-06,"Denflex Co., Ltd.",4,2021-04-06,2021,Modèle industriel,[Modèle industriel] TITLE: Abutment for dental implant
US-D1031978-S,Medical device,2024-06-18,Tissium,2,2024-06-18,2024,Modèle industriel,[Modèle industriel] TITLE: Medical device
US-D549324-S,Handle for a surgical instrument,2007-08-21,Fehling Ag,5,2007-08-21,2007,Modèle industriel,[Modèle industriel] TITLE: Handle for a surgical instrument
US-D660963-S,Surgical instrument,2012-05-29,Zimmer Surgical Sa,2,2012-05-29,2012,Modèle industriel,[Modèle industriel] TITLE: Surgical instrument
US-D789537-S,Ophthalmic surgical manipulator,2017-06-13,"Katalyst Surgical, Llc",3,2017-06-13,2017,Modèle industriel,[Modèle industriel] TITLE: Ophthalmic surgical manipulator
US-D422696-S,Surgical controller panel for heart pump,2000-04-11,United States Surgical,6,2000-04-11,2000,Modèle industriel,[Modèle industriel] TITLE: Surgical controller panel for heart pump
US-D508564-S,Surgical tool for measuring a vagus nerve size,2005-08-16,Perry M. Santos,8,2005-08-16,2005,Modèle industriel,[Modèle industriel] TITLE: Surgical tool for measuring a vagus nerve size
US-D893724-S,Dental implant,2020-08-18,Gravity Implants Ltd.,2,2020-08-18,2020,Modèle industriel,[Modèle industriel] TITLE: Dental implant
US-D900318-S,Spinal disc implant,2020-10-27,Nayan Manharlal Makwana,3,2020-10-27,2020,Modèle industriel,[Modèle industriel] TITLE: Spinal disc implant
US-D956231-S,Cutting tool attachment for a surgical microsaw,2022-06-28,Bien-Air Holding Sa,7,2022-06-28,2022,Modèle industriel,[Modèle industriel] TITLE: Cutting tool attachment for a surgical microsaw
US-D835274-S,Retractor for cochlear implant surgery,2018-12-04,Karl Storz Gmbh & Co. Kg,5,2018-12-04,2018,Modèle industriel,[Modèle industriel] TITLE: Retractor for cochlear implant surgery
US-D1002846-S,Bipolar surgical dome handpiece,2023-10-24,Jon Garito,4,2023-10-24,2023,Modèle industriel,[Modèle industriel] TITLE: Bipolar surgical dome handpiece
US-D978377-S,Reel for medical device,2023-02-14,Nido Invent As,4,2023-02-14,2023,Modèle industriel,[Modèle industriel] TITLE: Reel for medical device
US-D989314-S,Implant to be applied to craniotomy,2023-06-13,"T&R Biofab Co., Ltd.",6,2023-06-13,2023,Modèle industriel,[Modèle industriel] TITLE: Implant to be applied to craniotomy
US-D724427-S,Package for a medical device,2015-03-17,"Medtronic Vascular, Inc.",5,2015-03-17,2015,Modèle industriel,[Modèle industriel] TITLE: Package for a medical device
US-D831214-S,Spinal implant,2018-10-16,"Warsaw Orthopedic, Inc.",2,2018-10-16,2018,Modèle industriel,[Modèle industriel] TITLE: Spinal implant
US-D905247-S,Surgical instrument,2020-12-15,Erbe Elektromedizin Gmbh,2,2020-12-15,2020,Modèle industriel,[Modèle industriel] TITLE: Surgical instrument
US-D854154-S,Handle for a medical device,2019-07-16,Baylis Medical Company Inc.,5,2019-07-16,2019,Modèle industriel,[Modèle industriel] TITLE: Handle for a medical device
US-D889686-S,Surgical kit,2020-07-07,"Medline Industries, Inc.",2,2020-07-07,2020,Modèle industriel,[Modèle industriel] TITLE: Surgical kit
US-D664658-S,Package for dental implant,2012-07-31,Thommen Medical Ag,4,2012-07-31,2012,Modèle industriel,[Modèle industriel] TITLE: Package for dental implant
US-D732169-S,Dental implant abutment,2015-06-16,Benedict Lui,3,2015-06-16,2015,Modèle industriel,[Modèle industriel] TITLE: Dental implant abutment
US-D846581-S,Display screen with graphical user interface with image of medical implant,2019-04-23,"OrthoGrid Systems, Inc",11,2019-04-23,2019,Modèle industriel,[Modèle industriel] TITLE: Display screen with graphical user interface with image of medical implant
US-D735328-S,Orthopaedic surgical instrument attachment device,2015-07-28,Depuy (Ireland),5,2015-07-28,2015,Modèle industriel,[Modèle industriel] TITLE: Orthopaedic surgical instrument attachment device
US-D891620-S,Dental implant,2020-07-28,Tav Medical Ltd.,2,2020-07-28,2020,Modèle industriel,[Modèle industriel] TITLE: Dental implant
US-D973865-S,Medical device,2022-12-27,Eitan Medical Ltd.,2,2022-12-27,2022,Modèle industriel,[Modèle industriel] TITLE: Medical device
US-D967439-S,Post-surgical dressing,2022-10-18,Ezbra Advanced Wound Care Ltd,2,2022-10-18,2022,Modèle industriel,[Modèle industriel] TITLE: Post-surgical dressing
US-D1050430-S,Medical device,2024-11-05,Aspivix Sa,2,2024-11-05,2024,Modèle industriel,[Modèle industriel] TITLE: Medical device
US-D887429-S,Display screen of a controller for surgical instrument with graphical user interface,2020-06-16,Olympus Corporation,12,2020-06-16,2020,Modèle industriel,[Modèle industriel] TITLE: Display screen of a controller for surgical instrument with graphical user interface
US-D629893-S,Medical device connector,2010-12-28,"Cytopherx, Inc",3,2010-12-28,2010,Modèle industriel,[Modèle industriel] TITLE: Medical device connector
US-D558394-S,Surgical site marking apparatus,2007-12-25,"Op-Marks, Inc.",4,2007-12-25,2007,Modèle industriel,[Modèle industriel] TITLE: Surgical site marking apparatus
US-D552795-S,Surgical prep razor,2007-10-09,American Safety Razor,3,2007-10-09,2007,Modèle industriel,[Modèle industriel] TITLE: Surgical prep razor
US-D494275-S,Triple tooth implant substructure,2004-08-10,George M. Whitehead,4,2004-08-10,2004,Modèle industriel,[Modèle industriel] TITLE: Triple tooth implant substructure
US-D425200-S,Surgical access hoist,2000-05-16,"Viamedics, Llc",3,2000-05-16,2000,Modèle industriel,[Modèle industriel] TITLE: Surgical access hoist
US-D549328-S,Handle for surgical instruments,2007-08-21,"Alfredo Sierra Aparici, Vicente Fores Ahuir",4,2007-08-21,2007,Modèle industriel,[Modèle industriel] TITLE: Handle for surgical instruments
US-D467342-S,Double tooth implant substructure,2002-12-17,George M. Whitehead,4,2002-12-17,2002,Modèle industriel,[Modèle industriel] TITLE: Double tooth implant substructure
US-D787058-S,Eye-socket implant,2017-05-16,Karl Leibinger Medizintechnik Gmbh & Co. Kg,2,2017-05-16,2017,Modèle industriel,[Modèle industriel] TITLE: Eye-socket implant
US-D631159-S,Handgrip for medical device,2011-01-18,Karl Storz Gmbh & Co. Kg,4,2011-01-18,2011,Modèle industriel,[Modèle industriel] TITLE: Handgrip for medical device
US-D652502-S,Medical device,2012-01-17,Cequr Sa,2,2012-01-17,2012,Modèle industriel,[Modèle industriel] TITLE: Medical device
US-D868963-S,Connector for surgical device,2019-12-03,Olympus Corporation,4,2019-12-03,2019,Modèle industriel,[Modèle industriel] TITLE: Connector for surgical device
US-D918387-S,Medical device,2021-05-04,Surgery-Tech Aps,2,2021-05-04,2021,Modèle industriel,[Modèle industriel] TITLE: Medical device
US-D859672-S,Medical device,2019-09-10,Orthofix Inc.,2,2019-09-10,2019,Modèle industriel,[Modèle industriel] TITLE: Medical device
US-D790702-S,Paranasal implant,2017-06-27,"Shawhan Biomedical Co., Ltd.",2,2017-06-27,2017,Modèle industriel,[Modèle industriel] TITLE: Paranasal implant
US-D422695-S,Surgical controller for heart pump,2000-04-11,United States Surgical,5,2000-04-11,2000,Modèle industriel,[Modèle industriel] TITLE: Surgical controller for heart pump
US-D842988-S,Surgical instrument,2019-03-12,"Exactech, Inc.",2,2019-03-12,2019,Modèle industriel,[Modèle industriel] TITLE: Surgical instrument
US-D829327-S,Implant having porous surface structure,2018-09-25,Ostomycure As,5,2018-09-25,2018,Modèle industriel,[Modèle industriel] TITLE: Implant having porous surface structure
US-D725270-S,Intervertebral implant,2015-03-24,"Nuvasive, Inc.",2,2015-03-24,2015,Modèle industriel,[Modèle industriel] TITLE: Intervertebral implant
US-D843084-S,Post operative surgical dressing garment,2019-03-19,"Thomas Dominick, Troy Kerstetter",5,2019-03-19,2019,Modèle industriel,[Modèle industriel] TITLE: Post operative surgical dressing garment
US-D827824-S,Implant with internal porous surface structure,2018-09-04,Ostomycure As,6,2018-09-04,2018,Modèle industriel,[Modèle industriel] TITLE: Implant with internal porous surface structure
US-D629107-S,Spinous process implant,2010-12-14,Horton Kenneth L,3,2010-12-14,2010,Modèle industriel,[Modèle industriel] TITLE: Spinous process implant
US-D578217-S,Surgical clamp handle,2008-10-07,"The LeVahn Intellectual Property Holding Company, LLC",3,2008-10-07,2008,Modèle industriel,[Modèle industriel] TITLE: Surgical clamp handle
US-D418601-S,Spray pen for a surgical sealant,2000-01-04,Bristol-Myers Squibb Company,6,2000-01-04,2000,Modèle industriel,[Modèle industriel] TITLE: Spray pen for a surgical sealant
US-D668763-S,Handle for electro-surgical instrument,2012-10-09,Erbe Elektromedizin Gmbh,4,2012-10-09,2012,Modèle industriel,[Modèle industriel] TITLE: Handle for electro-surgical instrument
US-D792588-S,Surgical shield,2017-07-18,Ossis Limited,2,2017-07-18,2017,Modèle industriel,[Modèle industriel] TITLE: Surgical shield
US-D714938-S,Surgical nail,2014-10-07,Yechiel Gotfried,2,2014-10-07,2014,Modèle industriel,[Modèle industriel] TITLE: Surgical nail
US-D713526-S,Surgical clamp,2014-09-16,Cardiomedical Gmbh,2,2014-09-16,2014,Modèle industriel,[Modèle industriel] TITLE: Surgical clamp
US-D790063-S,Oral implant flag,2017-06-20,Densys Ltd,3,2017-06-20,2017,Modèle industriel,[Modèle industriel] TITLE: Oral implant flag
US-D731061-S,Intervertebral implant,2015-06-02,"Nuvasive, Inc.",2,2015-06-02,2015,Modèle industriel,[Modèle industriel] TITLE: Intervertebral implant
US-D712244-S,Medical device package,2014-09-02,"Intersurgical Ag, Muhammed Aslam Nasir",3,2014-09-02,2014,Modèle industriel,[Modèle industriel] TITLE: Medical device package
US-D723689-S,Surgical scissors,2015-03-03,Samuel George,2,2015-03-03,2015,Modèle industriel,[Modèle industriel] TITLE: Surgical scissors
US-D493891-S,Double tooth implant substructure,2004-08-03,George M. Whitehead,4,2004-08-03,2004,Modèle industriel,[Modèle industriel] TITLE: Double tooth implant substructure
US-D481457-S,Device to remove surgical prep solution,2003-10-28,Deljuan Calvin,6,2003-10-28,2003,Modèle industriel,[Modèle industriel] TITLE: Device to remove surgical prep solution
US-D570483-S,Surgical cutting tool,2008-06-03,"Kai R&D Center Co., Ltd.",3,2008-06-03,2008,Modèle industriel,[Modèle industriel] TITLE: Surgical cutting tool
US-D617182-S,Packaging for surgical blade tips with stand,2010-06-08,"Becton, Dickinson And Company",7,2010-06-08,2010,Modèle industriel,[Modèle industriel] TITLE: Packaging for surgical blade tips with stand
US-D438302-S,Housing for surgical sealant applicator system,2001-02-27,Bristol-Myers Squibb Company,6,2001-02-27,2001,Modèle industriel,[Modèle industriel] TITLE: Housing for surgical sealant applicator system
US-D506006-S,Spinal implant anchor-plate with tang fixation,2005-06-07,"Orthopedic Designs, Inc.",6,2005-06-07,2005,Modèle industriel,[Modèle industriel] TITLE: Spinal implant anchor-plate with tang fixation
US-D736382-S,Surgical indicator with backers,2015-08-11,Ams Research Corporation,4,2015-08-11,2015,Modèle industriel,[Modèle industriel] TITLE: Surgical indicator with backers
US-D721175-S,Backers for surgical indicators,2015-01-13,Ams Research Corporation,4,2015-01-13,2015,Modèle industriel,[Modèle industriel] TITLE: Backers for surgical indicators
US-D765238-S,Medical device for peristaltic pump,2016-08-30,Q-Core Medical Ltd.,5,2016-08-30,2016,Modèle industriel,[Modèle industriel] TITLE: Medical device for peristaltic pump
US-D447565-S,Straight medical device for the application of a tack to the body of a patient,2001-09-04,Genzyme Corporation,15,2001-09-04,2001,Modèle industriel,[Modèle industriel] TITLE: Straight medical device for the application of a tack to the body of a patient
US-D767134-S,Spondylo-amalgamation implant,2016-09-20,Ammtec Inc.,2,2016-09-20,2016,Modèle industriel,[Modèle industriel] TITLE: Spondylo-amalgamation implant
US-D484245-S,Medical device,2003-12-23,"John Robert Gutridge, Timothy Ralph Snellgrove",2,2003-12-23,2003,Modèle industriel,[Modèle industriel] TITLE: Medical device
US-D553744-S,Posterior lumbar interbody fusion implant,2007-10-23,Paceco Corp.,5,2007-10-23,2007,Modèle industriel,[Modèle industriel] TITLE: Posterior lumbar interbody fusion implant
US-D553242-S,Handle for surgical suction-irrigation device,2007-10-16,Allegiance Corporation,5,2007-10-16,2007,Modèle industriel,[Modèle industriel] TITLE: Handle for surgical suction-irrigation device
US-D554759-S,Modular medical device monitor and holder,2007-11-06,Nicholas Barker,6,2007-11-06,2007,Modèle industriel,[Modèle industriel] TITLE: Modular medical device monitor and holder
US-D549329-S,Handle for surgical instruments,2007-08-21,"Alfredo Sierra Aparici, Vicente Fores Ahuir",4,2007-08-21,2007,Modèle industriel,[Modèle industriel] TITLE: Handle for surgical instruments
US-D532516-S,Multiple function medical device,2006-11-21,"Wolff Medical Marketing And Design, Llc",4,2006-11-21,2006,Modèle industriel,[Modèle industriel] TITLE: Multiple function medical device
US-D482708-S,Body of a surgical microscope,2003-11-25,Carl-Zeiss-Stiftung,5,2003-11-25,2003,Modèle industriel,[Modèle industriel] TITLE: Body of a surgical microscope
US-D581050-S,Surgical instrument tip,2008-11-18,Medical Device Innovations Limited,3,2008-11-18,2008,Modèle industriel,[Modèle industriel] TITLE: Surgical instrument tip
US-D449686-S,Quick-release ENT surgical holder,2001-10-23,Flexbar Machine Corporation,4,2001-10-23,2001,Modèle industriel,[Modèle industriel] TITLE: Quick-release ENT surgical holder
US-D940318-S,Knitted tissue scaffold,2022-01-04,Cilag Gmbh International,3,2022-01-04,2022,Modèle industriel,[Modèle industriel] TITLE: Knitted tissue scaffold
US-D652519-S,Dilator,2012-01-17,"Nuvasive, Inc.",1,2012-01-17,2012,Modèle industriel,[Modèle industriel] TITLE: Dilator
US-D966338-S,Portion of a display screen with icon of a robotic arm,2022-10-11,Verb Surgical Inc.,11,2022-10-11,2022,Modèle industriel,[Modèle industriel] TITLE: Portion of a display screen with icon of a robotic arm
US-D882616-S,Display screen or portion thereof with graphical user interface,2020-04-28,"Intuitive Surgical Operations, Inc.",9,2020-04-28,2020,Modèle industriel,[Modèle industriel] TITLE: Display screen or portion thereof with graphical user interface
US-D834053-S,Display screen or portion thereof with graphical user interface,2018-11-20,"Intuitive Surgical Operations, Inc.",9,2018-11-20,2018,Modèle industriel,[Modèle industriel] TITLE: Display screen or portion thereof with graphical user interface
US-D750249-S,Expandable fusion cage,2016-02-23,"Spinal Surgical Strategies, Llc",3,2016-02-23,2016,Modèle industriel,[Modèle industriel] TITLE: Expandable fusion cage
US-D893035-S,Bandage,2020-08-11,"Vomaris Innovations, Inc.",1,2020-08-11,2020,Modèle industriel,[Modèle industriel] TITLE: Bandage
US-D978336-S,Portable oral irrigator,2023-02-14,"Nicefeel Medical Device Technology Co., Ltd.",3,2023-02-14,2023,Modèle industriel,[Modèle industriel] TITLE: Portable oral irrigator
US-D881920-S,Display screen or portion thereof with graphical user interface,2020-04-21,"Intuitive Surgical Operations, Inc.",9,2020-04-21,2020,Modèle industriel,[Modèle industriel] TITLE: Display screen or portion thereof with graphical user interface
US-D900838-S,Display screen or portion thereof with graphical user interface for a radiation treatment,2020-11-03,"Zap Surgical Systems, Inc.",13,2020-11-03,2020,Modèle industriel,[Modèle industriel] TITLE: Display screen or portion thereof with graphical user interface for a radiation treatment
US-D669992-S,Ultrasonic amplifier,2012-10-30,"Sound Surgical Technologies, Llc",2,2012-10-30,2012,Modèle industriel,[Modèle industriel] TITLE: Ultrasonic amplifier
US-D669993-S,Console for use in power assisted lipoplasty,2012-10-30,"Sound Surgical Technologies, Llc",7,2012-10-30,2012,Modèle industriel,[Modèle industriel] TITLE: Console for use in power assisted lipoplasty
US-D704839-S,Electrosurgical generator,2014-05-13,Baylis Medical Company Inc.,2,2014-05-13,2014,Modèle industriel,[Modèle industriel] TITLE: Electrosurgical generator
US-D735342-S,Medical console,2015-07-28,"Hologic, Inc.",2,2015-07-28,2015,Modèle industriel,[Modèle industriel] TITLE: Medical console
US-D619254-S,Orthopedic bone block assembly,2010-07-06,"Rti Biologics, Inc.",4,2010-07-06,2010,Modèle industriel,[Modèle industriel] TITLE: Orthopedic bone block assembly
US-D692916-S,Display device or portion thereof with graphical user interface,2013-11-05,Mako Surgical Corp.,9,2013-11-05,2013,Modèle industriel,[Modèle industriel] TITLE: Display device or portion thereof with graphical user interface
US-D808026-S,Border dressing,2018-01-16,"Aspen Surgical Products, Inc.",2,2018-01-16,2018,Modèle industriel,[Modèle industriel] TITLE: Border dressing
US-D772252-S,Patient monitoring device with a graphical user interface,2016-11-22,"Welch Allyn, Inc.",8,2016-11-22,2016,Modèle industriel,[Modèle industriel] TITLE: Patient monitoring device with a graphical user interface
US-D750240-S,Insertion device,2016-02-23,Arthrocare Corporation,2,2016-02-23,2016,Modèle industriel,[Modèle industriel] TITLE: Insertion device
US-D731525-S,Patient monitoring device with graphical user interface,2015-06-09,"Welch Allyn, Inc.",7,2015-06-09,2015,Modèle industriel,[Modèle industriel] TITLE: Patient monitoring device with graphical user interface
US-D667837-S,Patient monitoring device with graphical user interface,2012-09-25,"Welch Allyn, Inc.",7,2012-09-25,2012,Modèle industriel,[Modèle industriel] TITLE: Patient monitoring device with graphical user interface
US-D675318-S,Catheter handle,2013-01-29,Baylis Medical Company Inc.,2,2013-01-29,2013,Modèle industriel,[Modèle industriel] TITLE: Catheter handle
US-D1024074-S,Monitor for medical purpose,2024-04-23,Lg Electronics Inc.,4,2024-04-23,2024,Modèle industriel,[Modèle industriel] TITLE: Monitor for medical purpose
US-D1013876-S,Osteotomy wedge,2024-02-06,"Restor3D, Inc., Duke University",2,2024-02-06,2024,Modèle industriel,[Modèle industriel] TITLE: Osteotomy wedge
US-D975273-S,Syringe pump,2023-01-10,Manamed Inc,2,2023-01-10,2023,Modèle industriel,[Modèle industriel] TITLE: Syringe pump
US-D920516-S,Osteotomy wedge,2021-05-25,"Restor3D, Inc.",2,2021-05-25,2021,Modèle industriel,[Modèle industriel] TITLE: Osteotomy wedge
US-D816685-S,Display screen of a medical pump with a graphical user interface,2018-05-01,Deka Products Limited Partnership,11,2018-05-01,2018,Modèle industriel,[Modèle industriel] TITLE: Display screen of a medical pump with a graphical user interface
US-D878438-S,Helical fluted forward and reverse rotation cutting tool,2020-03-17,Peter L. Bono,8,2020-03-17,2020,Modèle industriel,[Modèle industriel] TITLE: Helical fluted forward and reverse rotation cutting tool
US-D642261-S,Securing device for cannula attachment to syringe body,2011-07-26,Abbott Medical Optics Inc.,8,2011-07-26,2011,Modèle industriel,[Modèle industriel] TITLE: Securing device for cannula attachment to syringe body
US-D650475-S,Implantable port,2011-12-13,"Angiodynamics, Inc.",2,2011-12-13,2011,Modèle industriel,[Modèle industriel] TITLE: Implantable port
US-D600814-S,Medical monitor,2009-09-22,"Welch Allyn, Inc.",2,2009-09-22,2009,Modèle industriel,[Modèle industriel] TITLE: Medical monitor
US-D649972-S,Display screen with user interface for medical data,2011-12-06,Cardiac Science Corporation,8,2011-12-06,2011,Modèle industriel,[Modèle industriel] TITLE: Display screen with user interface for medical data
US-D882782-S,Three dimensional adjunct,2020-04-28,Ethicon Llc,3,2020-04-28,2020,Modèle industriel,[Modèle industriel] TITLE: Three dimensional adjunct
US-D648027-S,Prosthesis,2011-11-01,"Tornier, Inc.",1,2011-11-01,2011,Modèle industriel,[Modèle industriel] TITLE: Prosthesis
US-D693603-S,Cranial drape,2013-11-19,"Medline Industries, Inc.",2,2013-11-19,2013,Modèle industriel,[Modèle industriel] TITLE: Cranial drape
US-D600792-S,Tubing cassette,2009-09-22,"Pathway Medical Technologies, Inc.",2,2009-09-22,2009,Modèle industriel,[Modèle industriel] TITLE: Tubing cassette
US-D778441-S,Fiducial marker support,2017-02-07,7D Surgical Inc.,3,2017-02-07,2017,Modèle industriel,[Modèle industriel] TITLE: Fiducial marker support
US-D589149-S,Orthopedic plate,2009-03-24,"Orthohelix Surgical Designs, Inc.",2,2009-03-24,2009,Modèle industriel,[Modèle industriel] TITLE: Orthopedic plate
US-D605768-S,Orthopedic bone block,2009-12-08,"Rti Biologics, Inc.",3,2009-12-08,2009,Modèle industriel,[Modèle industriel] TITLE: Orthopedic bone block
US-D752756-S,Dental prosthesis,2016-03-29,Implant Direct Sybron International L.L.C.,2,2016-03-29,2016,Modèle industriel,[Modèle industriel] TITLE: Dental prosthesis
US-D683452-S,Electrosurgical device handle,2013-05-28,Baylis Medical Company Inc.,3,2013-05-28,2013,Modèle industriel,[Modèle industriel] TITLE: Electrosurgical device handle
US-D608891-S,Set of orthopedic bone block assemblies,2010-01-26,"Rti Biologics, Inc.",6,2010-01-26,2010,Modèle industriel,[Modèle industriel] TITLE: Set of orthopedic bone block assemblies
US-D674479-S,Handpiece for use in power assisted lipoplasty,2013-01-15,Sound Surgical Technologies Llc,7,2013-01-15,2013,Modèle industriel,[Modèle industriel] TITLE: Handpiece for use in power assisted lipoplasty
US-D808024-S,Border dressing,2018-01-16,"Aspen Surgical Products, Inc.",2,2018-01-16,2018,Modèle industriel,[Modèle industriel] TITLE: Border dressing
US-D751707-S,Hand-held cautery device,2016-03-15,Bovie Medical Corporation,3,2016-03-15,2016,Modèle industriel,[Modèle industriel] TITLE: Hand-held cautery device
US-D789539-S,Fusion cage,2017-06-13,"Spinal Surgical Strategies, Llc",2,2017-06-13,2017,Modèle industriel,[Modèle industriel] TITLE: Fusion cage
US-D622851-S,Spinous process reamer,2010-08-31,Horton Kenneth L,3,2010-08-31,2010,Modèle industriel,[Modèle industriel] TITLE: Spinous process reamer
US-D938581-S,Tool for installation and/or removal of instrument tip cover,2021-12-14,"Intuitive Surgical Operations, Inc.",9,2021-12-14,2021,Modèle industriel,[Modèle industriel] TITLE: Tool for installation and/or removal of instrument tip cover
US-D723682-S,Bone graft delivery tool,2015-03-03,"Spinal Surgical Strategies, Llc",4,2015-03-03,2015,Modèle industriel,[Modèle industriel] TITLE: Bone graft delivery tool
US-D601869-S,Blade hub,2009-10-13,"Microaire Surgical Instruments, Inc.",2,2009-10-13,2009,Modèle industriel,[Modèle industriel] TITLE: Blade hub
US-D898673-S,Connector interface for a cable,2020-10-13,"Intuitive Surgical Operations, Inc.",5,2020-10-13,2020,Modèle industriel,[Modèle industriel] TITLE: Connector interface for a cable
US-D568186-S,Transponder housing,2008-05-06,"Rf Surgical Systems, Inc.",2,2008-05-06,2008,Modèle industriel,[Modèle industriel] TITLE: Transponder housing
US-D648851-S,Steerable catheter handle,2011-11-15,Baylis Medical Company Inc.,3,2011-11-15,2011,Modèle industriel,[Modèle industriel] TITLE: Steerable catheter handle
US-D940876-S,Endodontic file clip for an apex locator,2022-01-11,Dentsply Sirona Inc.,7,2022-01-11,2022,Modèle industriel,[Modèle industriel] TITLE: Endodontic file clip for an apex locator
US-D617894-S,Open-top fluid-holding device,2010-06-15,Wright James H,3,2010-06-15,2010,Modèle industriel,[Modèle industriel] TITLE: Open-top fluid-holding device
US-D758177-S,Angular correction clamp ring,2016-06-07,"Dne, Llc",4,2016-06-07,2016,Modèle industriel,[Modèle industriel] TITLE: Angular correction clamp ring
US-D835271-S,Optical imaging device,2018-12-04,"Welch Allyn, Inc.",3,2018-12-04,2018,Modèle industriel,[Modèle industriel] TITLE: Optical imaging device
US-D671954-S,Display screen with graphical user interface,2012-12-04,Mako Surgical Corp.,6,2012-12-04,2012,Modèle industriel,[Modèle industriel] TITLE: Display screen with graphical user interface
US-D676570-S,Lateral flow assay device,2013-02-19,Gen-Probe Incorporated,4,2013-02-19,2013,Modèle industriel,[Modèle industriel] TITLE: Lateral flow assay device
US-D568989-S,Hospital basin,2008-05-13,C Change Surgical Llc,2,2008-05-13,2008,Modèle industriel,[Modèle industriel] TITLE: Hospital basin
US-D680972-S,Remote control,2013-04-30,Abbott Medical Optics Inc.,2,2013-04-30,2013,Modèle industriel,[Modèle industriel] TITLE: Remote control
US-D628307-S,Medical loupe with head set,2010-11-30,Carl Zeiss Surgical Gmbh,5,2010-11-30,2010,Modèle industriel,[Modèle industriel] TITLE: Medical loupe with head set
US-D608804-S,Robot shoulder,2010-01-26,Mako Surgical Corp.,2,2010-01-26,2010,Modèle industriel,[Modèle industriel] TITLE: Robot shoulder
US-D808522-S,Latching ends of a polymer ligating clip,2018-01-23,"Vesolock Medical, Llc",7,2018-01-23,2018,Modèle industriel,[Modèle industriel] TITLE: Latching ends of a polymer ligating clip
US-D569970-S,Hospital basin with channel,2008-05-27,C Change Surgical Llc,4,2008-05-27,2008,Modèle industriel,[Modèle industriel] TITLE: Hospital basin with channel
US-D635681-S,Patient-monitor housing,2011-04-05,"Welch Allyn, Inc.",2,2011-04-05,2011,Modèle industriel,[Modèle industriel] TITLE: Patient-monitor housing
US-D676573-S,Dual sided anti-skid medical tray,2013-02-19,Georgene Austria,5,2013-02-19,2013,Modèle industriel,[Modèle industriel] TITLE: Dual sided anti-skid medical tray
US-D634006-S,Double-cone sphincter introducer assembly and integrated valve assembly,2011-03-08,"Erblan Surgical, Inc.",8,2011-03-08,2011,Modèle industriel,[Modèle industriel] TITLE: Double-cone sphincter introducer assembly and integrated valve assembly
US-D616908-S,Base,2010-06-01,Mako Surgical Corp.,1,2010-06-01,2010,Modèle industriel,[Modèle industriel] TITLE: Base
US-D840539-S,Prosthesis anchor,2019-02-12,"Tornier, Inc.",2,2019-02-12,2019,Modèle industriel,[Modèle industriel] TITLE: Prosthesis anchor
US-D759254-S,Diagnostic device,2016-06-14,"Welch Allyn, Inc.",2,2016-06-14,2016,Modèle industriel,[Modèle industriel] TITLE: Diagnostic device
US-D698644-S,Transfer tray,2014-02-04,"Aspen Surgical Products, Inc.",2,2014-02-04,2014,Modèle industriel,[Modèle industriel] TITLE: Transfer tray
US-D656007-S,Corner protector,2012-03-20,"Aspen Surgical Products, Inc.",2,2012-03-20,2012,Modèle industriel,[Modèle industriel] TITLE: Corner protector
US-D862715-S,Health-regain device,2019-10-08,"Jiangsu Alphay Medical Device Co., Ltd.",2,2019-10-08,2019,Modèle industriel,[Modèle industriel] TITLE: Health-regain device
US-D808025-S,Border dressing,2018-01-16,"Aspen Surgical Products, Inc.",2,2018-01-16,2018,Modèle industriel,[Modèle industriel] TITLE: Border dressing
US-D994707-S,Display screen or portion thereof with graphical user interface,2023-08-08,"Zimmer Surgical, Inc.",9,2023-08-08,2023,Modèle industriel,[Modèle industriel] TITLE: Display screen or portion thereof with graphical user interface
US-D634344-S,Combination of a stand and an assembly connected thereto of an XY-coupling supporting a carrier arm holding a housing containing one or two microscope bodies equipped with oculars,2011-03-15,Carl Zeiss Surgical Gmbh,28,2011-03-15,2011,Modèle industriel,[Modèle industriel] TITLE: Combination of a stand and an assembly connected thereto of an XY-coupling supporting a carrier arm holding a housing containing one or two microscope bodies equipped with oculars
US-D548329-S,Aspiration canister,2007-08-07,Sound Surgical Technologies Llc,2,2007-08-07,2007,Modèle industriel,[Modèle industriel] TITLE: Aspiration canister
US-D724101-S,Patient monitoring device with graphical user interface,2015-03-10,"Welch Allyn, Inc.",7,2015-03-10,2015,Modèle industriel,[Modèle industriel] TITLE: Patient monitoring device with graphical user interface
US-D595221-S,Portable battery pack,2009-06-30,Carl Zeiss Surgical Gmbh,3,2009-06-30,2009,Modèle industriel,[Modèle industriel] TITLE: Portable battery pack
US-D717856-S,Optical device adapter,2014-11-18,"Welch Allyn, Inc.",3,2014-11-18,2014,Modèle industriel,[Modèle industriel] TITLE: Optical device adapter
US-D896369-S,Ring basin,2020-09-15,"Newgen Surgical, Inc.",2,2020-09-15,2020,Modèle industriel,[Modèle industriel] TITLE: Ring basin
US-D769276-S,Display screen or portion thereof with graphical user interface,2016-10-18,"Hologic, Inc.",9,2016-10-18,2016,Modèle industriel,[Modèle industriel] TITLE: Display screen or portion thereof with graphical user interface
US-D744650-S,Biopsy device,2015-12-01,"Hologic, Inc.",2,2015-12-01,2015,Modèle industriel,[Modèle industriel] TITLE: Biopsy device
US-D750241-S,Stethoscope head,2016-02-23,"Wuxi Kaishun Medical Device Manufacturing Co., Ltd.",2,2016-02-23,2016,Modèle industriel,[Modèle industriel] TITLE: Stethoscope head
US-D564011-S,Magnifier spectacles,2008-03-11,Carl Zeiss Surgical Gmbh,2,2008-03-11,2008,Modèle industriel,[Modèle industriel] TITLE: Magnifier spectacles
US-D562762-S,Charging station for a portable illumination assembly,2008-02-26,"Welch Allyn, Inc.",7,2008-02-26,2008,Modèle industriel,[Modèle industriel] TITLE: Charging station for a portable illumination assembly
US-D665912-S,Head support pad for surgery,2012-08-21,"Allen Medical Systems, Inc.",5,2012-08-21,2012,Modèle industriel,[Modèle industriel] TITLE: Head support pad for surgery
US-D609351-S,Medical monitor,2010-02-02,"Welch Allyn, Inc.",2,2010-02-02,2010,Modèle industriel,[Modèle industriel] TITLE: Medical monitor
US-D709191-S,Otoscope,2014-07-15,"Welch Allyn, Inc.",1,2014-07-15,2014,Modèle industriel,[Modèle industriel] TITLE: Otoscope
US-D770044-S,Electrosurgical device,2016-10-25,"Gyrus Acmi, Inc.",2,2016-10-25,2016,Modèle industriel,[Modèle industriel] TITLE: Electrosurgical device
US-D681086-S,Ocular mask,2013-04-30,"Acufocus, Inc.",2,2013-04-30,2013,Modèle industriel,[Modèle industriel] TITLE: Ocular mask
US-D704337-S,Scalpel handle,2014-05-06,University Of Massachusetts,2,2014-05-06,2014,Modèle industriel,[Modèle industriel] TITLE: Scalpel handle
US-D603961-S,Cervical plate,2009-11-10,"Theken Spine, Llc",2,2009-11-10,2009,Modèle industriel,[Modèle industriel] TITLE: Cervical plate
US-D950075-S,Brace assembly,2022-04-26,R&D Surgical Ltd,2,2022-04-26,2022,Modèle industriel,[Modèle industriel] TITLE: Brace assembly
US-D603962-S,Cervical plate,2009-11-10,"Theken Spine, Llc",2,2009-11-10,2009,Modèle industriel,[Modèle industriel] TITLE: Cervical plate
US-D637020-S,Side rail for a bed,2011-05-03,"Richard H Heimbrock, Robert M Zerhusen",5,2011-05-03,2011,Modèle industriel,[Modèle industriel] TITLE: Side rail for a bed
US-D720851-S,Handheld support for fiducial markers,2015-01-06,7D Surgical Inc.,5,2015-01-06,2015,Modèle industriel,[Modèle industriel] TITLE: Handheld support for fiducial markers
US-D617589-S,Side rail for a bed,2010-06-15,"Hill-Rom Services, Inc.",5,2010-06-15,2010,Modèle industriel,[Modèle industriel] TITLE: Side rail for a bed
US-D692563-S,Ophthalmologic console,2013-10-29,Carl Zeiss Meditec Ag,2,2013-10-29,2013,Modèle industriel,[Modèle industriel] TITLE: Ophthalmologic console
US-D628416-S,Side rail for a bed,2010-12-07,"Hill-Rom Services, Inc.",5,2010-12-07,2010,Modèle industriel,[Modèle industriel] TITLE: Side rail for a bed
US-D642268-S,Hex rod for spinal surgery,2011-07-26,"Theken Spine, Llc",5,2011-07-26,2011,Modèle industriel,[Modèle industriel] TITLE: Hex rod for spinal surgery
US-D616679-S,Side rail for a bed,2010-06-01,"Hill-Rom Services, Inc.",5,2010-06-01,2010,Modèle industriel,[Modèle industriel] TITLE: Side rail for a bed
US-D832426-S,Bronchial biopsy needle advancer,2018-10-30,"Gyrus Acmi, Inc",4,2018-10-30,2018,Modèle industriel,[Modèle industriel] TITLE: Bronchial biopsy needle advancer
US-D617586-S,Side rail for a bed,2010-06-15,"Hill-Rom Services, Inc.",5,2010-06-15,2010,Modèle industriel,[Modèle industriel] TITLE: Side rail for a bed
US-D617587-S,Side rail for a bed,2010-06-15,"Hill-Rom Services, Inc.",5,2010-06-15,2010,Modèle industriel,[Modèle industriel] TITLE: Side rail for a bed
US-D603504-S,Cervical plate,2009-11-03,"Theken Spine, Llc",2,2009-11-03,2009,Modèle industriel,[Modèle industriel] TITLE: Cervical plate
US-D637018-S,Side rail for a bed,2011-05-03,"Richard H Heimbrock, Robert M Zerhusen",5,2011-05-03,2011,Modèle industriel,[Modèle industriel] TITLE: Side rail for a bed
US-D617588-S,Side rail for a bed,2010-06-15,"Hill-Rom Services, Inc.",5,2010-06-15,2010,Modèle industriel,[Modèle industriel] TITLE: Side rail for a bed
US-D690813-S,Container,2013-10-01,"H & M Innovations, Llc",1,2013-10-01,2013,Modèle industriel,[Modèle industriel] TITLE: Container
US-D649992-S,Stand for microscope assembly,2011-12-06,Carl Zeiss Meditec Ag,4,2011-12-06,2011,Modèle industriel,[Modèle industriel] TITLE: Stand for microscope assembly
US-D603507-S,Cervical plate,2009-11-03,"Theken Spine, Llc",2,2009-11-03,2009,Modèle industriel,[Modèle industriel] TITLE: Cervical plate
US-D626239-S,Medical-stand tray,2010-10-26,"Welch Allyn, Inc.",2,2010-10-26,2010,Modèle industriel,[Modèle industriel] TITLE: Medical-stand tray
US-D930852-S,Storage rack for sterile packaging,2021-09-14,"DePuy Synthes Products, Inc.",5,2021-09-14,2021,Modèle industriel,[Modèle industriel] TITLE: Storage rack for sterile packaging
US-D623743-S,Orthopedic plate,2010-09-14,"Orthohelix Surgical Designs, Inc.",2,2010-09-14,2010,Modèle industriel,[Modèle industriel] TITLE: Orthopedic plate
US-D603964-S,Cervical plate,2009-11-10,"Theken Spine, Llc",2,2009-11-10,2009,Modèle industriel,[Modèle industriel] TITLE: Cervical plate
US-D632397-S,Portions of a patient-monitor housing,2011-02-08,"Welch Allyn, Inc.",5,2011-02-08,2011,Modèle industriel,[Modèle industriel] TITLE: Portions of a patient-monitor housing
US-D753108-S,Finger ring type portable information terminal,2016-04-05,"Semiconductor Energy Laboratory Co., Ltd.",6,2016-04-05,2016,Modèle industriel,[Modèle industriel] TITLE: Finger ring type portable information terminal
US-D625005-S,Biopsy site marker,2010-10-05,"Hologic, Inc.",3,2010-10-05,2010,Modèle industriel,[Modèle industriel] TITLE: Biopsy site marker
US-D831199-S,Bronchial biopsy needle handle,2018-10-16,"Gyrus Acmi, Inc.",4,2018-10-16,2018,Modèle industriel,[Modèle industriel] TITLE: Bronchial biopsy needle handle
US-D707480-S,Bed frame,2014-06-24,"Hill-Rom Services, Inc.",2,2014-06-24,2014,Modèle industriel,[Modèle industriel] TITLE: Bed frame
US-D718437-S,Steerable guiding catheter handle,2014-11-25,Oscor Inc.,4,2014-11-25,2014,Modèle industriel,[Modèle industriel] TITLE: Steerable guiding catheter handle
US-D603503-S,Cervical plate,2009-11-03,"Theken Spine, Llc",2,2009-11-03,2009,Modèle industriel,[Modèle industriel] TITLE: Cervical plate
US-D622124-S,Ratcheting screwdriver thumb actuator,2010-08-24,Greatbatch Medical S.A.,4,2010-08-24,2010,Modèle industriel,[Modèle industriel] TITLE: Ratcheting screwdriver thumb actuator
US-D634430-S,Blood-pressure monitor housing,2011-03-15,"Welch Allyn, Inc.",3,2011-03-15,2011,Modèle industriel,[Modèle industriel] TITLE: Blood-pressure monitor housing
US-D669441-S,Foot pedal,2012-10-23,Carl Zeiss Meditec Ag,2,2012-10-23,2012,Modèle industriel,[Modèle industriel] TITLE: Foot pedal
US-D603510-S,Cervical plate,2009-11-03,"Theken Spine, Llc",2,2009-11-03,2009,Modèle industriel,[Modèle industriel] TITLE: Cervical plate
US-D603505-S,Cervical plate,2009-11-03,"Theken Spine, Llc",2,2009-11-03,2009,Modèle industriel,[Modèle industriel] TITLE: Cervical plate
US-D643536-S,Blood-pressure cuff,2011-08-16,"Welch Allyn, Inc.",2,2011-08-16,2011,Modèle industriel,[Modèle industriel] TITLE: Blood-pressure cuff
US-D584689-S,Auxiliary power interface for a portable illuminator assembly,2009-01-13,"Welch Allyn, Inc.",8,2009-01-13,2009,Modèle industriel,[Modèle industriel] TITLE: Auxiliary power interface for a portable illuminator assembly
US-D603506-S,Cervical plate,2009-11-03,"Theken Spine, Llc",2,2009-11-03,2009,Modèle industriel,[Modèle industriel] TITLE: Cervical plate
US-D770824-S,Barrier for a hospital bed,2016-11-08,"Hill-Rom Services, Inc.",5,2016-11-08,2016,Modèle industriel,[Modèle industriel] TITLE: Barrier for a hospital bed
US-D723686-S,Electrosurgical hand piece,2015-03-03,"Gyrus Acmi, Inc.",3,2015-03-03,2015,Modèle industriel,[Modèle industriel] TITLE: Electrosurgical hand piece
US-D837157-S,Plug,2019-01-01,"Gyrus Acmi, Inc., Gyrus Medical Limited, Olympus Winter & Ibe Gmbh",1,2019-01-01,2019,Modèle industriel,[Modèle industriel] TITLE: Plug
US-D981558-S,Medical robot,2023-03-21,Quantum Surgical,2,2023-03-21,2023,Modèle industriel,[Modèle industriel] TITLE: Medical robot
US-D831823-S,Intradiscal shim,2018-10-23,"Nuvasive, Inc.",2,2018-10-23,2018,Modèle industriel,[Modèle industriel] TITLE: Intradiscal shim
US-D726302-S,Suction console,2015-04-07,"Gyrus Acmi, Inc.",2,2015-04-07,2015,Modèle industriel,[Modèle industriel] TITLE: Suction console
US-D603963-S,Cervical plate,2009-11-10,"Theken Spine, Llc",2,2009-11-10,2009,Modèle industriel,[Modèle industriel] TITLE: Cervical plate
US-D643929-S,Pulse oximeter,2011-08-23,"Blue Highway, LLC",2,2011-08-23,2011,Modèle industriel,[Modèle industriel] TITLE: Pulse oximeter
US-D767507-S,Remote control,2016-09-27,Abbott Medical Optics Inc.,2,2016-09-27,2016,Modèle industriel,[Modèle industriel] TITLE: Remote control
US-D682422-S,Cap for an insertion device,2013-05-14,Abbott Medical Optics Inc.,5,2013-05-14,2013,Modèle industriel,[Modèle industriel] TITLE: Cap for an insertion device
US-D1030071-S,Electrocardiograph,2024-06-04,"Wuhan United Imaging Healthcare Surgical Technology Co., Ltd.",1,2024-06-04,2024,Modèle industriel,[Modèle industriel] TITLE: Electrocardiograph
US-D1029275-S,Electrocardiograph,2024-05-28,"Wuhan United Imaging Healthcare Surgical Technology Co., Ltd.",1,2024-05-28,2024,Modèle industriel,[Modèle industriel] TITLE: Electrocardiograph
US-D1029277-S,Electrocardiograph,2024-05-28,"Wuhan United Imaging Healthcare Surgical Technology Co., Ltd.",1,2024-05-28,2024,Modèle industriel,[Modèle industriel] TITLE: Electrocardiograph
US-D890931-S,Medical cart,2020-07-21,Maquet Critical Care Ab,2,2020-07-21,2020,Modèle industriel,[Modèle industriel] TITLE: Medical cart
US-D1029069-S,Interventional surgery robot,2024-05-28,"Wuhan United Imaging Healthcare Surgical Technology Co., Ltd.",3,2024-05-28,2024,Modèle industriel,[Modèle industriel] TITLE: Interventional surgery robot
US-D654588-S,Snare,2012-02-21,"Medical Device Technologies, Inc.",1,2012-02-21,2012,Modèle industriel,[Modèle industriel] TITLE: Snare
US-D837389-S,Skin adhesive decal for use with wearable medical devices,2019-01-01,StayPut Medical LLC,9,2019-01-01,2019,Modèle industriel,[Modèle industriel] TITLE: Skin adhesive decal for use with wearable medical devices
US-D629109-S,Radiographic shield,2010-12-14,Michael Phillips,2,2010-12-14,2010,Modèle industriel,[Modèle industriel] TITLE: Radiographic shield
US-D669988-S,Knife and blade support,2012-10-30,"Core Surgical Limited, E-Medix Limited",4,2012-10-30,2012,Modèle industriel,[Modèle industriel] TITLE: Knife and blade support
US-D744648-S,Suture dispensing card,2015-12-01,Surgical Specialties Corporation,3,2015-12-01,2015,Modèle industriel,[Modèle industriel] TITLE: Suture dispensing card
US-D733296-S,Arm with wrapping fixture posts,2015-06-30,Surgical Specialties Corporation,5,2015-06-30,2015,Modèle industriel,[Modèle industriel] TITLE: Arm with wrapping fixture posts
US-D688799-S,Detection body for a dental prosthetic,2013-08-27,Exocad Gmbh,6,2013-08-27,2013,Modèle industriel,[Modèle industriel] TITLE: Detection body for a dental prosthetic
US-D727497-S,Support for fiducial markers,2015-04-21,7D Surgical Inc.,4,2015-04-21,2015,Modèle industriel,[Modèle industriel] TITLE: Support for fiducial markers
US-D629106-S,Facet fusion wedge,2010-12-14,"Horton Kenneth L, Jeffrey Roh, Evan Zeiger",3,2010-12-14,2010,Modèle industriel,[Modèle industriel] TITLE: Facet fusion wedge
US-D708758-S,Metal bellow valve,2014-07-08,"Symmetry Medical New Bedford, Inc.",3,2014-07-08,2014,Modèle industriel,[Modèle industriel] TITLE: Metal bellow valve
US-D808037-S,Canister assembly,2018-01-16,"5X Surgical, Llc",2,2018-01-16,2018,Modèle industriel,[Modèle industriel] TITLE: Canister assembly
US-D810692-S,Connector interface for a cable,2018-02-20,"Intuitive Surgical Operations, Inc.",5,2018-02-20,2018,Modèle industriel,[Modèle industriel] TITLE: Connector interface for a cable
US-D840028-S,Stethoscope head,2019-02-05,"Wuxi Kaishun Medical Device Manufacturing Co., Ltd",2,2019-02-05,2019,Modèle industriel,[Modèle industriel] TITLE: Stethoscope head
US-D830381-S,Display screen or portion thereof with graphical user interface,2018-10-09,"Intuitive Surgical Operations, Inc.",9,2018-10-09,2018,Modèle industriel,[Modèle industriel] TITLE: Display screen or portion thereof with graphical user interface
US-D911982-S,Foot pedal,2021-03-02,"Johnson & Johnson Surgical Vision, Inc.",2,2021-03-02,2021,Modèle industriel,[Modèle industriel] TITLE: Foot pedal
US-D815738-S,Electrosurgical pencil,2018-04-17,"Zhejiang Shuyou Surgical Instrument Co., Ltd., 5 Star Medical Corporation",2,2018-04-17,2018,Modèle industriel,[Modèle industriel] TITLE: Electrosurgical pencil
US-D703612-S,Connector interface for a cable,2014-04-29,"Intuitive Surgical Operations, Inc.",5,2014-04-29,2014,Modèle industriel,[Modèle industriel] TITLE: Connector interface for a cable
US-D924180-S,Remote control,2021-07-06,"Johnson & Johnson Surgical Vision, Inc.",2,2021-07-06,2021,Modèle industriel,[Modèle industriel] TITLE: Remote control
US-D950045-S,Cannula release device,2022-04-26,"Black & Black Surgical, Inc.",3,2022-04-26,2022,Modèle industriel,[Modèle industriel] TITLE: Cannula release device
US-D947028-S,Bottle with flip-top cap,2022-03-29,"Johnson & Johnson Surgical Vision, Inc.",4,2022-03-29,2022,Modèle industriel,[Modèle industriel] TITLE: Bottle with flip-top cap
US-D797290-S,Bone graft delivery tool,2017-09-12,"Spinal Surgical Strategies, Llc",4,2017-09-12,2017,Modèle industriel,[Modèle industriel] TITLE: Bone graft delivery tool
US-D844655-S,Display screen or portion thereof with graphical user interface,2019-04-02,"Intuitive Surgical Operations, Inc.",9,2019-04-02,2019,Modèle industriel,[Modèle industriel] TITLE: Display screen or portion thereof with graphical user interface
US-D949434-S,Specimen bottle,2022-04-19,"Nano 2.0 Business Press, Llc",2,2022-04-19,2022,Modèle industriel,[Modèle industriel] TITLE: Specimen bottle
US-D603511-S,Cervical plate,2009-11-03,"Theken Spine, Llc",2,2009-11-03,2009,Modèle industriel,[Modèle industriel] TITLE: Cervical plate
US-D603508-S,Cervical plate,2009-11-03,"Theken Spine, Llc",2,2009-11-03,2009,Modèle industriel,[Modèle industriel] TITLE: Cervical plate
US-D746457-S,Biopsy device,2015-12-29,"Hologic, Inc.",2,2015-12-29,2015,Modèle industriel,[Modèle industriel] TITLE: Biopsy device
US-D923787-S,Medical tweezers,2021-06-29,Asahiko Tsukayama,2,2021-06-29,2021,Modèle industriel,[Modèle industriel] TITLE: Medical tweezers
US-D703140-S,Cable connector,2014-04-22,"Intuitive Surgical Operations, Inc.",2,2014-04-22,2014,Modèle industriel,[Modèle industriel] TITLE: Cable connector
US-D906522-S,Dental fixture operating connector,2020-12-29,"Megagen Implant Co., Ltd.",4,2020-12-29,2020,Modèle industriel,[Modèle industriel] TITLE: Dental fixture operating connector
US-D752755-S,Dental prosthesis,2016-03-29,Implant Direct Sybron International L.L.C.,2,2016-03-29,2016,Modèle industriel,[Modèle industriel] TITLE: Dental prosthesis
US-D1018482-S,Controller for interventional surgery robot,2024-03-19,"Wuhan United Imaging Healthcare Surgical Technology Co., Ltd.",5,2024-03-19,2024,Modèle industriel,[Modèle industriel] TITLE: Controller for interventional surgery robot
US-D752753-S,Dental prosthesis,2016-03-29,Implant Direct Sybron International L.L.C.,2,2016-03-29,2016,Modèle industriel,[Modèle industriel] TITLE: Dental prosthesis
US-D663833-S,Mixing syringe,2012-07-17,"Pioneer Surgical Technology, Inc.",2,2012-07-17,2012,Modèle industriel,[Modèle industriel] TITLE: Mixing syringe
US-D623298-S,Bone fusion device,2010-09-07,Omni Surgical,3,2010-09-07,2010,Modèle industriel,[Modèle industriel] TITLE: Bone fusion device
US-D950501-S,Cable connector,2022-05-03,"Intuitive Surgical Operations, Inc.",2,2022-05-03,2022,Modèle industriel,[Modèle industriel] TITLE: Cable connector
US-D837375-S,Biopsy device handle,2019-01-01,"Argon Medical Devices, Inc.",3,2019-01-01,2019,Modèle industriel,[Modèle industriel] TITLE: Biopsy device handle
US-D697625-S,Desktop diagnostic device,2014-01-14,"Welch Allyn, Inc.",3,2014-01-14,2014,Modèle industriel,[Modèle industriel] TITLE: Desktop diagnostic device
US-D979759-S,Tourniquet instrument,2023-02-28,"Zimmer Surgical, Inc.",2,2023-02-28,2023,Modèle industriel,[Modèle industriel] TITLE: Tourniquet instrument
US-D676146-S,Anti-skid medical tray,2013-02-12,Georgene Austria,3,2013-02-12,2013,Modèle industriel,[Modèle industriel] TITLE: Anti-skid medical tray
US-D752219-S,Tissue fastening instrument,2016-03-22,"Incisive Surgical, Inc.",3,2016-03-22,2016,Modèle industriel,[Modèle industriel] TITLE: Tissue fastening instrument
US-D979760-S,Tourniquet instrument,2023-02-28,"Zimmer Surgical, Inc.",2,2023-02-28,2023,Modèle industriel,[Modèle industriel] TITLE: Tourniquet instrument
US-D708593-S,Foot pedal,2014-07-08,Abbott Medical Optics Inc.,2,2014-07-08,2014,Modèle industriel,[Modèle industriel] TITLE: Foot pedal
US-D1002856-S,Neck brace,2023-10-24,"Jiang Wang, Jiangsu Alphany Medical Devices Co., Ltd.",2,2023-10-24,2023,Modèle industriel,[Modèle industriel] TITLE: Neck brace
US-D932008-S,Stethoscope head,2021-09-28,"Wuxi Kaishun Medical Device Manufacturing Co., Ltd.",2,2021-09-28,2021,Modèle industriel,[Modèle industriel] TITLE: Stethoscope head
US-D810286-S,Suction canister mounting bracket,2018-02-13,"Gyrus Acmi, Inc.",4,2018-02-13,2018,Modèle industriel,[Modèle industriel] TITLE: Suction canister mounting bracket
US-D939364-S,Tracker,2021-12-28,"Think Surgical, Inc.",1,2021-12-28,2021,Modèle industriel,[Modèle industriel] TITLE: Tracker
US-D837979-S,Stethoscope head,2019-01-08,"Wuxi Kaishun Medical Device Manufacturing Co., Ltd.",2,2019-01-08,2019,Modèle industriel,[Modèle industriel] TITLE: Stethoscope head
US-D748807-S,Diagnostic device,2016-02-02,"Welch Allyn, Inc.",2,2016-02-02,2016,Modèle industriel,[Modèle industriel] TITLE: Diagnostic device
US-D746352-S,Camera shroud,2015-12-29,Intellijoint Surgical Inc.,2,2015-12-29,2015,Modèle industriel,[Modèle industriel] TITLE: Camera shroud
US-D979072-S,Connector,2023-02-21,"Zimmer Surgical, Inc.",1,2023-02-21,2023,Modèle industriel,[Modèle industriel] TITLE: Connector
US-D956987-S,Electrical stimulation device,2022-07-05,"Checkpoint Surgical, Inc.",3,2022-07-05,2022,Modèle industriel,[Modèle industriel] TITLE: Electrical stimulation device
US-D958348-S,Elongated guide wire for medical use,2022-07-19,Baylis Medical Company Inc.,6,2022-07-19,2022,Modèle industriel,[Modèle industriel] TITLE: Elongated guide wire for medical use
US-D680640-S,Handpiece,2013-04-23,Sound Surgical Technologies Llc,1,2013-04-23,2013,Modèle industriel,[Modèle industriel] TITLE: Handpiece
US-D629895-S,Handhold for medical instruments,2010-12-28,Carl Zeiss Surgical Gmbh,4,2010-12-28,2010,Modèle industriel,[Modèle industriel] TITLE: Handhold for medical instruments
US-D1002843-S,Neck brace,2023-10-24,"Jiang Wang, Jiangsu Alphay Medical Devices Co., Ltd.",2,2023-10-24,2023,Modèle industriel,[Modèle industriel] TITLE: Neck brace
US-D902036-S,Flip-top cap,2020-11-17,"Johnson & Johnson Surgical Vision, Inc.",2,2020-11-17,2020,Modèle industriel,[Modèle industriel] TITLE: Flip-top cap
US-D834525-S,Cable connector,2018-11-27,"Intuitive Surgical Operations, Inc.",2,2018-11-27,2018,Modèle industriel,[Modèle industriel] TITLE: Cable connector
US-D806857-S,Super-micro nebulizer,2018-01-02,"Shenzhen Lfs Medical Device Co., Ltd.",2,2018-01-02,2018,Modèle industriel,[Modèle industriel] TITLE: Super-micro nebulizer
US-D854685-S,Scalpel handle sheath,2019-07-23,"Aspen Surgical Products, Inc.",3,2019-07-23,2019,Modèle industriel,[Modèle industriel] TITLE: Scalpel handle sheath
US-D679397-S,Scalpel,2013-04-02,"Core Surgical Limited, E-Medix Limited, Richard Packard",1,2013-04-02,2013,Modèle industriel,[Modèle industriel] TITLE: Scalpel
US-D702642-S,Cable connector,2014-04-15,"Intuitive Surgical Operations, Inc.",2,2014-04-15,2014,Modèle industriel,[Modèle industriel] TITLE: Cable connector
US-D958378-S,Neck brace,2022-07-19,"Jiang Wang, Jiangsu Alphay Medical Devices Co., Ltd.",2,2022-07-19,2022,Modèle industriel,[Modèle industriel] TITLE: Neck brace
US-D1029278-S,Electrocardiograph,2024-05-28,"Wuhan United Imaging Healthcare Surgical Technology Co., Ltd.",1,2024-05-28,2024,Modèle industriel,[Modèle industriel] TITLE: Electrocardiograph
US-D1029276-S,Electrocardiograph,2024-05-28,"Wuhan United Imaging Healthcare Surgical Technology Co., Ltd.",1,2024-05-28,2024,Modèle industriel,[Modèle industriel] TITLE: Electrocardiograph
US-D657874-S,Portion of dental implants,2012-04-17,Straumann Holding Ag,4,2012-04-17,2012,Modèle industriel,[Modèle industriel] TITLE: Portion of dental implants
US-D623744-S,Orthopedic plate,2010-09-14,"Orthohelix Surgical Designs, Inc.",2,2010-09-14,2010,Modèle industriel,[Modèle industriel] TITLE: Orthopedic plate
US-D752754-S,Dental prosthesis,2016-03-29,Implant Direct Sybron International L.L.C.,2,2016-03-29,2016,Modèle industriel,[Modèle industriel] TITLE: Dental prosthesis
US-D808537-S,Thumb ring,2018-01-23,"Orthopedic Surgical Supplies, Inc.",2,2018-01-23,2018,Modèle industriel,[Modèle industriel] TITLE: Thumb ring
US-D1002002-S,Oral irrigator,2023-10-17,"Nicefeel Medical Device Technology Co., Ltd.",2,2023-10-17,2023,Modèle industriel,[Modèle industriel] TITLE: Oral irrigator
US-D623745-S,Orthopedic plate,2010-09-14,"Orthohelix Surgical Designs, Inc.",2,2010-09-14,2010,Modèle industriel,[Modèle industriel] TITLE: Orthopedic plate
US-D753302-S,Electrosurgical device with a curve,2016-04-05,Baylis Medical Company Inc.,5,2016-04-05,2016,Modèle industriel,[Modèle industriel] TITLE: Electrosurgical device with a curve
US-D723688-S,Insertion device,2015-03-03,"Biomedical Enterprises, Inc.",2,2015-03-03,2015,Modèle industriel,[Modèle industriel] TITLE: Insertion device
US-D680219-S,Curved electrosurgical device,2013-04-16,Baylis Medical Company Inc.,3,2013-04-16,2013,Modèle industriel,[Modèle industriel] TITLE: Curved electrosurgical device
US-D858768-S,Acetabular device,2019-09-03,"Surgical Device Innovations, LLC",2,2019-09-03,2019,Modèle industriel,[Modèle industriel] TITLE: Acetabular device
US-D1053923-S,Robot arm for interventional surgery,2024-12-10,"Wuhan United Imaging Surgical Co., Ltd.",5,2024-12-10,2024,Modèle industriel,[Modèle industriel] TITLE: Robot arm for interventional surgery
US-D1029272-S,Robot arm for interventional surgery,2024-05-28,"Wuhan United Imaging Healthcare Surgical Technology Co., Ltd.",5,2024-05-28,2024,Modèle industriel,[Modèle industriel] TITLE: Robot arm for interventional surgery
US-D699101-S,Carton,2014-02-11,"Welch Allyn, Inc.",1,2014-02-11,2014,Modèle industriel,[Modèle industriel] TITLE: Carton
US-D832448-S,Head and facial protective device,2018-10-30,"April Surgical Products, Llc",5,2018-10-30,2018,Modèle industriel,[Modèle industriel] TITLE: Head and facial protective device
US-D805209-S,Electrotherapy device,2017-12-12,"Smart Medical Device Co., Ltd.",2,2017-12-12,2017,Modèle industriel,[Modèle industriel] TITLE: Electrotherapy device
US-D758590-S,Switch box,2016-06-07,Baylis Medical Company Inc.,2,2016-06-07,2016,Modèle industriel,[Modèle industriel] TITLE: Switch box
US-D807148-S,Elastomeric resilient handle sleeve,2018-01-09,"Vikon Surgical, Llc",4,2018-01-09,2018,Modèle industriel,[Modèle industriel] TITLE: Elastomeric resilient handle sleeve
US-D601247-S,Tissue collection tray,2009-09-29,"Suros Surgical Systems, Inc.",3,2009-09-29,2009,Modèle industriel,[Modèle industriel] TITLE: Tissue collection tray
US-D950058-S,Common component for a jaw assembly,2022-04-26,Covidien Lp,6,2022-04-26,2022,Modèle industriel,[Modèle industriel] TITLE: Common component for a jaw assembly
US-D770829-S,Head rail for patient bed,2016-11-08,"Hill-Rom Services, Inc.",5,2016-11-08,2016,Modèle industriel,[Modèle industriel] TITLE: Head rail for patient bed
US-D925767-S,Storage rack for sterile packaging,2021-07-20,"DePuy Synthes Products, Inc.",5,2021-07-20,2021,Modèle industriel,[Modèle industriel] TITLE: Storage rack for sterile packaging
US-D769042-S,Head end siderail,2016-10-18,"Hill-Rom Services, Inc.",3,2016-10-18,2016,Modèle industriel,[Modèle industriel] TITLE: Head end siderail
US-D771259-S,Foot rail for patient bed,2016-11-08,"Hill-Rom Services, Inc.",5,2016-11-08,2016,Modèle industriel,[Modèle industriel] TITLE: Foot rail for patient bed
US-D878437-S,Helical fluted forward and reverse rotation cutting tool,2020-03-17,Peter L. Bono,8,2020-03-17,2020,Modèle industriel,[Modèle industriel] TITLE: Helical fluted forward and reverse rotation cutting tool
US-D870889-S,Cutout airway stent,2019-12-24,"Restor3D, Inc.",3,2019-12-24,2019,Modèle industriel,[Modèle industriel] TITLE: Cutout airway stent
US-D950074-S,Brace assembly,2022-04-26,R&D Surgical Ltd,2,2022-04-26,2022,Modèle industriel,[Modèle industriel] TITLE: Brace assembly
US-D770828-S,Footboard for patient bed,2016-11-08,"Hill-Rom Services, Inc.",4,2016-11-08,2016,Modèle industriel,[Modèle industriel] TITLE: Footboard for patient bed
US-D705424-S,Main console,2014-05-20,"Gyrus Acmi, Inc.",2,2014-05-20,2014,Modèle industriel,[Modèle industriel] TITLE: Main console
US-D603509-S,Cervical plate,2009-11-03,"Theken Spine, Llc",2,2009-11-03,2009,Modèle industriel,[Modèle industriel] TITLE: Cervical plate
US-D723687-S,Electrosurgical hand piece,2015-03-03,"Gyrus Acmi, Inc.",3,2015-03-03,2015,Modèle industriel,[Modèle industriel] TITLE: Electrosurgical hand piece
US-D779236-S,Mattress,2017-02-21,"Hill-Rom Services, Inc.",1,2017-02-21,2017,Modèle industriel,[Modèle industriel] TITLE: Mattress
US-D966550-S,Storage rack for sterile packaging,2022-10-11,"DePuy Synthes Products, Inc.",5,2022-10-11,2022,Modèle industriel,[Modèle industriel] TITLE: Storage rack for sterile packaging
US-D806492-S,Grip adapter for debrider blade nosecone,2018-01-02,"Gyrus Acmi, Inc.",6,2018-01-02,2018,Modèle industriel,[Modèle industriel] TITLE: Grip adapter for debrider blade nosecone
US-D1046151-S,Neurovascular stent,2024-10-08,Accumedical Beijing Ltd.,2,2024-10-08,2024,Modèle industriel,[Modèle industriel] TITLE: Neurovascular stent
US-D700324-S,Rotating electrosurgical hand piece,2014-02-25,"Gyrus Acmi, Inc.",4,2014-02-25,2014,Modèle industriel,[Modèle industriel] TITLE: Rotating electrosurgical hand piece
US-D787683-S,Cover for a probe,2017-05-23,"Welch Allyn, Inc., Kaz Usa, Inc.",4,2017-05-23,2017,Modèle industriel,[Modèle industriel] TITLE: Cover for a probe
US-D798686-S,Ergonomical trigger handle,2017-10-03,"Mohammed Ali Barakat, Roland Strelitzki, Daniel Glenn Doerr, Keith Anderson, Gary Wayne Haberland, John A. Farnella, Jr.",3,2017-10-03,2017,Modèle industriel,[Modèle industriel] TITLE: Ergonomical trigger handle
US-D621981-S,Examination light,2010-08-17,"Welch Allyn, Inc.",2,2010-08-17,2010,Modèle industriel,[Modèle industriel] TITLE: Examination light
US-D691718-S,Microdebrider,2013-10-15,"Gyrus Acmi, Inc.",1,2013-10-15,2013,Modèle industriel,[Modèle industriel] TITLE: Microdebrider
US-D711736-S,Basket,2014-08-26,"Welch Allyn, Inc.",1,2014-08-26,2014,Modèle industriel,[Modèle industriel] TITLE: Basket
US-D706128-S,Carton,2014-06-03,"Welch Allyn, Inc.",1,2014-06-03,2014,Modèle industriel,[Modèle industriel] TITLE: Carton
US-D1052087-S,Cartilage planer,2024-11-19,"Black & Black Surgical, Inc.",2,2024-11-19,2024,Modèle industriel,[Modèle industriel] TITLE: Cartilage planer
US-D677783-S,Ophthalmologic cassette,2013-03-12,Carl Zeiss Meditec Ag,2,2013-03-12,2013,Modèle industriel,[Modèle industriel] TITLE: Ophthalmologic cassette
US-D707483-S,Side rail,2014-06-24,"Hill-Rom Services, Inc.",2,2014-06-24,2014,Modèle industriel,[Modèle industriel] TITLE: Side rail
US-D844784-S,Biopsy device,2019-04-02,"Hologic, Inc.",2,2019-04-02,2019,Modèle industriel,[Modèle industriel] TITLE: Biopsy device
US-D928956-S,Scalpel,2021-08-24,"Nano 2.0 Business Press, Llc",1,2021-08-24,2021,Modèle industriel,[Modèle industriel] TITLE: Scalpel
US-D712063-S,Needle counter with detachable transfer tray with ribs,2014-08-26,Georgene Austria,8,2014-08-26,2014,Modèle industriel,[Modèle industriel] TITLE: Needle counter with detachable transfer tray with ribs
US-D712064-S,Needle counter with detachable transfer tray with unwinder,2014-08-26,Georgene Austria,8,2014-08-26,2014,Modèle industriel,[Modèle industriel] TITLE: Needle counter with detachable transfer tray with unwinder
US-D598545-S,Digital otoscope,2009-08-18,"Welch Allyn, Inc.",2,2009-08-18,2009,Modèle industriel,[Modèle industriel] TITLE: Digital otoscope
US-D748787-S,Electrosurgical cutting forceps,2016-02-02,"Gyrus Acmi, Inc.",3,2016-02-02,2016,Modèle industriel,[Modèle industriel] TITLE: Electrosurgical cutting forceps
US-D796042-S,Handle for laparoscopic surgery instrument,2017-08-29,"Adventist Health System/Sunbelt, Inc.",5,2017-08-29,2017,Modèle industriel,[Modèle industriel] TITLE: Handle for laparoscopic surgery instrument
US-D682425-S,Airway evaluator for orotracheal intubation,2013-05-14,"Unique Surgical Innovations, Llc",5,2013-05-14,2013,Modèle industriel,[Modèle industriel] TITLE: Airway evaluator for orotracheal intubation
US-D872873-S,Medical instrument,2020-01-14,Andreas Hettich Gmbh & Co. Kg,2,2020-01-14,2020,Modèle industriel,[Modèle industriel] TITLE: Medical instrument
US-D954004-S,Heel insert for a foot pedal,2022-06-07,"Johnson & Johnson Surgical Vision, Inc.",6,2022-06-07,2022,Modèle industriel,[Modèle industriel] TITLE: Heel insert for a foot pedal
US-D701100-S,Ratchet tool,2014-03-18,"Aesculap Implant Systems, Llc.",2,2014-03-18,2014,Modèle industriel,[Modèle industriel] TITLE: Ratchet tool
US-D775331-S,Hand-held antenna system,2016-12-27,Covidien Lp,3,2016-12-27,2016,Modèle industriel,[Modèle industriel] TITLE: Hand-held antenna system
US-D799054-S,Cooling pad,2017-10-03,Braincool Ab,2,2017-10-03,2017,Modèle industriel,[Modèle industriel] TITLE: Cooling pad
US-D950731-S,Implantable electrical stimulator,2022-05-03,"GiMer Medical Co., Ltd.",3,2022-05-03,2022,Modèle industriel,[Modèle industriel] TITLE: Implantable electrical stimulator
US-D690266-S,Connector interface for a cable,2013-09-24,"Intuitive Surgical Operations, Inc.",5,2013-09-24,2013,Modèle industriel,[Modèle industriel] TITLE: Connector interface for a cable
US-D723523-S,Hand-held antenna system,2015-03-03,"Rf Surgical Systems, Inc.",3,2015-03-03,2015,Modèle industriel,[Modèle industriel] TITLE: Hand-held antenna system
US-D924181-S,Remote control,2021-07-06,"Johnson & Johnson Surgical Vision, Inc.",2,2021-07-06,2021,Modèle industriel,[Modèle industriel] TITLE: Remote control
US-D788619-S,Weight measurement device,2017-06-06,"Welch Allyn, Inc.",3,2017-06-06,2017,Modèle industriel,[Modèle industriel] TITLE: Weight measurement device
US-D796672-S,Introducer with trocar,2017-09-05,Fortimedix Surgical B.V.,3,2017-09-05,2017,Modèle industriel,[Modèle industriel] TITLE: Introducer with trocar
US-D806860-S,Esophageal balloon,2018-01-02,Manual Surgical Sciences L.L.C.,2,2018-01-02,2018,Modèle industriel,[Modèle industriel] TITLE: Esophageal balloon
US-D938032-S,Support element for scalpel having a transparent universal blade fitting,2021-12-07,Nano Surgical Llc,10,2021-12-07,2021,Modèle industriel,[Modèle industriel] TITLE: Support element for scalpel having a transparent universal blade fitting
US-D765861-S,Abutment,2016-09-06,Medical Corporation It,1,2016-09-06,2016,Modèle industriel,[Modèle industriel] TITLE: Abutment
US-D997342-S,Nasal irrigator,2023-08-29,JoinTown Medical Device Group CO.Ltd.,2,2023-08-29,2023,Modèle industriel,[Modèle industriel] TITLE: Nasal irrigator
US-D878598-S,Part of a catheter manipulation device,2020-03-17,"Intuitive Surgical Operations, Inc.",6,2020-03-17,2020,Modèle industriel,[Modèle industriel] TITLE: Part of a catheter manipulation device
US-D806231-S,Esophageal balloon,2017-12-26,Manual Surgical Sciences L.L.C.,2,2017-12-26,2017,Modèle industriel,[Modèle industriel] TITLE: Esophageal balloon
US-D874656-S,Part of a catheter manipulation device,2020-02-04,"Intuitive Surgical Operations, Inc.",6,2020-02-04,2020,Modèle industriel,[Modèle industriel] TITLE: Part of a catheter manipulation device
US-D903865-S,Self-righting tip cap,2020-12-01,"International Medical Industries, Inc.",3,2020-12-01,2020,Modèle industriel,[Modèle industriel] TITLE: Self-righting tip cap
US-D910073-S,Display panel with computer icon,2021-02-09,"Osstemimplant Co, , Ltd.",5,2021-02-09,2021,Modèle industriel,[Modèle industriel] TITLE: Display panel with computer icon
US-D910700-S,Display panel with computer icon,2021-02-16,"Osstemimplant Co., Ltd.",5,2021-02-16,2021,Modèle industriel,[Modèle industriel] TITLE: Display panel with computer icon
US-D643118-S,Biopsy site marker,2011-08-09,"Hologic, Inc.",3,2011-08-09,2011,Modèle industriel,[Modèle industriel] TITLE: Biopsy site marker
US-D770827-S,Headboard for patient bed,2016-11-08,"Hill-Rom Services, Inc.",4,2016-11-08,2016,Modèle industriel,[Modèle industriel] TITLE: Headboard for patient bed
US-D809136-S,Electrical connector and irrigation connector for irrigation cord assembly,2018-01-30,Kirwan Surgical Products Llc,9,2018-01-30,2018,Modèle industriel,[Modèle industriel] TITLE: Electrical connector and irrigation connector for irrigation cord assembly
US-D683407-S,Medication label flag,2013-05-28,Georgene Austria,3,2013-05-28,2013,Modèle industriel,[Modèle industriel] TITLE: Medication label flag
US-D704333-S,Handpiece,2014-05-06,"Gyrus Acmi, Inc.",1,2014-05-06,2014,Modèle industriel,[Modèle industriel] TITLE: Handpiece
US-D704332-S,Handpiece,2014-05-06,"Gyrus Acmi, Inc.",1,2014-05-06,2014,Modèle industriel,[Modèle industriel] TITLE: Handpiece
US-D715924-S,Foot switch,2014-10-21,"Gyrus Acmi, Inc.",2,2014-10-21,2014,Modèle industriel,[Modèle industriel] TITLE: Foot switch
US-D804884-S,Footboard,2017-12-12,"Hill-Rom Services, Inc.",1,2017-12-12,2017,Modèle industriel,[Modèle industriel] TITLE: Footboard
US-D629905-S,Facet fusion wedge,2010-12-28,"Horton Kenneth L, Jeffrey Roh, Evan Zeiger",3,2010-12-28,2010,Modèle industriel,[Modèle industriel] TITLE: Facet fusion wedge
US-D607477-S,Robot arm,2010-01-05,Mako Surgical Corp.,2,2010-01-05,2010,Modèle industriel,[Modèle industriel] TITLE: Robot arm
US-D1031980-S,Anchor insertion device,2024-06-18,Medos International Sarl,3,2024-06-18,2024,Modèle industriel,[Modèle industriel] TITLE: Anchor insertion device
US-D853573-S,Health-regain device,2019-07-09,Jiang Wang,2,2019-07-09,2019,Modèle industriel,[Modèle industriel] TITLE: Health-regain device
US-D1055283-S,Nerve cutting device,2024-12-24,"Checkpoint Surgical, Inc.",3,2024-12-24,2024,Modèle industriel,[Modèle industriel] TITLE: Nerve cutting device
US-D591327-S,Medical loupe with spectacles,2009-04-28,Carl Zeiss Surgical Gmbh,4,2009-04-28,2009,Modèle industriel,[Modèle industriel] TITLE: Medical loupe with spectacles
US-D857906-S,Health-regain device,2019-08-27,Jiang Wang,2,2019-08-27,2019,Modèle industriel,[Modèle industriel] TITLE: Health-regain device
US-D572821-S,Saw,2008-07-08,"Wright Medical Technology, Inc.",1,2008-07-08,2008,Modèle industriel,[Modèle industriel] TITLE: Saw
US-D989967-S,Sensor,2023-06-20,"Zimmer Surgical, Inc.",1,2023-06-20,2023,Modèle industriel,[Modèle industriel] TITLE: Sensor
US-D843538-S,Set of power training palm paddles,2019-03-19,Gavin Lee,6,2019-03-19,2019,Modèle industriel,[Modèle industriel] TITLE: Set of power training palm paddles
US-D615651-S,Back loaded intraocular lens (IOL) cartridge,2010-05-11,Abbott Medical Optics Inc.,6,2010-05-11,2010,Modèle industriel,[Modèle industriel] TITLE: Back loaded intraocular lens (IOL) cartridge
US-D661650-S,Medical electrical connector assembly,2012-06-12,"Nuortho Surgical, Inc.",4,2012-06-12,2012,Modèle industriel,[Modèle industriel] TITLE: Medical electrical connector assembly
US-D631059-S,Computer generated interface for a touch-sensitive computer screen,2011-01-18,Carl Zeiss Surgical Gmbh,8,2011-01-18,2011,Modèle industriel,[Modèle industriel] TITLE: Computer generated interface for a touch-sensitive computer screen
US-D879949-S,Surface ornamentation for a steerable catheter handle,2020-03-31,Baylis Medical Company Inc.,7,2020-03-31,2020,Modèle industriel,[Modèle industriel] TITLE: Surface ornamentation for a steerable catheter handle
US-D712538-S,Dental driver,2014-09-02,"Megagen Implant Co., Ltd.",2,2014-09-02,2014,Modèle industriel,[Modèle industriel] TITLE: Dental driver
US-D609340-S,Vacuum device,2010-02-02,"Aragon Surgical, Inc.",2,2010-02-02,2010,Modèle industriel,[Modèle industriel] TITLE: Vacuum device
US-D876625-S,Laryngoscope,2020-02-25,"Adroit Surgical, Llc",1,2020-02-25,2020,Modèle industriel,[Modèle industriel] TITLE: Laryngoscope
US-D902579-S,Medicine administration device,2020-11-24,Changzhou Huajia Medical Device Ltd.,3,2020-11-24,2020,Modèle industriel,[Modèle industriel] TITLE: Medicine administration device
US-D998792-S,Digitizer,2023-09-12,"Think Surgical, Inc.",1,2023-09-12,2023,Modèle industriel,[Modèle industriel] TITLE: Digitizer
US-D609259-S,Accessory for a robot arm,2010-02-02,Prosurgics Limited,5,2010-02-02,2010,Modèle industriel,[Modèle industriel] TITLE: Accessory for a robot arm
US-D748272-S,Diagnostic device,2016-01-26,"Welch Allyn, Inc.",2,2016-01-26,2016,Modèle industriel,[Modèle industriel] TITLE: Diagnostic device
US-D868253-S,Macerator wire,2019-11-26,"Boston Scientific Scimed, Inc.",2,2019-11-26,2019,Modèle industriel,[Modèle industriel] TITLE: Macerator wire
US-D737918-S,Palm paddles for swimmers,2015-09-01,Gavin Lee,4,2015-09-01,2015,Modèle industriel,[Modèle industriel] TITLE: Palm paddles for swimmers
US-D773656-S,Pencil electrode holder,2016-12-06,"Newgen Surgical, Inc.",3,2016-12-06,2016,Modèle industriel,[Modèle industriel] TITLE: Pencil electrode holder
US-D960357-S,Piercing stylet with non-contacting distal tip,2022-08-09,Baylis Medical Company Inc.,6,2022-08-09,2022,Modèle industriel,[Modèle industriel] TITLE: Piercing stylet with non-contacting distal tip
US-D956978-S,Dental membrane,2022-07-05,"Megagen Implant Co., Ltd.",2,2022-07-05,2022,Modèle industriel,[Modèle industriel] TITLE: Dental membrane
US-D954259-S,Catheter handle with surface ornamentation,2022-06-07,Baylis Medical Company Inc.,5,2022-06-07,2022,Modèle industriel,[Modèle industriel] TITLE: Catheter handle with surface ornamentation
US-D730530-S,Hand cover,2015-05-26,"Global Surgical Supplies, LLC",2,2015-05-26,2015,Modèle industriel,[Modèle industriel] TITLE: Hand cover
US-D804053-S,Needle counter,2017-11-28,"Newgen Surgical, Inc.",2,2017-11-28,2017,Modèle industriel,[Modèle industriel] TITLE: Needle counter
US-D1044829-S,Display screen or portion thereof with graphical user interface,2024-10-01,Mako Surgical Corp.,9,2024-10-01,2024,Modèle industriel,[Modèle industriel] TITLE: Display screen or portion thereof with graphical user interface
US-D841173-S,Facial protective device,2019-02-19,"April Surgical Products, Llc",3,2019-02-19,2019,Modèle industriel,[Modèle industriel] TITLE: Facial protective device
US-D604753-S,Robot end effector,2009-11-24,Mako Surgical Corp.,3,2009-11-24,2009,Modèle industriel,[Modèle industriel] TITLE: Robot end effector
US-D1043964-S,Mask,2024-09-24,"China Surgical Dressings Center Co., Ltd.",1,2024-09-24,2024,Modèle industriel,[Modèle industriel] TITLE: Mask
US-D574028-S,Combined camera and illuminator housing,2008-07-29,Bosch Security Systems Bv,5,2008-07-29,2008,Modèle industriel,[Modèle industriel] TITLE: Combined camera and illuminator housing
US-D712062-S,Needle counter with detachable transfer tray,2014-08-26,Georgene Austria,6,2014-08-26,2014,Modèle industriel,[Modèle industriel] TITLE: Needle counter with detachable transfer tray
US-D690814-S,Handgrip,2013-10-01,"H & M Innovations, Llc",1,2013-10-01,2013,Modèle industriel,[Modèle industriel] TITLE: Handgrip
US-D721821-S,Needle counter,2015-01-27,"Aspen Surgical Products, Inc.",2,2015-01-27,2015,Modèle industriel,[Modèle industriel] TITLE: Needle counter
US-D767131-S,Laparoscopic visualization device,2016-09-20,Covidien Lp,3,2016-09-20,2016,Modèle industriel,[Modèle industriel] TITLE: Laparoscopic visualization device
US-D639938-S,Double-cone sphincter introducer assembly and integrated valve assembly,2011-06-14,"Erblan Surgical, Inc.",8,2011-06-14,2011,Modèle industriel,[Modèle industriel] TITLE: Double-cone sphincter introducer assembly and integrated valve assembly
US-D1021577-S,Bottle rack,2024-04-09,"Vector Surgical, Llc",2,2024-04-09,2024,Modèle industriel,[Modèle industriel] TITLE: Bottle rack
US-D635259-S,Tissue fastening instrument,2011-03-29,"Incisive Surgical, Inc.",3,2011-03-29,2011,Modèle industriel,[Modèle industriel] TITLE: Tissue fastening instrument
US-D960356-S,Piercing stylet with non-contacting distal tip,2022-08-09,Baylis Medical Company Inc.,6,2022-08-09,2022,Modèle industriel,[Modèle industriel] TITLE: Piercing stylet with non-contacting distal tip
US-D632789-S,Ophthalmoscopic module,2011-02-15,Carl Zeiss Surgical Gmbh,2,2011-02-15,2011,Modèle industriel,[Modèle industriel] TITLE: Ophthalmoscopic module
US-D896384-S,Spinal fusion cage,2020-09-15,GetSet Surgical SA,3,2020-09-15,2020,Modèle industriel,[Modèle industriel] TITLE: Spinal fusion cage
US-D768422-S,Foot end siderail,2016-10-11,"Hill-Rom Services, Inc.",3,2016-10-11,2016,Modèle industriel,[Modèle industriel] TITLE: Foot end siderail
US-D794789-S,Electrosurgical forceps,2017-08-15,Kirwan Surgical Products Llc,2,2017-08-15,2017,Modèle industriel,[Modèle industriel] TITLE: Electrosurgical forceps
US-D745963-S,Cassette for a peristaltic pump,2015-12-22,Medical Vision Ab,5,2015-12-22,2015,Modèle industriel,[Modèle industriel] TITLE: Cassette for a peristaltic pump
US-D910065-S,Display panel with computer icon,2021-02-09,"Osstemimplant Co., Ltd.",5,2021-02-09,2021,Modèle industriel,[Modèle industriel] TITLE: Display panel with computer icon
US-D812401-S,Headboard,2018-03-13,"Hill-Rom Services, Inc.",1,2018-03-13,2018,Modèle industriel,[Modèle industriel] TITLE: Headboard
US-D804883-S,Footrail,2017-12-12,"Hill-Rom Services, Inc.",1,2017-12-12,2017,Modèle industriel,[Modèle industriel] TITLE: Footrail
US-D716953-S,Cover of a probe or the like,2014-11-04,"Welch Allyn, Inc.",7,2014-11-04,2014,Modèle industriel,[Modèle industriel] TITLE: Cover of a probe or the like
US-D641885-S,Patient-monitor housing,2011-07-19,"Welch Allyn, Inc.",2,2011-07-19,2011,Modèle industriel,[Modèle industriel] TITLE: Patient-monitor housing
US-D689194-S,Medical-stand bins,2013-09-03,"Welch Allyn, Inc.",2,2013-09-03,2013,Modèle industriel,[Modèle industriel] TITLE: Medical-stand bins
US-D870888-S,Accordion airway stent,2019-12-24,"Restor3D, Inc.",3,2019-12-24,2019,Modèle industriel,[Modèle industriel] TITLE: Accordion airway stent
US-D956221-S,End effector supporting suture needles in various orientations,2022-06-28,Covidien Lp,8,2022-06-28,2022,Modèle industriel,[Modèle industriel] TITLE: End effector supporting suture needles in various orientations
US-D1002869-S,Storage rack for sterile packaging,2023-10-24,"DePuy Synthes Products, Inc.",5,2023-10-24,2023,Modèle industriel,[Modèle industriel] TITLE: Storage rack for sterile packaging
US-D804885-S,Headboard,2017-12-12,"Hill-Rom Services, Inc.",1,2017-12-12,2017,Modèle industriel,[Modèle industriel] TITLE: Headboard
US-D704842-S,Ophthalmoscope,2014-05-13,"Welch Allyn, Inc.",1,2014-05-13,2014,Modèle industriel,[Modèle industriel] TITLE: Ophthalmoscope
US-D925740-S,Spinal fusion cage,2021-07-20,GetSet Surgical SA,3,2021-07-20,2021,Modèle industriel,[Modèle industriel] TITLE: Spinal fusion cage
US-D728796-S,Elephant shaped incentive spirometer,2015-05-05,"Joshua Joseph Ebel, Melissa Anne Ebel",4,2015-05-05,2015,Modèle industriel,[Modèle industriel] TITLE: Elephant shaped incentive spirometer
US-D1046155-S,Dental screw,2024-10-08,Daniel Domingue,2,2024-10-08,2024,Modèle industriel,[Modèle industriel] TITLE: Dental screw
US-D694407-S,Dental tap,2013-11-26,Southern Implants (Pty) Ltd,2,2013-11-26,2013,Modèle industriel,[Modèle industriel] TITLE: Dental tap
US-D949341-S,Bone fixation plate,2022-04-19,Trilliant Surgical Llc,3,2022-04-19,2022,Modèle industriel,[Modèle industriel] TITLE: Bone fixation plate
US-D700323-S,Non-rotating electrosurgical hand piece,2014-02-25,"Gyrus Acmi, Inc.",4,2014-02-25,2014,Modèle industriel,[Modèle industriel] TITLE: Non-rotating electrosurgical hand piece
US-D760906-S,Key wedge,2016-07-05,"Michael Gelb, Howard Hindin",2,2016-07-05,2016,Modèle industriel,[Modèle industriel] TITLE: Key wedge
US-D721801-S,Cassette for a peristaltic pump,2015-01-27,Medical Vision Ab,5,2015-01-27,2015,Modèle industriel,[Modèle industriel] TITLE: Cassette for a peristaltic pump
US-D637019-S,Side rail for a bed,2011-05-03,"Richard H Heimbrock, Robert M Zerhusen",5,2011-05-03,2011,Modèle industriel,[Modèle industriel] TITLE: Side rail for a bed
US-D941471-S,Vibrating scalpel,2022-01-18,"Howard L Shackelford, Jr.",2,2022-01-18,2022,Modèle industriel,[Modèle industriel] TITLE: Vibrating scalpel
US-D870890-S,Spiral airway stent,2019-12-24,"Restor3D, Inc.",3,2019-12-24,2019,Modèle industriel,[Modèle industriel] TITLE: Spiral airway stent
US-D871577-S,Studded airway stent,2019-12-31,"Restor3D, Inc.",3,2019-12-31,2019,Modèle industriel,[Modèle industriel] TITLE: Studded airway stent
US-D814632-S,Staple cartridge,2018-04-03,Covidien Lp,2,2018-04-03,2018,Modèle industriel,[Modèle industriel] TITLE: Staple cartridge
US-D634846-S,Pulse-oximeter holder,2011-03-22,"Welch Allyn, Inc.",2,2011-03-22,2011,Modèle industriel,[Modèle industriel] TITLE: Pulse-oximeter holder
US-D804882-S,Headrail,2017-12-12,"Hill-Rom Services, Inc.",1,2017-12-12,2017,Modèle industriel,[Modèle industriel] TITLE: Headrail
US-D621540-S,Examination light,2010-08-10,"Welch Allyn, Inc.",2,2010-08-10,2010,Modèle industriel,[Modèle industriel] TITLE: Examination light
US-D671222-S,Module for a patient-monitor or the like,2012-11-20,"Welch Allyn, Inc.",7,2012-11-20,2012,Modèle industriel,[Modèle industriel] TITLE: Module for a patient-monitor or the like
US-D792592-S,Angled drill,2017-07-18,"Gyrus Acmi, Inc.",2,2017-07-18,2017,Modèle industriel,[Modèle industriel] TITLE: Angled drill
US-D660188-S,Thermometry probe,2012-05-22,"Welch Allyn, Inc.",2,2012-05-22,2012,Modèle industriel,[Modèle industriel] TITLE: Thermometry probe
US-D788301-S,Drill,2017-05-30,Gyrus Acmi Inc,1,2017-05-30,2017,Modèle industriel,[Modèle industriel] TITLE: Drill
US-D621539-S,Examination light,2010-08-10,"Welch Allyn, Inc.",2,2010-08-10,2010,Modèle industriel,[Modèle industriel] TITLE: Examination light
US-D599144-S,Headboard/footboard for an adjustable bed,2009-09-01,"Hill-Rom Services, Inc.",5,2009-09-01,2009,Modèle industriel,[Modèle industriel] TITLE: Headboard/footboard for an adjustable bed
US-D474279-S,Specimen processing instrument,2003-05-06,"Monogen, Inc.",3,2003-05-06,2003,Modèle industriel,[Modèle industriel] TITLE: Specimen processing instrument
US-D441076-S,Adaptor for a medical instrument,2001-04-24,"Intuitive Surgical, Inc.",5,2001-04-24,2001,Modèle industriel,[Modèle industriel] TITLE: Adaptor for a medical instrument
US-D478665-S,Disposable trigger,2003-08-19,Gyrus Ent L.L.C.,2,2003-08-19,2003,Modèle industriel,[Modèle industriel] TITLE: Disposable trigger
US-D444555-S,Interface for a medical instrument,2001-07-03,"Intuitive Surgical, Inc.",5,2001-07-03,2001,Modèle industriel,[Modèle industriel] TITLE: Interface for a medical instrument
US-D438617-S,Portion of an adaptor for a medical instrument,2001-03-06,"Intuitive Surgical, Inc.",8,2001-03-06,2001,Modèle industriel,[Modèle industriel] TITLE: Portion of an adaptor for a medical instrument
US-D441862-S,Portion of an interface for a medical instrument,2001-05-08,"Intuitive Surgical, Inc.",8,2001-05-08,2001,Modèle industriel,[Modèle industriel] TITLE: Portion of an interface for a medical instrument
US-D495807-S,Tray,2004-09-07,"Codman & Shurtleff, Inc.",1,2004-09-07,2004,Modèle industriel,[Modèle industriel] TITLE: Tray
US-D420132-S,Drill guide,2000-02-01,Surgical Navigation Technologies,2,2000-02-01,2000,Modèle industriel,[Modèle industriel] TITLE: Drill guide
US-D443360-S,Distal end of obturator for a trocar,2001-06-05,Dexterity Surgical Inc.,7,2001-06-05,2001,Modèle industriel,[Modèle industriel] TITLE: Distal end of obturator for a trocar
US-D559390-S,Mobile support structure for medical equipment,2008-01-08,"Sonosite, Inc.",6,2008-01-08,2008,Modèle industriel,[Modèle industriel] TITLE: Mobile support structure for medical equipment
US-D424693-S,Needle guide for attachment to an ultrasound transducer probe,2000-05-09,Pruter Rick L,9,2000-05-09,2000,Modèle industriel,[Modèle industriel] TITLE: Needle guide for attachment to an ultrasound transducer probe
US-D432244-S,Device for encasing an assay test strip,2000-10-17,Adeza Biomedical Corporation,7,2000-10-17,2000,Modèle industriel,[Modèle industriel] TITLE: Device for encasing an assay test strip
US-D535031-S,Vital signs monitor,2007-01-09,"Welch Allyn, Inc.",3,2007-01-09,2007,Modèle industriel,[Modèle industriel] TITLE: Vital signs monitor
US-D462766-S,Brow lift device,2002-09-10,"Coapt Systems, Inc.",3,2002-09-10,2002,Modèle industriel,[Modèle industriel] TITLE: Brow lift device
US-D435652-S,Shielded female connector,2000-12-26,"Alcon Laboratories, Inc.",3,2000-12-26,2000,Modèle industriel,[Modèle industriel] TITLE: Shielded female connector
US-D558351-S,Ultrasound display apparatus,2007-12-25,"Sonosite, Inc.",3,2007-12-25,2007,Modèle industriel,[Modèle industriel] TITLE: Ultrasound display apparatus
US-D422706-S,Biopsy guide tube,2000-04-11,Surgical Navigation Technologies,3,2000-04-11,2000,Modèle industriel,[Modèle industriel] TITLE: Biopsy guide tube
US-D520637-S,Orthopedic plate,2006-05-09,"Orthohelix Surgical Designs, Inc.",2,2006-05-09,2006,Modèle industriel,[Modèle industriel] TITLE: Orthopedic plate
US-D733295-S,Two tab suture dispensing card,2015-06-30,Surgical Specialties Corporation,5,2015-06-30,2015,Modèle industriel,[Modèle industriel] TITLE: Two tab suture dispensing card
US-D461248-S,Assembled bone implants,2002-08-06,"Regeneration Technologies, Inc.",3,2002-08-06,2002,Modèle industriel,[Modèle industriel] TITLE: Assembled bone implants
US-D532107-S,Tissue fastening instrument,2006-11-14,"Incisive Surgical, Inc.",3,2006-11-14,2006,Modèle industriel,[Modèle industriel] TITLE: Tissue fastening instrument
US-D457247-S,Cap,2002-05-14,Gen-Probe Incorporated,1,2002-05-14,2002,Modèle industriel,[Modèle industriel] TITLE: Cap
US-D536794-S,Vital signs monitor,2007-02-13,"Welch Allyn, Inc.",3,2007-02-13,2007,Modèle industriel,[Modèle industriel] TITLE: Vital signs monitor
US-D526064-S,Clamshell dental cassette,2006-08-01,"Symmetry Medical, Inc.",3,2006-08-01,2006,Modèle industriel,[Modèle industriel] TITLE: Clamshell dental cassette
US-D549831-S,Patient monitoring device,2007-08-28,"Welch Allyn, Inc.",3,2007-08-28,2007,Modèle industriel,[Modèle industriel] TITLE: Patient monitoring device
US-D420744-S,Sample vial,2000-02-15,Cytyc Corporation,2,2000-02-15,2000,Modèle industriel,[Modèle industriel] TITLE: Sample vial
US-D434153-S,Point of care analyte detector system,2000-11-21,Adeza Biomedical Corporation,6,2000-11-21,2000,Modèle industriel,[Modèle industriel] TITLE: Point of care analyte detector system
US-D517700-S,Stand for specimen collection container,2006-03-21,"Monogen, Inc.",5,2006-03-21,2006,Modèle industriel,[Modèle industriel] TITLE: Stand for specimen collection container
US-D536795-S,Vital signs monitor,2007-02-13,"Welch Allyn, Inc.",3,2007-02-13,2007,Modèle industriel,[Modèle industriel] TITLE: Vital signs monitor
US-D460559-S,Vital signs monitor,2002-07-16,"Welch Allyn, Inc.",3,2002-07-16,2002,Modèle industriel,[Modèle industriel] TITLE: Vital signs monitor
US-D516026-S,Charging cradle for a vital signs monitor,2006-02-28,"Welch Allyn, Inc.",7,2006-02-28,2006,Modèle industriel,[Modèle industriel] TITLE: Charging cradle for a vital signs monitor
US-D479070-S,Bed siderail,2003-09-02,"Hill-Rom Services, Inc.",2,2003-09-02,2003,Modèle industriel,[Modèle industriel] TITLE: Bed siderail
US-D475026-S,Hand-held remote control device,2003-05-27,"Alcon, Inc.",4,2003-05-27,2003,Modèle industriel,[Modèle industriel] TITLE: Hand-held remote control device
US-D520464-S,Illuminator switch assembly,2006-05-09,"Welch Allyn, Inc.",3,2006-05-09,2006,Modèle industriel,[Modèle industriel] TITLE: Illuminator switch assembly
US-D581566-S,Illumination assembly,2008-11-25,"Welch Allyn, Inc.",2,2008-11-25,2008,Modèle industriel,[Modèle industriel] TITLE: Illumination assembly
US-D957629-S,Fluid-taking piece for a sealed body fluid retention device,2022-07-12,"Wuxi Kaishun Medical Device Manufacturing Co., Ltd",9,2022-07-12,2022,Modèle industriel,[Modèle industriel] TITLE: Fluid-taking piece for a sealed body fluid retention device
US-D448482-S,Medical implantation instrument,2001-09-25,"Integrated Implant Systems, L.L.C.",3,2001-09-25,2001,Modèle industriel,[Modèle industriel] TITLE: Medical implantation instrument
US-D1050434-S,Transparent scalpel blade support element with universal blade fitting,2024-11-05,"Nano Surgical, LLC",9,2024-11-05,2024,Modèle industriel,[Modèle industriel] TITLE: Transparent scalpel blade support element with universal blade fitting
US-D963855-S,Electrosurgical device with a curve,2022-09-13,Boston Scientific Medical Device Limited,5,2022-09-13,2022,Modèle industriel,[Modèle industriel] TITLE: Electrosurgical device with a curve
US-D456075-S,Bottle,2002-04-23,Alcon Universal Ltd.,1,2002-04-23,2002,Modèle industriel,[Modèle industriel] TITLE: Bottle
US-D895839-S,Needle counter,2020-09-08,"Newgen Surgical, Inc",2,2020-09-08,2020,Modèle industriel,[Modèle industriel] TITLE: Needle counter
US-D508129-S,Plug,2005-08-02,"Microaire Surgical Instruments, Inc.",1,2005-08-02,2005,Modèle industriel,[Modèle industriel] TITLE: Plug
US-D546719-S,Device for sizing a human female breast,2007-07-17,Accurate Surgical & Scientific Instruments Corporation,7,2007-07-17,2007,Modèle industriel,[Modèle industriel] TITLE: Device for sizing a human female breast
US-D475457-S,Plug,2003-06-03,"Microaire Surgical Instruments, Inc.",1,2003-06-03,2003,Modèle industriel,[Modèle industriel] TITLE: Plug
US-D904607-S,Nasal retractor,2020-12-08,Obp Medical Corporation,2,2020-12-08,2020,Modèle industriel,[Modèle industriel] TITLE: Nasal retractor
US-D426882-S,Manifold for an irrigation or aspiration instrument,2000-06-20,Alergan,7,2000-06-20,2000,Modèle industriel,[Modèle industriel] TITLE: Manifold for an irrigation or aspiration instrument
US-D517694-S,Tip portion of an infusor,2006-03-21,"Erblan Surgical, Inc",5,2006-03-21,2006,Modèle industriel,[Modèle industriel] TITLE: Tip portion of an infusor
US-D490518-S,Debridement tip,2004-05-25,"Zimmer Orthopaedic Surgical Products, Inc.",2,2004-05-25,2004,Modèle industriel,[Modèle industriel] TITLE: Debridement tip
US-D511383-S,Breast retractor,2005-11-08,Accurate Surgical & Scientific Instruments Corporation,2,2005-11-08,2005,Modèle industriel,[Modèle industriel] TITLE: Breast retractor
US-D439666-S,Sternum saw blade,2001-03-27,"Microaire Surgical Instruments, Inc.",3,2001-03-27,2001,Modèle industriel,[Modèle industriel] TITLE: Sternum saw blade
US-D439878-S,Battery pack,2001-04-03,"Microaire Surgical Instruments, Inc.",2,2001-04-03,2001,Modèle industriel,[Modèle industriel] TITLE: Battery pack
US-D490517-S,Debridement tip,2004-05-25,"Zimmer Orthopaedic Surgical Products, Inc.",2,2004-05-25,2004,Modèle industriel,[Modèle industriel] TITLE: Debridement tip
US-D535400-S,Tibial mill cutter,2007-01-16,"Microaire Surgical Instruments, Llc",3,2007-01-16,2007,Modèle industriel,[Modèle industriel] TITLE: Tibial mill cutter
US-D567374-S,Electrode,2008-04-22,"Aaron Medical Industries, Inc.",1,2008-04-22,2008,Modèle industriel,[Modèle industriel] TITLE: Electrode
US-D536095-S,Femoral mill cutter,2007-01-30,"Microaire Surgical Instruments, Llc",3,2007-01-30,2007,Modèle industriel,[Modèle industriel] TITLE: Femoral mill cutter
US-D533278-S,Patient support for prone imaging and intervention table,2006-12-05,"Chris Luginbuhl, Cameron Piron, Donald B. Plewes",8,2006-12-05,2006,Modèle industriel,[Modèle industriel] TITLE: Patient support for prone imaging and intervention table
US-D546944-S,Hospital basin with protrusions,2007-07-17,C Change Surgical Llc,4,2007-07-17,2007,Modèle industriel,[Modèle industriel] TITLE: Hospital basin with protrusions
US-D419844-S,Drill with battery pack,2000-02-01,"Microaire Surgical Instruments, Inc.",4,2000-02-01,2000,Modèle industriel,[Modèle industriel] TITLE: Drill with battery pack
US-D569977-S,Patient support for prone imaging and intervention table,2008-05-27,Sentinelle Medical Inc.,8,2008-05-27,2008,Modèle industriel,[Modèle industriel] TITLE: Patient support for prone imaging and intervention table
US-D566270-S,Otoscopic tip element,2008-04-08,"Welch Allyn, Inc.",3,2008-04-08,2008,Modèle industriel,[Modèle industriel] TITLE: Otoscopic tip element
US-D459119-S,Siderail support arm,2002-06-25,"Hill-Rom Services, Inc.",3,2002-06-25,2002,Modèle industriel,[Modèle industriel] TITLE: Siderail support arm
US-D458481-S,Slats of a bed siderail,2002-06-11,"Hill-Rom Services, Inc.",5,2002-06-11,2002,Modèle industriel,[Modèle industriel] TITLE: Slats of a bed siderail
US-D453829-S,Disposable insertion tip for a body cavity irrigation device,2002-02-19,"Welch Allyn, Inc.",9,2002-02-19,2002,Modèle industriel,[Modèle industriel] TITLE: Disposable insertion tip for a body cavity irrigation device
US-D995773-S,Laryngoscope,2023-08-15,"Adroit Surgical, Llc",1,2023-08-15,2023,Modèle industriel,[Modèle industriel] TITLE: Laryngoscope
US-D946989-S,Power tool,2022-03-29,"Think Surgical, Inc.",2,2022-03-29,2022,Modèle industriel,[Modèle industriel] TITLE: Power tool
US-D553751-S,Lateral positioner,2007-10-23,White Surgical Incorporated,2,2007-10-23,2007,Modèle industriel,[Modèle industriel] TITLE: Lateral positioner
US-D436165-S,Medical suction/lavage handpiece,2001-01-09,Bristol-Myers Squibb Company,3,2001-01-09,2001,Modèle industriel,[Modèle industriel] TITLE: Medical suction/lavage handpiece
US-D518288-S,Tooth dental cassette,2006-04-04,"Symmetry Medical, Inc.",3,2006-04-04,2006,Modèle industriel,[Modèle industriel] TITLE: Tooth dental cassette
US-D470587-S,Disposable scalpel,2003-02-18,Becton Dickinson And Company,2,2003-02-18,2003,Modèle industriel,[Modèle industriel] TITLE: Disposable scalpel
US-D473649-S,Disposable scalpel,2003-04-22,Becton Dickinson And Company,2,2003-04-22,2003,Modèle industriel,[Modèle industriel] TITLE: Disposable scalpel
US-D510017-S,Clamp for tubular structures and the like,2005-09-27,Gen-Probe Incorporated,7,2005-09-27,2005,Modèle industriel,[Modèle industriel] TITLE: Clamp for tubular structures and the like
US-D502542-S,Handle,2005-03-01,Becton Dickinson And Company,1,2005-03-01,2005,Modèle industriel,[Modèle industriel] TITLE: Handle
US-D499484-S,Trocar seal-valve,2004-12-07,"Erblan Surgical, Inc.",2,2004-12-07,2004,Modèle industriel,[Modèle industriel] TITLE: Trocar seal-valve
US-D470938-S,Disposable scalpel,2003-02-25,Becton Dickinson And Company,2,2003-02-25,2003,Modèle industriel,[Modèle industriel] TITLE: Disposable scalpel
US-D448080-S,Episiotomy retractor,2001-09-18,"Innovative Surgical Design, Llc",2,2001-09-18,2001,Modèle industriel,[Modèle industriel] TITLE: Episiotomy retractor
US-D478323-S,Footswitch,2003-08-12,"Alcon, Inc.",1,2003-08-12,2003,Modèle industriel,[Modèle industriel] TITLE: Footswitch
US-D498531-S,Eye speculum,2004-11-16,Fulcrum Medical Device Limited,2,2004-11-16,2004,Modèle industriel,[Modèle industriel] TITLE: Eye speculum
US-D481129-S,Blade holder,2003-10-21,Becton Dickinson And Company,2,2003-10-21,2003,Modèle industriel,[Modèle industriel] TITLE: Blade holder
US-D475135-S,Disposable scalpel,2003-05-27,Becton Dickinson And Company,2,2003-05-27,2003,Modèle industriel,[Modèle industriel] TITLE: Disposable scalpel
US-D483124-S,Handle,2003-12-02,Becton Dickinson And Company,1,2003-12-02,2003,Modèle industriel,[Modèle industriel] TITLE: Handle
US-D745155-S,Blade disarmer,2015-12-08,"Aspen Surgical Products, Inc.",2,2015-12-08,2015,Modèle industriel,[Modèle industriel] TITLE: Blade disarmer
US-D788620-S,Weight measurement device,2017-06-06,"Welch Allyn, Inc.",3,2017-06-06,2017,Modèle industriel,[Modèle industriel] TITLE: Weight measurement device
US-D843582-S,Radiosurgery system,2019-03-19,"Zap Surgical Systems, Inc.",2,2019-03-19,2019,Modèle industriel,[Modèle industriel] TITLE: Radiosurgery system
US-D482449-S,Handle,2003-11-18,Becton Dickinson And Company,1,2003-11-18,2003,Modèle industriel,[Modèle industriel] TITLE: Handle
US-D420334-S,Switch,2000-02-08,United States Surgical Corporation,1,2000-02-08,2000,Modèle industriel,[Modèle industriel] TITLE: Switch
US-D545964-S,Combined seal and valve assembly,2007-07-03,"Erblan Surgical, Inc.",5,2007-07-03,2007,Modèle industriel,[Modèle industriel] TITLE: Combined seal and valve assembly
US-D560465-S,Elliptical snap handle assembly,2008-01-29,"Symmetry Medical, Inc.",4,2008-01-29,2008,Modèle industriel,[Modèle industriel] TITLE: Elliptical snap handle assembly
US-D518177-S,Safety trocar with progressive cutting tip guards and gas jet tissue deflector,2006-03-28,"Erblan Surgical, Inc.",12,2006-03-28,2006,Modèle industriel,[Modèle industriel] TITLE: Safety trocar with progressive cutting tip guards and gas jet tissue deflector
US-D482788-S,Blade carrier,2003-11-25,Becton Dickinson And Company,2,2003-11-25,2003,Modèle industriel,[Modèle industriel] TITLE: Blade carrier
US-D490154-S,Handle,2004-05-18,"Becton, Dickinson And Company",1,2004-05-18,2004,Modèle industriel,[Modèle industriel] TITLE: Handle
US-D482122-S,Handle,2003-11-11,Becton Dickinson And Company,1,2003-11-11,2003,Modèle industriel,[Modèle industriel] TITLE: Handle
US-D431228-S,Battery pack for a medical appliance,2000-09-26,Bristol-Myers Squibb Company,6,2000-09-26,2000,Modèle industriel,[Modèle industriel] TITLE: Battery pack for a medical appliance
US-D424199-S,Housing assembly for radiation detection,2000-05-02,United States Surgical Corporation,5,2000-05-02,2000,Modèle industriel,[Modèle industriel] TITLE: Housing assembly for radiation detection
US-D486232-S,Handle,2004-02-03,Becton Dickinson And Company,1,2004-02-03,2004,Modèle industriel,[Modèle industriel] TITLE: Handle
US-D956979-S,Dental membrane,2022-07-05,"Megagen Implant Co., Ltd.",2,2022-07-05,2022,Modèle industriel,[Modèle industriel] TITLE: Dental membrane
US-D1031033-S,Stethoscope head,2024-06-11,"Wuxi Kaishun Medical Device Manufacturing Co., Ltd.",2,2024-06-11,2024,Modèle industriel,[Modèle industriel] TITLE: Stethoscope head
US-D961325-S,Blender,2022-08-23,"Ningbo Ylaisen Medical Device Co., Ltd",1,2022-08-23,2022,Modèle industriel,[Modèle industriel] TITLE: Blender
US-D1004772-S,Auscultatory tube for stethoscope,2023-11-14,"Wuxi Kaishun Medical Device Manufacturing Co., Ltd.",4,2023-11-14,2023,Modèle industriel,[Modèle industriel] TITLE: Auscultatory tube for stethoscope
US-D983370-S,Stapler apparatus,2023-04-11,"Mv Surgical Medical Devices, Inc.",2,2023-04-11,2023,Modèle industriel,[Modèle industriel] TITLE: Stapler apparatus
US-D1038473-S,Dental dual light,2024-08-06,"Megagen Implant Co., Ltd.",3,2024-08-06,2024,Modèle industriel,[Modèle industriel] TITLE: Dental dual light
US-D1039192-S,Dental dual light,2024-08-13,"Megagen Implant Co., Ltd.",3,2024-08-13,2024,Modèle industriel,[Modèle industriel] TITLE: Dental dual light
US-D520352-S,Clamp,2006-05-09,Gen-Probe Incorporated,1,2006-05-09,2006,Modèle industriel,[Modèle industriel] TITLE: Clamp
US-D490153-S,Blade carrier,2004-05-18,Becton Dickinson And Company,2,2004-05-18,2004,Modèle industriel,[Modèle industriel] TITLE: Blade carrier
US-D610263-S,Massaging compression sleeve,2010-02-16,Medical Compression Systems (D.B.N.) Ltd.,3,2010-02-16,2010,Modèle industriel,[Modèle industriel] TITLE: Massaging compression sleeve
US-D531726-S,Insufflation needle,2006-11-07,"Erblan Surgical, Inc.",2,2006-11-07,2006,Modèle industriel,[Modèle industriel] TITLE: Insufflation needle
US-D613402-S,Eye viewing device,2010-04-06,"Welch Allyn, Inc.",3,2010-04-06,2010,Modèle industriel,[Modèle industriel] TITLE: Eye viewing device
US-D563561-S,Dental cassette,2008-03-04,"Symmetry Medical, Inc.",2,2008-03-04,2008,Modèle industriel,[Modèle industriel] TITLE: Dental cassette
US-D581531-S,Tissue retractor frame,2008-11-25,"Coopersurgical, Incorporated",3,2008-11-25,2008,Modèle industriel,[Modèle industriel] TITLE: Tissue retractor frame
US-D493887-S,Eye viewing device,2004-08-03,"Welch Allyn, Inc.",3,2004-08-03,2004,Modèle industriel,[Modèle industriel] TITLE: Eye viewing device
US-D489457-S,Handle,2004-05-04,Becton Dickinson And Company,1,2004-05-04,2004,Modèle industriel,[Modèle industriel] TITLE: Handle
US-D565928-S,Elliptical soft grip handle,2008-04-08,"Symmetry Medical, Inc.",4,2008-04-08,2008,Modèle industriel,[Modèle industriel] TITLE: Elliptical soft grip handle
US-D518289-S,Modular cylindrical dental case system,2006-04-04,"Symmetry Medical, Inc",5,2006-04-04,2006,Modèle industriel,[Modèle industriel] TITLE: Modular cylindrical dental case system
US-D519024-S,Clamp,2006-04-18,Gen-Probe Incorporated,1,2006-04-18,2006,Modèle industriel,[Modèle industriel] TITLE: Clamp
US-D483123-S,Blade carrier,2003-12-02,Becton Dickinson And Company,2,2003-12-02,2003,Modèle industriel,[Modèle industriel] TITLE: Blade carrier
US-D561338-S,Trocar and trocar actuation mechanism,2008-02-05,"Erblan Surgical, Inc.",5,2008-02-05,2008,Modèle industriel,[Modèle industriel] TITLE: Trocar and trocar actuation mechanism
US-D493528-S,Eye viewing device,2004-07-27,"Welch Allyn, Inc.",3,2004-07-27,2004,Modèle industriel,[Modèle industriel] TITLE: Eye viewing device
US-D453376-S,Body cavity irrigation syringe,2002-02-05,"Welch Allyn, Inc.",4,2002-02-05,2002,Modèle industriel,[Modèle industriel] TITLE: Body cavity irrigation syringe
US-D566838-S,Otoscopic instrument head,2008-04-15,"Welch Allyn, Inc.",3,2008-04-15,2008,Modèle industriel,[Modèle industriel] TITLE: Otoscopic instrument head
US-D465280-S,Electrosurgical instrument icon,2002-11-05,Neothermia Corporation,3,2002-11-05,2002,Modèle industriel,[Modèle industriel] TITLE: Electrosurgical instrument icon
US-D480977-S,Thermometry probe,2003-10-21,"Welch Allyn, Inc.",2,2003-10-21,2003,Modèle industriel,[Modèle industriel] TITLE: Thermometry probe
US-D529173-S,Suture needle,2006-09-26,"Depuy Mitek, Inc.",2,2006-09-26,2006,Modèle industriel,[Modèle industriel] TITLE: Suture needle
US-D535029-S,ECG front end module,2007-01-09,"Welch Allyn, Inc.",4,2007-01-09,2007,Modèle industriel,[Modèle industriel] TITLE: ECG front end module
US-D592760-S,Tilt control support,2009-05-19,"Sonosite, Inc.",3,2009-05-19,2009,Modèle industriel,[Modèle industriel] TITLE: Tilt control support
US-D568478-S,Top surface portion of a blood pressure cuff,2008-05-06,"Welch Allyn, Inc.",8,2008-05-06,2008,Modèle industriel,[Modèle industriel] TITLE: Top surface portion of a blood pressure cuff
US-D528236-S,Lamp housing,2006-09-12,"Welch Allyn, Inc.",2,2006-09-12,2006,Modèle industriel,[Modèle industriel] TITLE: Lamp housing
US-D427305-S,Vertex chamber cassette,2000-06-27,"Cole Mark S, Tom Sutton",3,2000-06-27,2000,Modèle industriel,[Modèle industriel] TITLE: Vertex chamber cassette
US-D589147-S,Bone anchor head,2009-03-24,Innovative Spinal Technologies,3,2009-03-24,2009,Modèle industriel,[Modèle industriel] TITLE: Bone anchor head
US-D447347-S,Chair,2001-09-04,"Hill-Rom Services, Inc.",1,2001-09-04,2001,Modèle industriel,[Modèle industriel] TITLE: Chair
US-D480140-S,Splittable cannula introducer,2003-09-30,Becton Dickinson And Company,3,2003-09-30,2003,Modèle industriel,[Modèle industriel] TITLE: Splittable cannula introducer
US-D575871-S,Universal port adapter for blood pressure measuring apparatus or the like,2008-08-26,"Welch Allyn, Inc.",11,2008-08-26,2008,Modèle industriel,[Modèle industriel] TITLE: Universal port adapter for blood pressure measuring apparatus or the like
US-D422640-S,Heart stethoscope tag,2000-04-11,"HA-LO Industries, Inc.",3,2000-04-11,2000,Modèle industriel,[Modèle industriel] TITLE: Heart stethoscope tag
US-D481321-S,Thermometry unit,2003-10-28,"Welch Allyn, Inc.",2,2003-10-28,2003,Modèle industriel,[Modèle industriel] TITLE: Thermometry unit
US-D1046144-S,Bone fusion/fixation device,2024-10-08,Exotoe Llc,3,2024-10-08,2024,Modèle industriel,[Modèle industriel] TITLE: Bone fusion/fixation device
US-D961079-S,Tibial protection plate,2022-08-16,Depuy Ireland Unlimited Company,3,2022-08-16,2022,Modèle industriel,[Modèle industriel] TITLE: Tibial protection plate
US-D947362-S,Inhalation device,2022-03-29,Neutec Ilac San Tic AS,2,2022-03-29,2022,Modèle industriel,[Modèle industriel] TITLE: Inhalation device
US-D457631-S,Gauge housing for a sphygmomanometer,2002-05-21,"Welch Allyn, Inc.",5,2002-05-21,2002,Modèle industriel,[Modèle industriel] TITLE: Gauge housing for a sphygmomanometer
US-D463545-S,Manifold for phaco machine,2002-09-24,"Allergan Sales, Inc.",4,2002-09-24,2002,Modèle industriel,[Modèle industriel] TITLE: Manifold for phaco machine
US-D895009-S,Knot tying teaching material,2020-09-01,Seal Ab,4,2020-09-01,2020,Modèle industriel,[Modèle industriel] TITLE: Knot tying teaching material
US-D926316-S,Suture tabs,2021-07-27,Galvani Bioelectronics Limited,2,2021-07-27,2021,Modèle industriel,[Modèle industriel] TITLE: Suture tabs
US-D462759-S,Manifold with tube fittings for Phaco machine,2002-09-10,"Allergan Sales, Inc.",7,2002-09-10,2002,Modèle industriel,[Modèle industriel] TITLE: Manifold with tube fittings for Phaco machine
US-D457632-S,Gauge housing for a sphygmomanometer,2002-05-21,"Welch Allyn, Inc.",5,2002-05-21,2002,Modèle industriel,[Modèle industriel] TITLE: Gauge housing for a sphygmomanometer
US-D535435-S,Illuminator storage system,2007-01-16,"Welch Allyn, Inc.",3,2007-01-16,2007,Modèle industriel,[Modèle industriel] TITLE: Illuminator storage system
US-D801529-S,Medical instrument for measuring electrocardiogram,2017-10-31,"Samsung Electronics Co., Ltd",5,2017-10-31,2017,Modèle industriel,[Modèle industriel] TITLE: Medical instrument for measuring electrocardiogram
US-D782675-S,Drill handle,2017-03-28,"Gyrus Acmi, Inc.",2,2017-03-28,2017,Modèle industriel,[Modèle industriel] TITLE: Drill handle
US-D773037-S,Cassette for a peristaltic pump,2016-11-29,Medical Vision Ab,5,2016-11-29,2016,Modèle industriel,[Modèle industriel] TITLE: Cassette for a peristaltic pump
US-D615650-S,Veterinary otoscopic tip element,2010-05-11,"Welch Allyn, Inc.",4,2010-05-11,2010,Modèle industriel,[Modèle industriel] TITLE: Veterinary otoscopic tip element
US-D434558-S,Intraocular lens injector holder,2000-12-05,"Allergan Sales, Inc",4,2000-12-05,2000,Modèle industriel,[Modèle industriel] TITLE: Intraocular lens injector holder
US-D463179-S,Top rail member of a bed siderail,2002-09-24,"Hill-Rom Services, Inc.",7,2002-09-24,2002,Modèle industriel,[Modèle industriel] TITLE: Top rail member of a bed siderail
US-D426953-S,Combined bottle and lens case,2000-06-27,"Allergan Sales, Inc.",5,2000-06-27,2000,Modèle industriel,[Modèle industriel] TITLE: Combined bottle and lens case
US-D557788-S,Air-flow transducer with flow resistor and pressure-compensating element,2007-12-18,"Welch Allyn, Inc.",8,2007-12-18,2007,Modèle industriel,[Modèle industriel] TITLE: Air-flow transducer with flow resistor and pressure-compensating element
US-D463380-S,Foot switch cover with integrated handle,2002-09-24,"Allergan Sales, Inc.",6,2002-09-24,2002,Modèle industriel,[Modèle industriel] TITLE: Foot switch cover with integrated handle
US-D560128-S,Rod length indicator,2008-01-22,Innovative Spinal Technologies,3,2008-01-22,2008,Modèle industriel,[Modèle industriel] TITLE: Rod length indicator
US-D453731-S,Desktop electrical charging unit for medical diagnostic instruments,2002-02-19,"Welch Allyn, Inc.",8,2002-02-19,2002,Modèle industriel,[Modèle industriel] TITLE: Desktop electrical charging unit for medical diagnostic instruments
US-D431721-S,Intraocular lens package,2000-10-10,"Allergan Sales, Inc.",3,2000-10-10,2000,Modèle industriel,[Modèle industriel] TITLE: Intraocular lens package
US-D453968-S,Operating table with and without head support,2002-02-26,Stille Surgical Ab,7,2002-02-26,2002,Modèle industriel,[Modèle industriel] TITLE: Operating table with and without head support
US-D465844-S,Threaded adapter,2002-11-19,Mark L. Anderson,2,2002-11-19,2002,Modèle industriel,[Modèle industriel] TITLE: Threaded adapter
